群馬エリア,,,,,,,,,,,,,
,施設名,実施場所名,施設住所,広さ,屋内・屋外,発注先,金額（平日）,金額（土日祝日）,通信催事可否,机貸出,椅子貸出,電源貸出,注意事項
,JAファーマーズ野田宿①,南側入口風除室,北群馬郡吉岡町上野田1050-3,長机1台分程,屋内（風除室含む）,グラスト,"25,000","25,000",要確認,要確認,要確認,要確認,
,JAファーマーズ野田宿②,北側入口風除室,北群馬郡吉岡町上野田1050-3,長机1台分程,屋内（風除室含む）,グラスト,"25,000","25,000",要確認,要確認,要確認,要確認,
,JAファーマーズ朝日町,イートインスペース,前橋市朝日町一丁目38番21号,長机2台分～,屋内（風除室含む）,グラスト,"25,000","25,000",要確認,要確認,要確認,要確認,
,JAファーマーズブレイス①,屋外軒下,太田市新田市野井町438-1,長机1～2台分程,屋外,グラスト,"10,000","10,000",要確認,要確認,要確認,要確認,
,JAファーマーズブレイス②,屋内入口付近(左側),太田市新田市野井町438-1,長机2～3台分程,屋内（風除室含む）,グラスト,"25,000","25,000",要確認,要確認,要確認,要確認,
,JAファーマーズ朝倉町,風除室,前橋市朝倉町143番地1,長机2台分程,屋内（風除室含む）,グラスト,"25,000","25,000",要確認,要確認,要確認,要確認,
,JAファーマーズ太田藪塚,屋外軒下,太田市大原町2311番地1,長机1～2台分程,屋外,グラスト,"25,000","25,000",要確認,要確認,要確認,要確認,
,JAファーマーズ富岡①,屋外軒下,富岡市富岡1878-1,長机1～2台分程,屋外,グラスト,"10,000","10,000",要確認,要確認,要確認,要確認,
,JAファーマーズ富岡②,店内or風除室,富岡市富岡1878-1,長机1～2台分程,屋内（風除室含む）,グラスト,"20,000","20,000",要確認,要確認,要確認,要確認,
,JAファーマーズ高崎吉井①,店頭軒下,高崎市吉井町片山448番地1,長机2台分～,屋外,グラスト,"25,000","25,000",要確認,要確認,要確認,要確認,イートインコーナーの場合、机・椅子使用可
,JAファーマーズ高崎吉井②,イートインスペース,高崎市吉井町片山448番地1,長机1台分～,屋内（風除室含む）,グラスト,"25,000","25,000",要確認,要確認,要確認,要確認,イートインコーナーの場合、机・椅子使用可
,JAファーマーズあがつま,イートインスペース,吾妻郡東吾妻町大字原町5116,長机2～3台程,屋内（風除室含む）,グラスト,"25,000","25,000",要確認,要確認,要確認,要確認,
,Aコープ下仁田①,屋外軒下,甘楽郡下仁田町下仁田383-3,長机1～2台分程,屋外,グラスト,"20,000","20,000",要確認,要確認,要確認,要確認,
,Aコープ下仁田②,風除室,甘楽郡下仁田町下仁田383-3,長机1～2台分程,屋内（風除室含む）,グラスト,"25,000","25,000",要確認,要確認,要確認,要確認,
,Aコープ北橘,サッカー台付近,渋川市北橘町真壁1386-1,長机1台分程,屋内（風除室含む）,グラスト,"25,000","25,000",要確認,要確認,要確認,要確認,
,Aコープハピネス①,屋外軒下,富岡市中高瀬400-1,長机1～2台分程,屋外,グラスト,"10,000","10,000",要確認,要確認,要確認,要確認,
,Aコープハピネス②,店内入口付近,富岡市中高瀬400-1,長机1～2台分程,屋内（風除室含む）,グラスト,"20,000","20,000",要確認,要確認,要確認,要確認,
,Aコープ笠懸①,屋外軒下,みどり市笠懸町鹿2916,長机1～2台分程,屋外,グラスト,"10,000","10,000",要確認,要確認,要確認,要確認,火曜日催事不可
,Aコープ笠懸②,風除室,みどり市笠懸町鹿2916,長机1台分程,屋内（風除室含む）,グラスト,"25,000","25,000",要確認,要確認,要確認,要確認,火曜日催事不可
,Aコープみやぎ,風除室,前橋市鼻毛石町198-11,長机1～2台分程,屋内（風除室含む）,グラスト,"25,000","25,000",要確認,要確認,要確認,要確認,
,Aコープ松井田,屋外軒下,安中市松井田町松井田305,長机1～2台分程,屋外,グラスト,"10,000","10,000",要確認,要確認,要確認,要確認,
,新鮮ぐんまみのり館,屋外軒下,前橋市亀里町1307-1,長机1～2台分程,屋外,グラスト,"10,000","10,000",要確認,要確認,要確認,要確認,
,蔦屋書店前橋吉岡①,店内スペース,北群馬郡吉岡町大久保見柳東877-1,長机1～2台分程,屋内（風除室含む）,グラスト,"40,000","40,000",要確認,無,無,無,
,蔦屋書店前橋吉岡②,風除室,北群馬郡吉岡町大久保見柳東877-1,長机1～2台分程,屋内（風除室含む）,グラスト,"40,000","40,000",要確認,無,無,無,
,蔦屋書店前橋吉岡③,軒下,北群馬郡吉岡町大久保見柳東877-1,長机1～2台分程,屋外,グラスト,"40,000","40,000",要確認,無,無,無,
,蔦屋書店前橋みなみモール①,店内スペース,前橋市新堀町940,長机1～2台分程,屋内（風除室含む）,グラスト,"40,000","40,000",要確認,無,無,無,
,蔦屋書店前橋みなみモール②,風除室,前橋市新堀町940,長机1～2台分程,屋内（風除室含む）,グラスト,"40,000","40,000",要確認,無,無,無,
,蔦屋書店前橋みなみモール③,軒下,前橋市新堀町940,長机1～2台分程,屋外,グラスト,"40,000","40,000",要確認,無,無,無,
,蔦屋書店伊勢崎宮子①,店内スペース,伊勢崎市宮子町3406-3,長机1～2台分程,屋内（風除室含む）,グラスト,"40,000","40,000",要確認,有,有,無,
,蔦屋書店伊勢崎宮子②,風除室,伊勢崎市宮子町3406-3,長机1～2台分程,屋内（風除室含む）,グラスト,"40,000","40,000",要確認,有,有,無,
,蔦屋書店伊勢崎宮子③,軒下,伊勢崎市宮子町3406-3,長机1～2台分程,屋外,グラスト,"40,000","40,000",要確認,有,有,無,
,蔦屋書店伊勢崎茂呂①,店内スペース,伊勢崎市南千木町2395,長机1～2台分程,屋内（風除室含む）,グラスト,"40,000","40,000",要確認,無,無,無,
,蔦屋書店伊勢崎茂呂②,風除室,伊勢崎市南千木町2395,長机1～2台分程,屋内（風除室含む）,グラスト,"40,000","40,000",要確認,無,無,無,
,蔦屋書店伊勢崎茂呂③,軒下,伊勢崎市南千木町2395,長机1～2台分程,屋外,グラスト,"40,000","40,000",要確認,無,無,無,
,蔦屋書店伊勢崎平和町①,店内スペース,伊勢崎市平和町19-1,長机1～2台分程,屋内（風除室含む）,グラスト,"40,000","40,000",要確認,無,無,無,
,蔦屋書店伊勢崎平和町②,風除室,伊勢崎市平和町19-1,長机1～2台分程,屋内（風除室含む）,グラスト,"40,000","40,000",要確認,無,無,無,
,蔦屋書店伊勢崎平和町③,軒下,伊勢崎市平和町19-1,長机1～2台分程,屋外,グラスト,"40,000","40,000",要確認,無,無,無,
,TSUTAYA渋川,屋外軒下スペース,渋川市渋川2063-22,長机1～2台分程,屋外,グラスト,"35,000","35,000",要確認,要確認,要確認,要確認,
,TSUTAYA箱田,店内スペース,前橋市箱田町416-1,長机1～2台分,屋内（風除室含む）,グラスト,"35,000","35,000",要確認,要確認,要確認,要確認,
,TSUTAYA大泉,店内スペース,邑楽郡大泉町住吉57-3,長机1～2台分,屋内（風除室含む）,グラスト,"35,000","35,000",要確認,要確認,要確認,要確認,
,TSUTAYA前橋荒牧,店内スペース,前橋市荒牧町1丁目23番地4,長机1～2台分,屋内（風除室含む）,グラスト,"35,000","35,000",要確認,要確認,要確認,要確認,
,TSUTAYABOOKSTOREアクエル前橋,店内スペース,前橋市表町2丁目30番8号アクエル前橋1F,長机1～2台分,屋内（風除室含む）,グラスト,"35,000","35,000",要確認,要確認,要確認,要確認,
,UNICUS高崎,屋外スペース,高崎市飯塚町1150-5,長机1～2台分程,屋外,グラスト,"20,000","30,000",要確認,要確認,要確認,有,
,WonderGOO富岡,店内入口入って左側,富岡市七日市1712-1,長机1台分程,屋内（風除室含む）,グラスト,"40,000","40,000",要確認,要確認,要確認,要確認,屋外でキャッチ、屋内で契約行為、備品は長机1台のみ貸出可能
,アカマル,1階カードショップ横,高崎市中尾町44-1,長机3台分程,屋内（風除室含む）,グラスト,"20,000","25,000",要確認,要確認,要確認,要確認,電源有り（※延長コードは持ち込みでお願いします）
,アクロスプラザ笠懸,屋外駐車場スペース,みどり市笠懸町阿佐美1288番1他,長机1～2台分程,屋外,場所取る,"20,000","25,000",要確認,要確認,要確認,無,
,アピタ高崎①,1階フードコート前(メイン入口付近),高崎市矢中町字渕ノ内668-1,長机1～2台分程,屋内（風除室含む）,ダイエースペース,"15,000","20,000",要確認,要確認,要確認,要確認,
,アピタ高崎②,1階正面入り口エスカレーター横和真前,高崎市矢中町字渕ノ内668-1,長机1～2台分程,屋内（風除室含む）,ダイエースペース,"15,000","20,000",要確認,要確認,要確認,要確認,
,ガーデン前橋①,1階 センターコート(エスカレーター下),前橋市小屋原町472-1,長机2～3台分程,屋内（風除室含む）,グラスト,"35,000","45,000",要確認,要確認,要確認,要確認,スーパー側でキャッチをする場合は別途賃料追加(1万/日)
,ガーデン前橋②,2階特設ステージ前,前橋市小屋原町472-1,都度確認,屋内（風除室含む）,グラスト,"25,000","35,000",要確認,要確認,要確認,要確認,スーパー側でキャッチをする場合は別途賃料追加(1万/日)
,カインズ前橋青柳,駐車場,前橋市青柳町135,長机1～2台分程,屋外,場所取る,"23,000","25,000",実施不可,,,,通信催事不可
,カインズ吾妻,店頭(屋外),吾妻郡東吾妻町大字大字原町303-1,長机1～2台分程,屋外,グラスト,"28,000","30,000",要確認,要確認,要確認,要確認,
,カインズ笠懸,店内(SC後方),みどり市笠懸町阿左美1472-1,1.5m×0.9m,屋内（風除室含む）,場所取る,"23,000","25,000",要確認,無,無,有,
,カインズ玉村,駐車場左側(正面入口),佐波郡玉村町大字上之手2054,長机1～2台分程,屋外,グラスト,"28,000","30,000",要確認,要確認,要確認,要確認,
,カインズ箕郷,駐車場,高崎市箕郷町下芝万行743-1,長机1～2台分程,屋外,グラスト,"28,000","30,000",要確認,要確認,要確認,要確認,
,カインズ赤堀①,風除室右側,伊勢崎市市場町2-372,長机1～2台分程,屋内（風除室含む）,場所取る,"23,000","25,000",要確認,無,無,有,
,カインズ赤堀②,駐車場左側(正面入口),伊勢崎市市場町2-372,長机1～2台分程,屋外,グラスト,"28,000","30,000",要確認,要確認,要確認,要確認,
,カインズ桐生梅田,駐車場,桐生市梅田町1丁目384-1,長机1～2台分程,屋外,グラスト,"28,000","30,000",要確認,要確認,要確認,要確認,
,カインズ佐波東,駐車場,伊勢崎市西小保方町156-2,長机1～2台分程,屋外,グラスト,"28,000","30,000",要確認,要確認,要確認,要確認,
,カインズ安中,サービスカウンター横,安中市中宿字石合808-1,長机1台分程,屋内（風除室含む）,グラスト,"28,000","30,000",要確認,要確認,要確認,要確認,
,カインズ邑楽,店頭(屋外),邑楽郡邑楽町大字中野3888-1,長机1～2台分程,屋外,場所取る,"25,000","25,000",要確認,無,無,有,
,カインズ大胡,店頭(屋外)右側,前橋市樋越町687,長机1～2台分程,屋外,グラスト,"28,000","30,000",要確認,要確認,要確認,要確認,
,カインズ渋川鯉沢,風除室左側,渋川市白井2143,長机1～2台分程,屋内（風除室含む）,場所取る,"23,000","25,000",要確認,無,無,有,
,カインズ吉井①,風除室,高崎市吉井町池170,長机1台分程,屋内（風除室含む）,グラスト,"28,000","30,000",要確認,要確認,要確認,要確認,
,カインズ吉井②,駐車場,高崎市吉井町池170,長机1～2台分程,屋外,グラスト,"28,000","30,000",要確認,要確認,要確認,要確認,
,カインズ沼田モール,サービスカウンター脇,沼田市久屋原町字吉野4791,1.2m×2.5m,屋内（風除室含む）,グラスト,"28,000","30,000",要確認,要確認,要確認,要確認,
,カインズ渋川有馬①,風除室,渋川市有馬字中井287,長机1～2台分程,屋内（風除室含む）,場所取る,"23,000","25,000",要確認,無,無,有,
,カインズ渋川有馬②,店頭(屋外),渋川市有馬字中井287,長机1～2台分程,屋外,グラスト,"28,000","30,000",要確認,要確認,要確認,要確認,
,カインズ沼田,駐車場,沼田市桜町1972-1,長机1～2台分程,屋外,グラスト,"28,000","30,000",要確認,要確認,要確認,要確認,
,カインズ大泉,店頭(屋外)右側,邑楽郡大泉町大字坂田1616-7,長机1～2台分程,屋外,グラスト,"28,000","30,000",要確認,要確認,要確認,要確認,
,カインズ伊勢崎,駐車場右側,伊勢崎市宮子町3200番地,長机1～2台分程,屋外,グラスト,"28,000","30,000",要確認,要確認,要確認,要確認,
,カインズ前橋川曲,店頭,前橋市川曲町513-1,長机1～2台分程,屋外,グラスト,"28,000","30,000",要確認,要確認,要確認,要確認,
,カインズ前橋小島田①,風除室,前橋市小島田町136,長机1～2台分程,屋内（風除室含む）,グラスト,"28,000","30,000",要確認,要確認,要確認,要確認,
,カインズ前橋小島田②,駐車場左側,前橋市小島田町136,長机1～2台分程,屋外,グラスト,"28,000","30,000",要確認,要確認,要確認,要確認,
,カインズスーパーセンター月夜野①,店内(ベイシア側),利根郡みなかみ町下牧482,長机1～2台分程,屋内（風除室含む）,グラスト,"28,000","30,000",要確認,要確認,要確認,要確認,
,カインズスーパーセンター月夜野②,店頭(屋外)左側,利根郡みなかみ町下牧482,長机1～2台分程,屋外,グラスト,"28,000","30,000",要確認,要確認,要確認,要確認,
,カインズ太田丸山①,店内左側,太田市丸山町1380,2m×1.5ｍ,屋内（風除室含む）,場所取る,"23,000","25,000",要確認,要確認,要確認,要確認,
,カインズ太田丸山②,店頭屋外レジ小屋前,太田市丸山町1380,長机1～2台分程,屋外,グラスト,"28,000","30,000",要確認,要確認,要確認,要確認,
,コメリハード&グリーン高崎箕郷①,屋内スペース,高崎市箕郷町上芝612番地,1.8m×1.8m～,屋内（風除室含む）,グラスト,"25,000","25,000",要確認,要確認,要確認,要確認,契約行為不可(販売カー利用時車内にて契約行為可能)
,コメリハード&グリーン高崎箕郷②,販売カー区画,高崎市箕郷町上芝612番地,駐車場1台分,屋外,グラスト,"35,000","35,000",要確認,要確認,要確認,要確認,契約行為不可(販売カー利用時車内にて契約行為可能)
,コメリハード&グリーン富岡①,屋内スペース,富岡市下高瀬201番地11,1.8m×1.8m～,屋内（風除室含む）,グラスト,"25,000","25,000",要確認,要確認,要確認,要確認,契約行為不可(販売カー利用時車内にて契約行為可能)
,コメリハード&グリーン富岡②,販売カー区画,富岡市下高瀬201番地11,駐車場1台分,屋外,グラスト,"35,000","35,000",要確認,要確認,要確認,要確認,契約行為不可(販売カー利用時車内にて契約行為可能)
,コメリパワー前橋①,屋内スペース,前橋市富田町1773の8,1.8m×1.8m～,屋内（風除室含む）,グラスト,"25,000","25,000",要確認,要確認,要確認,要確認,契約行為不可(販売カー利用時車内にて契約行為可能)
,コメリパワー前橋②,販売カー区画,前橋市富田町1773の8,駐車場1台分,屋外,グラスト,"35,000","35,000",要確認,要確認,要確認,要確認,契約行為不可(販売カー利用時車内にて契約行為可能)
,こんにゃくパーク①,屋外本館沿い区画,甘楽郡甘楽町小幡204-1,長机2～3台分程,屋外,グラスト,"30,000","40,000",要確認,要確認,要確認,要確認,屋外フーズマーケット付近区画のみ電源無し
,こんにゃくパーク②,屋外フーズマーケット付近区画,甘楽郡甘楽町小幡204-1,長机3～4台分程,屋外,グラスト,"25,000","35,000",要確認,要確認,要確認,要確認,屋外フーズマーケット付近区画のみ電源無し
,ジョイホンパーク吉岡①,1階エスカレーター脇,北群馬郡吉岡町大久保364-1,2.3m×5.5m,屋内（風除室含む）,場所取る,"48,000","118,000",要確認,要確認,要確認,有,SB・DS催事不可、8/13～16、12/28～31は土日祝価格
,ジョイホンパーク吉岡②,2階フードコート前,北群馬郡吉岡町大久保364-1,2m×6m,屋内（風除室含む）,場所取る,"48,000","118,000",要確認,要確認,要確認,有,SB・DS催事不可、8/13～16、12/28～31は土日祝価格
,ジョイホンパーク吉岡③,1階ロビー風除室脇,北群馬郡吉岡町大久保364-1,5.5m×3.5m,屋内（風除室含む）,場所取る,"48,000","118,000",要確認,要確認,要確認,有,SB・DS催事不可、8/13～16、12/28～31は土日祝価格
,ジョイフル本田新田,オートレーン横,太田市新田市野井町556-1,1.8m×9.5m,屋内（風除室含む）,場所取る,"48,000","118,000",要確認,要確認,要確認,有,8/13～16、12/28～31は土日祝価格
,ジョイフル本田千代田①,センターコート（しまむら前）,邑楽郡千代田町萱野813-1,6m×8m,屋内（風除室含む）,場所取る,"48,000","118,000",要確認,要確認,要確認,有,8/13～16、12/28～31は土日祝価格
,ジョイフル本田千代田②,フードコート前,邑楽郡千代田町萱野813-1,2m×4m,屋内（風除室含む）,場所取る,"43,000","98,000",要確認,要確認,要確認,有,
,スーパーセンターフィール,セキチュー側通路,藤岡市中栗須390,長机1～2台分程,屋内（風除室含む）,グラスト,"10,000","10,000",要確認,要確認,要確認,要確認,保険催事不可
,スマーク伊勢崎①,1Fはるなプラザ,伊勢崎市西小保方町368,68坪,屋内（風除室含む）,グラスト,"144,000","216,000",要確認,要確認,要確認,要確認,
,スマーク伊勢崎②,1Fみょうぎプラザ,伊勢崎市西小保方町368,26坪,屋内（風除室含む）,グラスト,"120,000","180,000",要確認,要確認,要確認,要確認,
,スマーク伊勢崎③,1Fあかぎプラザ,伊勢崎市西小保方町368,11坪,屋内（風除室含む）,グラスト,"120,000","180,000",要確認,要確認,要確認,要確認,
,スマーク伊勢崎④,1Fスマイルストリート(みょうぎ側),伊勢崎市西小保方町368,4.5坪,屋内（風除室含む）,グラスト,"60,000","84,000",要確認,要確認,要確認,要確認,
,スマーク伊勢崎⑤,3Fフードコート前広場中央,伊勢崎市西小保方町368,15坪,屋内（風除室含む）,グラスト,"72,000","144,000",要確認,要確認,要確認,要確認,
,スマーク伊勢崎⑥,3Fフードコート前広場(みょうぎ側),伊勢崎市西小保方町368,4坪,屋内（風除室含む）,ダイエースペース,"35,000","60,000",要確認,要確認,要確認,有,
,スマーク伊勢崎⑦,3Fフードコート前広場(あかぎ側),伊勢崎市西小保方町368,4坪,屋内（風除室含む）,ダイエースペース,"35,000","60,000",要確認,要確認,要確認,有,
,高崎高島屋①,2階シーティングスペース,高崎市旭町45番地,ー,屋内（風除室含む）,グラスト,"120,000","120,000",要確認,要確認,要確認,要確認,ドコモ催事不可
,高崎高島屋②,6階催会場とレストランの間のスペース,高崎市旭町45番地,長机3台以上,屋内（風除室含む）,グラスト,"60,000","60,000",要確認,要確認,要確認,要確認,ドコモ催事不可
,戸田書店前橋本店,店内催事場所,前橋市西片貝町4-16-7,2×2m~3×4m,屋内（風除室含む）,グラスト,"50,000","50,000",要確認,要確認,要確認,要確認,
,戸田書店桐生,店内催事場所,桐生市新宿2-5-7,2×2m~3×4m,屋内（風除室含む）,グラスト,"50,000","50,000",要確認,要確認,要確認,要確認,
,戸田書店高崎,店内催事場所,高崎市下小鳥町438-1,2×2m~3×4m,屋内（風除室含む）,グラスト,"50,000","50,000",要確認,要確認,要確認,要確認,
,メガセンタートライアル伊勢崎中央①,1階レジ奥スペース,伊勢崎市連取町1507,25.41㎡,屋内（風除室含む）,場所取る,"30,000","35,000",要確認,有,有,有,"机（最大4台）
椅子（最大5脚）"
,メガセンタートライアル伊勢崎中央②,エレベーター横スペース（1階東側メイン出入口）,伊勢崎市連取町1507,5㎡,屋内（風除室含む）,グラスト,"35,000","40,000",要確認,有,有,有,"机（最大4台）
椅子（最大5脚）"
,とりせん富士見町,風除室,館林市富士見町12-60,長机2台分程,屋内（風除室含む）,グラスト,"30,000","30,000",要確認,要確認,要確認,要確認,買取催事不可
,とりせん朝日町,屋外軒下スペース,館林市朝日町20-50,長机2台分程,屋外,グラスト,"30,000","30,000",要確認,要確認,要確認,要確認,
,とりせん城西の杜①,店内スペース,太田市城西町80-1,長机2台分程,屋内（風除室含む）,場所取る,"35,000","35,000",要確認,要確認,要確認,要確認,
,とりせん城西の杜②,屋外軒下スペース,太田市城西町80-1,長机3台分程,屋外,グラスト,"30,000","30,000",要確認,要確認,要確認,要確認,
,とりせん太田新井,屋外軒下スペース,太田市新井町377-6,長机1台分程,屋外,グラスト,"25,000","25,000",要確認,要確認,要確認,要確認,
,とりせん下田島①,レジ後方スペース,太田市下田島町1127,長机2台分程,屋内（風除室含む）,グラスト,"30,000","30,000",要確認,無,無,要確認,買取催事不可
,とりせん下田島②,屋外軒下スペース,太田市下田島町1127,長机2台分程,屋外,グラスト,"30,000","30,000",要確認,無,無,要確認,買取催事不可
,とりせん太田八幡町①,店内スペース,太田市八幡町29-13,長机1台分程,屋内（風除室含む）,グラスト,"25,000","25,000",要確認,無,無,要確認,
,とりせん太田八幡町②,屋外軒下スペース,太田市八幡町29-13,長机2台分程,屋外,グラスト,"30,000","30,000",要確認,無,無,要確認,
,とりせん大原①,イートインスペース,太田市大原町1701-2,長机1台分程,屋内（風除室含む）,グラスト,"25,000","25,000",要確認,無,無,要確認,
,とりせん大原②,屋外軒下スペース,太田市大原町1701-2,長机2台分程,屋外,グラスト,"30,000","30,000",要確認,無,無,要確認,
,とりせん東矢島,店頭軒下,太田市東矢島町194,長机2台分程,屋外,グラスト,"30,000","30,000",要確認,無,無,要確認,簡易テント必須
,とりせん大泉,屋外軒下,邑楽郡大泉町日の出53-1,長机1台分程,屋外,グラスト,"30,000","30,000",要確認,無,無,要確認,
,とりせん茂呂①,レジ前スペース,伊勢崎市茂呂町2丁目3543-4,長机1台分程,屋内（風除室含む）,グラスト,"25,000","25,000",要確認,無,無,要確認,
,とりせん茂呂②,屋外軒下スペース,伊勢崎市茂呂町2丁目3543-4,長机2台分程,屋外,グラスト,"30,000","30,000",要確認,無,無,要確認,
,とりせん平和町,屋外軒下スペース,伊勢崎市平和町19-1,長机2台分程,屋外,グラスト,"30,000","30,000",要確認,無,無,要確認,買取催事不可
,とりせん高崎倉賀野①,イートインスペース,高崎市倉賀野町2681-4,長机2台分程,屋内（風除室含む）,グラスト,"30,000","30,000",要確認,無,無,要確認,
,とりせん高崎倉賀野②,風除室,高崎市倉賀野町2681-4,長机2台分程,屋内（風除室含む）,グラスト,"30,000","30,000",要確認,無,無,要確認,
,とりせん箕郷,レジ後方サッカー台付近,高崎市箕郷町上芝240-5,長机1台分程,屋内（風除室含む）,グラスト,"25,000","25,000",要確認,無,無,要確認,SB催事不可
,とりせん群馬町①,風除室,高崎市中泉町605-13,長机1台分程,屋内（風除室含む）,グラスト,"25,000","25,000",要確認,無,無,要確認,
,とりせん群馬町②,屋外軒下スペース,高崎市中泉町605-13,長机2台分程,屋外,グラスト,"25,000","25,000",要確認,無,無,要確認,
,とりせん石原,屋外軒下スペース,高崎市片岡町2丁目10-1,長机1台分程,屋外,グラスト,"25,000","25,000",要確認,無,無,要確認,屋外スペースだと相談可能
,とりせんローズタウン①,惣菜側入り口スペース,前橋市江木町1701-1,長机2台分程,屋内（風除室含む）,グラスト,"30,000","30,000",要確認,無,無,有,
,とりせんローズタウン②,イートインスペース,前橋市江木町1701-1,長机1台分程,屋内（風除室含む）,グラスト,"25,000","25,000",要確認,無,無,有,
,とりせんローズタウン③,屋外軒下スペース,前橋市江木町1701-1,長机1台分程,屋外,グラスト,"25,000","25,000",要確認,無,無,有,
,とりせん新前橋,レジ後方スペース,前橋市小相木町409-1,長机1台分程,屋内（風除室含む）,グラスト,"25,000","25,000",要確認,無,無,要確認,
,とりせん玉村,店内入口付近,佐波郡玉村町上飯島280,長机1台分程,屋内（風除室含む）,グラスト,"25,000","25,000",要確認,無,無,要確認,
,とりせん渋川,店内スペース,渋川市行幸田63-1,長机1台分程,屋内（風除室含む）,グラスト,"25,000","25,000",要確認,無,無,要確認,
,MEGAドン・キホーテUNY伊勢崎東①,1階テナント区画No.102,伊勢崎市三室町5330番地,11.3㎡,屋内（風除室含む）,自由市場,"21,000","52,000",要確認,無,無,有,
,MEGAドン・キホーテUNY伊勢崎東②,屋内正面北口前スペース,伊勢崎市三室町5330番地,2㎡,屋内（風除室含む）,自由市場,"21,000","36,500",要確認,無,無,有,
,ドン・キホーテ高崎,レジアウトスペース,高崎市問屋町西2-4-17,3.2㎡,屋内（風除室含む）,自由市場,"21,000","31,000",要確認,無,無,有,
,ドン・キホーテ伊勢崎①,屋外店頭スペース,伊勢崎市上泉町73-3,4㎡,屋外,自由市場,"8,500","13,000",要確認,無,無,有,
,ドン・キホーテ伊勢崎②,1階中央階段横,伊勢崎市上泉町73-3,3.9m×4.2m,屋内（風除室含む）,自由市場,"21,000","31,000",要確認,無,無,有,
,ドン・キホーテ太田①,屋外プロモーションスペース,太田市飯田町1404-1,20.2㎡,屋外,自由市場,"16,000","26,000",要確認,無,無,有,
1.8m×1.5m,ドン・キホーテ太田②,屋内風除室,太田市飯田町1404-1,2.7㎡,屋内（風除室含む）,自由市場,"21,000","31,000",要確認,無,無,有,
,ドン・キホーテ太田③,屋外出入口正面右側 カーワックススペース,太田市飯田町1404-1,20.2㎡,屋外,自由市場,"8,000","12,000",要確認,無,無,有,
,MEGAドン・キホーテ桐生①,1階ESC横,桐生市永楽町5-10,3㎡,屋内（風除室含む）,自由市場,"16,000","26,000",要確認,無,無,有,
,MEGAドン・キホーテ桐生②,テナント区画《区画No.301》,桐生市永楽町5-10,15㎡,屋内（風除室含む）,グラスト,"10,000","10,000",要確認,無,無,有,
,MEGAドン・キホーテ桐生③,地下1Fエスカレーター横,桐生市永楽町5-10,1.6㎡,屋内（風除室含む）,自由市場,"21,000","31,000",要確認,無,無,有,
,ドン・キホーテUNY藤岡,1F出入口前スペース,藤岡市藤岡416-4,12㎡,屋内（風除室含む）,自由市場,"21,000","31,000",要確認,無,無,有,
,ドン・キホーテ吉岡,1F入口ワイドスペース,北群馬郡吉岡町大久保字大畑747,4.5㎡,屋内（風除室含む）,自由市場,"21,000","36,500",要確認,無,無,有,
,パワーセンターうおかつ群馬町,レジアウトスペース,高崎市棟高町123,長机1～2台分程,屋内（風除室含む）,グラスト,"13,000","13,000",要確認,要確認,要確認,要確認,
,パワーセンターうおかつ榛名,レジ前スペース,高崎市中里見町373,長机2台分程,屋内（風除室含む）,グラスト,"13,000","13,000",要確認,要確認,要確認,要確認,
,パワーセンターうおかつ吉井,イートインスペース,高崎市吉井町池52-1,長机2台分程,屋内（風除室含む）,グラスト,"13,000","13,000",要確認,要確認,要確認,要確認,
,パワーセンターうおかつ生鮮市場飯塚,店頭軒下,高崎市飯塚町397,長机1台分程,屋外,グラスト,"13,000","13,000",要確認,要確認,要確認,要確認,
,フィットネスクラブティップネス太田,店内スペース,太田市下小林町534-11,長机1～2台分程,屋内（風除室含む）,グラスト,"30,000","30,000",要確認,要確認,要確認,要確認,
,フォレストモール新前橋,屋外スペース,前橋市古市町1801,長机1～2台分程,屋外,場所取る,"20,000","35,000",要確認,無,無,有,買取催事不可
,ベイシア吾妻,食品入口店内ガラス面レジ側,吾妻郡東吾妻町原町5081,約3坪,屋内（風除室含む）,グラスト,"30,000","30,000",実施不可,,,,通信催事不可
,ベイシア吉井,食品側店内入り口自動ドアガラス面,高崎市吉井町吉井627,約3坪,屋内（風除室含む）,グラスト,"30,000","30,000",実施不可,,,,通信催事不可
,ベイシア榛名,食品側店内入り口自動ドアガラス面,高崎市中里見町字根岸79,約4坪～6坪,屋内（風除室含む）,グラスト,"30,000","30,000",実施不可,,,,通信催事不可
,ベイシア安中,食品側店内入り口自動ドアガラス面,安中市中宿2130,約3坪,屋内（風除室含む）,グラスト,"30,000","30,000",実施不可,,,,通信催事不可
,前橋リリカ①,1F フードコート催事場,前橋市国領町2-14-1,10m×7m程,屋内（風除室含む）,場所取る,"38,000","38,000",要確認,有,有,有,椅子のみ貸し出しあり
,前橋リリカ②,スーパーマーケット前,前橋市国領町2-14-1,約10坪,屋内（風除室含む）,グラスト,"40,000","40,000",要確認,有,有,有,椅子のみ貸し出しあり
,前橋リリカ③,2階スペース,前橋市国領町2-14-1,-,屋内（風除室含む）,グラスト,"25,000","25,000",要確認,有,有,有,椅子のみ貸し出しあり
,ミスターマックス倉賀野,店内イベントスペース,高崎市倉賀野町4691番地1号,約3坪,屋内（風除室含む）,グラスト,"25,800","41,500",要確認,無,無,要確認,
,群馬レジャーランド伊勢崎,屋内or屋外,伊勢崎市連取町3066-1,都度相談,屋内（風除室含む）,グラスト,"30,000","40,000",要確認,要確認,要確認,要確認,都度相談
,群馬レジャーランド高崎駅東口,2Fキッズコーナーのカウンター前,高崎市江木町333-1,長机2台分程,屋内（風除室含む）,グラスト,"30,000","40,000",要確認,要確認,要確認,要確認,
,群馬レジャーランド藤岡,屋内or屋外,藤岡市中2002-1,都度相談,屋内（風除室含む）,グラスト,"30,000","40,000",要確認,要確認,要確認,要確認,都度相談
,群馬レジャーランド太田,屋内or屋外,太田市西矢島町162-2,都度相談,屋内（風除室含む）,グラスト,"30,000","40,000",要確認,要確認,要確認,要確認,都度相談
,群馬レジャーランド渋川,屋内or屋外,渋川市八木原1364,都度相談,屋内（風除室含む）,グラスト,"30,000","40,000",要確認,要確認,要確認,要確認,都度相談
,道の駅ららん藤岡①,1Fイベント広場,藤岡市中1131-8,長机3～4台分程,屋内（風除室含む）,グラスト,"28,000","32,500",要確認,要確認,要確認,要確認,
,道の駅ららん藤岡②,2Fギャラリーラウンジ,藤岡市中1131-8,長机1～2台分程,屋内（風除室含む）,グラスト,"13,600","14,500",要確認,要確認,要確認,要確認,
,道の駅ららん藤岡③,多目的スペース,藤岡市中1131-8,長机3～4台分程,屋内（風除室含む）,グラスト,"18,000","20,000",要確認,要確認,要確認,要確認,
,高崎オーパ①,屋外イベントスペース,高崎市八島町46-1,約59㎡,屋外,楽市,"110,000","220,000",要確認,無,無,有,
,高崎オーパ②,2F 正面入口横スペース,高崎市八島町46-1,約28㎡,屋内（風除室含む）,楽市,要確認,要確認,要確認,無,無,有,
,高崎オーパ③,2F 吹き抜けエスカ横スペース,高崎市八島町46-1,約15㎡,屋内（風除室含む）,楽市,"110,000","220,000",要確認,無,無,有,
,高崎オーパ④,3F 上りエスカレーター横,高崎市八島町46-1,約24㎡,屋内（風除室含む）,楽市,"40,000","60,000",要確認,無,無,有,
,高崎オーパ⑤,1F スターバックス コーヒー横入口,高崎市八島町46-1,-,屋外,楽市,"40,000","60,000",要確認,無,無,無,
,サンモール昭和,風除室,利根郡昭和村糸井398-1,-,屋内（風除室含む）,楽市,"15,000","15,000",要確認,無,無,無,
,オリンピック太田店,1階正面出入口脇店頭,太田市浜町43-11,150cmX200cm,屋外,楽市,"23,000","28,000",要確認,有,有,有,
,ベイシアFoods Park高崎倉賀野店,都度確認,高崎市倉賀野町3100-5,-,屋内（風除室含む）,楽市,"25,000","30,000",要確認,無,無,無,
,ベイシアFoods Park太田丸山店,都度確認,太田市丸山町1260-1,-,屋内（風除室含む）,楽市,"25,000","30,000",要確認,無,無,無,
,大間々ショッピングセンターさくらもーる①,サーティーワン裏,みどり市大間々町大間々40,長机3～4本分,屋内（風除室含む）,楽市,"20,000","20,000",要確認,有,有,有,
,大間々ショッピングセンターさくらもーる②,南側入口スペース（テーブル2～３台分）,みどり市大間々町大間々40,長机2～3本分,屋内（風除室含む）,楽市,"25,000","25,000",要確認,有,有,有,
,大間々ショッピングセンターさくらもーる③,1階センターコート,みどり市大間々町大間々40,長机5本分,屋内（風除室含む）,楽市,"30,000","30,000",要確認,有,有,有,
,サンモール月夜野,店内スペース,利根郡みなかみ町月夜野４０３,長机1本分,屋内（風除室含む）,楽市,"13,000","13,000",要確認,無,無,有,
,ベイシアフードセンター前橋吉岡店,フードコート前壁面,北群馬郡吉岡町大久保821,-,屋内（風除室含む）,楽市,"25,000","30,000",要確認,無,無,無,
,ベイシア月夜野店,都度確認,利根郡みなかみ町下牧482,-,屋内（風除室含む）,楽市,"25,000","30,000",要確認,無,無,無,
,ベイシア前橋小島田店,都度確認,前橋市小島田町163-1,-,屋内（風除室含む）,楽市,"25,000","30,000",要確認,無,無,無,
,ベイシアeverywear前橋おおご店,都度確認,前橋市樋越町828,-,屋内（風除室含む）,楽市,"25,000","30,000",要確認,無,無,無,
,ベイシア前橋おおごモール店,都度確認,前橋市堀越町377,-,屋内（風除室含む）,楽市,"25,000","30,000",要確認,無,無,無,
,ベイシア吾妻店,都度確認,吾妻郡東吾妻町原町5081,-,屋内（風除室含む）,楽市,"25,000","30,000",要確認,無,無,無,
,ベイシアファッションセンター沼田モール店,都度確認,沼田市久屋原町 字吉野415,-,屋内（風除室含む）,楽市,"25,000","30,000",実施不可,,,,閉業
,ベイシア富岡店,都度確認,富岡市黒川650,-,屋内（風除室含む）,楽市,"25,000","30,000",要確認,無,無,無,
,ベイシアフードセンター富岡甘楽店,都度確認,甘楽郡甘楽町福島900,-,屋内（風除室含む）,楽市,"25,000","30,000",要確認,無,無,無,
,ベイシアファッションセンターあかぼりモール店,都度確認,伊勢崎市市場町1-1542,-,屋内（風除室含む）,楽市,"25,000","30,000",要確認,無,無,無,
,ベイシア安中店,食品側店内入り口自動ドアガラス面,安中市中宿2130,-,屋内（風除室含む）,楽市,"25,000","30,000",要確認,無,無,無,
,サンモール鍛冶町,風除室,沼田市鍛冶町３９６８−４,-,屋内（風除室含む）,楽市,"15,000","15,000",要確認,無,無,有,
,サンモール桜町,店内入口付近,沼田市桜町１９６６−２,-,屋内（風除室含む）,楽市,"15,000","15,000",要確認,無,無,有,
,京ヶ島天然温泉湯都里,都度確認,高崎市島野町890-3,-,屋内（風除室含む）,楽市,"25,000","25,000",要確認,要確認,要確認,要確認,
,ユナイテッドシネマ前橋,ロビースペース奥,前橋市文京町2-1-1 けやきウォーク前橋 2F,-,屋内（風除室含む）,楽市,"30,000","50,000",要確認,有,有,有,
,スーパービバホーム高崎,店頭軒下,高崎市大八木町622番1,長机1本分,屋外,楽市,"33,000","33,000",要確認,無,無,有,
,アゼリアモール舘林,2階西松屋付近,館林市楠町3648-1,45坪,屋内（風除室含む）,楽市,"40,000","60,000",要確認,有,有,有,
,109シネマズ高崎,催事スペース,高崎市下和田町５丁目３−８ 2階,-,屋内（風除室含む）,楽市,"60,000","80,000",実施不可,,,,閉業
,イオンモール,イオンモール太田　2階ライトオン前,太田市石原町81,要確認,屋内（風除室含む）,ダイエースペース,"80,000","120,000",要確認,,,有,
,イオンモール,イオンモール高崎　２Ｆ北エスカレーター前,高崎市棟高町1400番地,要確認,屋内（風除室含む）,ダイエースペース,"80,000","150,000",要確認,,,有,
,イオンスタイル,イオンスタイル高崎　コージーコーナー横,高崎市棟高町1400番地,要確認,屋内（風除室含む）,ダイエースペース,"31,250","50,000",要確認,,,有,
,イオンスタイル,イオンスタイル高崎　エスカレータ下 柱前　,高崎市棟高町1400番地,要確認,屋内（風除室含む）,ダイエースペース,"31,250","50,000",要確認,,,要確認,
,イオンスタイル,イオンスタイル高崎　下りエスカレータ横,高崎市棟高町1400番地,要確認,屋内（風除室含む）,ダイエースペース,"31,250","50,000",要確認,,,要確認,
,イオンスタイル,イオンスタイル高崎駅前　１Ｆエスカレータ上り口,高崎市棟高町1400番地,要確認,屋内（風除室含む）,ダイエースペース,"20,000","30,000",要確認,,,要確認,
,イオンスタイル,イオンスタイル高崎駅前　１Ｆエスカレータ横,高崎市棟高町1400番地,要確認,屋内（風除室含む）,ダイエースペース,"20,000","30,000",要確認,,,,
,けやきウォーク前橋①,1Fけやきコート,群馬県前橋市文京町2-1-1,357㎡,屋内（風除室含む）,自由市場,"100,000","200,000",要確認,,,,
,けやきウォーク前橋②,2F吹き抜け（ナムコ前）,群馬県前橋市文京町2-1-1,28.8㎡,屋内（風除室含む）,自由市場,"40,000","90,000",要確認,,,,