栃木,,,,,,,,,,,,,,,,,,,,
,施設名,実施場所名,施設住所,広さ,屋内・屋外,発注先,金額（平日）,金額（土日祝日）,通信催事可否,机貸出,椅子貸出,電源貸出,注意事項,AGでの手配実績,過去実施時代理店、店舗,AGでの過去実績（PIのみ 期間すべて）,過去トラブルなど,場所（Google Map）,その他備考,区画写真
,カスミ,カスミテクノポリス清原店,栃木県宇都宮市ゆいの杜５丁目 26番29号,イートインスペース前,屋内（風除室含む）,,,,実施可能,,,,,2025年11月～,KDDI株式会社/auショップ高輪,2025年11月　MNP15件/3日,,リンクはりつけ,, 
,カスミ,カスミ二宮店,栃木県真岡市石島812,イートインスペース,屋内（風除室含む）,,,,実施可能,,,,,,,,,,,
,カスミ,カスミ二宮店,栃木県真岡市石島813,セルフレジ付近,屋内（風除室含む）,,,,実施可能,,,,,,,,,,,
,イオンタウン,イオンタウン那須,栃木県那須郡那須町 大字高久甲字愛宕前484-1,お問い合わせください,屋内（風除室含む）,,,,実施可能,,,,,,,,,,,
,イオンタウン,イオンタウン那須塩原,那須塩原市島方455,要確認,屋内（風除室含む）,ダイエースペース,"31,000","41,000",要確認,,,,,,,,,,,
,イオン,イオンモール佐野新都市,栃木県佐野市高萩町1324-1,A通路,屋内（風除室含む）,,,,要確認,,,,,,,,,,,
,イオン,イオンモール佐野新都市,栃木県佐野市高萩町1324-1,セントラルコート,屋内（風除室含む）,,,,要確認,,,,,,,,,,,
,イオン,イオンモール佐野新都市,栃木県佐野市高萩町1324-1,セントラルコート横,屋内（風除室含む）,,,,要確認,,,,,,,,,,,
,イオン,イオンモール佐野新都市,栃木県佐野市高萩町1324-1,E通路,屋内（風除室含む）,,,,要確認,,,,,,,,,,,
,イオン,イオンモール佐野新都市,栃木県佐野市高萩町1324-1,1階グランサック前（Ｄ通路）,屋内（風除室含む）,ダイエースペース,"80,000","110,000",要確認,,,,,,,,,,,
,イオン,イオンモール佐野新都市,栃木県佐野市高萩町1324-1,B通路,屋内（風除室含む）,,,,要確認,,,,,,,,,,,
,イオン,イオンモール佐野新都市,栃木県佐野市高萩町1324-1,C通路,屋内（風除室含む）,,,,要確認,,,,,,,,,,,
,イオン,イオンモール佐野新都市,栃木県佐野市高萩町1324-1,ミルフローラ前,屋内（風除室含む）,,,,要確認,,,,,,,,,,,
,イオン,イオンモール佐野新都市,栃木県佐野市高萩町1324-1,１階正面入口,屋内（風除室含む）,ダイエースペース,"25,000","40,000",要確認,,,,,,,,,,,
,カンセキ,カンセキ栃木そのべ店,栃木県栃木市薗部町1-18-7,風除室,屋内（風除室含む）,,,,実施可能,,,,,,,,,,,
,カンセキ,カンセキ黒磯店,栃木県那須塩原市豊浦93-19,風除室,屋内（風除室含む）,,,,実施可能,,,,,,,,,,,
,カンセキ,カンセキ大田原南店,栃木県大田原市浅香1-3546-27,店頭入口前,屋外,,,,実施可能,,,,,,,,,,,
,カンセキ,カンセキ若草店,栃木県宇都宮市若草3-17-3,店頭軒下,屋外,,,,実施可能,,,,,,,,,,,
,カンセキ,カンセキ今市店,栃木県日光市今市1027-5,グリーンプレイス側風除室,屋内（風除室含む）,,,,実施可能,,,,,,,,,,,
,カンセキ,カンセキ新鹿沼店,栃木県鹿沼市万町969,店内売場スペース,屋内（風除室含む）,,,,実施可能,,,,,,,,,,,
,カンセキ,カンセキ烏山店,栃木県那須烏山市旭1-3527,レジアウト,屋内（風除室含む）,,,,実施可能,,,,,,,,,,,
,カンセキ,カンセキ雀宮店,栃木県宇都宮市茂原2-4-27,入口付近,屋内（風除室含む）,,,,実施可能,,,,,,,,,,,
,カンセキ,カンセキ茂木店,栃木県芳賀郡茂木町茂木244-2,入口付近,屋内（風除室含む）,,,,実施可能,,,,,,,,,,,
,カンセキ,カンセキ真岡店,栃木県真岡市白布ヶ丘7-8,本館側風除室,屋内（風除室含む）,,,,実施可能,,,,,,,,,,,
,カンセキ,カンセキ市貝店,栃木県芳賀郡市貝町大字赤羽3651-1,入口付近,屋内（風除室含む）,,,,実施可能,,,,,,,,,,,
,カンセキ,カンセキ氏家店,栃木県さくら市桜野967,店頭軒下,屋外,,,,実施可能,,,,,,,,,,,
,カンセキ,カンセキ高根沢店,栃木県塩谷郡高根沢町光陽台1-5-2,店内入口付近,屋内（風除室含む）,,,,実施可能,,,,,,,,,,,
,カンセキ,カンセキ栃木店,栃木県栃木市平柳町2-23-9,サービスカウンター横,屋内（風除室含む）,,,,実施可能,,,,,,,,,,,
,カンセキ,カンセキ小金井店,栃木県下野市川中子3329-85,入口付近,屋内（風除室含む）,,,,実施可能,,,,,,,,,,,
,DCM,DCM上三川店,栃木県河内郡上三川町大字上三川字愛宕4740-1,,,,,,実施不可,,,,,,,,,,,
,DCM,DCM陽東店,栃木県宇都宮市陽東8-22-10,,,,,,実施不可,,,,,,,,,,,
,DCM,DCM足利店,栃木県足利市助戸1-696-1,,,,,,実施不可,,,,,,,,,,,
,TSUTAYA,ビッグワンTSUTAYAさくら店,栃木県さくら市櫻野505,,,,,,実施不可,,,,,,,,,,,
,TSUTAYA,TSUTAYA宇都宮テクノ店,栃木県宇都宮市ゆいの杜4-1-39,,,,,,実施不可,,,,,,,,,,,
,TSUTAYA,TSUTAYA自治医大店,栃木県下野市医大前3-1-1,書籍売場,屋内（風除室含む）,,,,実施可能,,,,,,,,,,,
,TSUTAYA,TSUTAYA栃木城内店,栃木県栃木市城内町2丁目6番23号,,,,,,実施不可,,,,,,,,,,,
,TSUTAYA,TSUTAYA今市店,栃木県日光市今市1091-1,軒下スペース,屋外,,,,実施可能,,,,,,,,,,,
,TSUTAYA,TSUTAYA宇都宮南店,栃木県宇都宮市針ヶ谷町472番地7,レンタル側入り口正面,屋内（風除室含む）,,,,実施可能,,,,,,,,,,,
,TSUTAYA,TSUTAYA佐野店,栃木県佐野市田島町51番地,入口付近,屋内（風除室含む）,,,,実施可能,,,,,,,,,,,
,TSUTAYA,TSUTAYA宇都宮インターパーク店,栃木県宇都宮市インターパーク1丁目3番地3,店内スペース,屋内（風除室含む）,,,,実施可能,,,,,,,,,,,
,TSUTAYA,TSUTAYA真岡店,栃木県真岡市亀山1丁目20番4号,風除室,屋内（風除室含む）,,,,実施可能,,,,,,,,,,,
,TSUTAYA,TSUTAYA宇都宮東簗瀬店,栃木県宇都宮市東簗瀬1丁目41-3,,,,,,実施不可,,,,,,,,,,,
,TSUTAYA,TSUTAYAハートランド大田原店,栃木県大田原市若草1-711,,,,,,実施可能,,,,,,,,,,,
,TSUTAYA,TSUTAYA400号西那須野店,栃木県那須塩原市太夫塚6-232-8,,,,,,実施可能,,,,,,,,,,,
,TSUTAYA,TSUTAYA小山ロブレ店,栃木県小山市中央町3丁目7-1ロブレ小山2F,,,,,,実施可能,,,,,,,,,,,
,TSUTAYA,TSUTAYA BOOKSTOREおやまハーヴェストウォーク,栃木県小山市喜沢1475おやまゆうえんハーヴェストウォーク,,,,,,実施可能,,,,,,,,,,,
,,宇都宮西川田本町複合商業施設,栃木県宇都宮市西川田本町3-4-5,屋外スペース,屋外,,,,要確認,,,,,,,,,,,
,ダイユー,スーパーマーケットダイユー那須高原店,栃木県那須郡那須町大字高久乙2865番地1,イートインコーナー前,屋内（風除室含む）,,,,実施可能,,,,,,,,,,,
,ダイユー,スーパーマーケットダイユー那須高原店,栃木県那須郡那須町大字高久乙2865番地2,出入口横,屋内（風除室含む）,,,,実施可能,,,,,,,,,,,
,イトーヨーカドー,イトーヨーカドー宇都宮店,栃木県宇都宮市陽東6-2-1,旧喫煙所(個室・清掃済),屋内（風除室含む）,,,,要確認,,,,,,,,,,,
,イトーヨーカドー,イトーヨーカドー宇都宮店,栃木県宇都宮市陽東6-2-2,食品レジサッカー台横,屋内（風除室含む）,,,,要確認,,,,,,,,,,,
,イトーヨーカドー,イトーヨーカドー宇都宮店,栃木県宇都宮市陽東6-2-3,カリオン広場横,屋内（風除室含む）,,,,要確認,,,,,,,,,,,
,イトーヨーカドー,イトーヨーカドー宇都宮店,栃木県宇都宮市陽東6-2-4,大催事場,屋内（風除室含む）,,,,要確認,,,,,,,,,,,
,イトーヨーカドー,イトーヨーカドー宇都宮店,栃木県宇都宮市陽東6-2-5,銘店コーナー前大催事場一画,屋内（風除室含む）,,,,要確認,,,,,,,,,,,
,イトーヨーカドー,イトーヨーカドー宇都宮店,栃木県宇都宮市陽東6-2-6,ライトオン前,屋内（風除室含む）,,,,要確認,,,,,,,,,,,
,イトーヨーカドー,イトーヨーカドー宇都宮店,栃木県宇都宮市陽東6-2-7,ユニクロ前,屋内（風除室含む）,,,,要確認,,,,,,,,,,,
,イトーヨーカドー,イトーヨーカドー宇都宮店,栃木県宇都宮市陽東6-2-8,HMV前,屋内（風除室含む）,,,,要確認,,,,,,,,,,,
,VALOYAMA,VALOYAMA,栃木県小山市城山町3丁目3番地22号,エスカレータ横（マツモトキヨシ側）,屋内（風除室含む）,,,,要確認,,,,,,,,,,,
,ドン・キホーテ,大田原店/入口側買い場前スペース,栃木県大田原市加治屋83-27,11.3㎡,屋内（風除室含む）,自由市場,"21,000","31,000",要確認,,,,,,,,,,,
,ドン・キホーテ,栃木平柳店/屋外イベントスペース1,栃木県栃木市平柳町2-26-26,10㎡,屋外,自由市場,"11,000","16,000",要確認,,,,,,,,,,,
,MEGAドン・キホーテ,①宇都宮店/屋外商店側出口スペース,栃木県宇都宮市馬場通り2-3-12,2.7㎡,屋外,自由市場,"10,000","10,000",要確認,,,,SoftBank、au系NG,,,,,,,
,MEGAドン・キホーテ,②宇都宮店/1F大通り側屋内出入口スペース,栃木県宇都宮市馬場通り2-3-12,3㎡,屋内（風除室含む）,自由市場,"16,000","26,000",要確認,,,,,,,,,,,
,MEGAドン・キホーテ,③宇都宮店/屋外商店側出口スペース,栃木県宇都宮市馬場通り2-3-12,2.7㎡,屋外,自由市場,"10,000","10,000",要確認,,,,,,,,,,,
,MEGAドン・キホーテ,①黒磯店/正面入り口前ギフトスペース,栃木県那須塩原市材木町3-5,2.2㎡,屋内（風除室含む）,自由市場,"16,000","26,000",要確認,,,,,,,,,,,
,MEGAドン・キホーテ,②黒磯店/センタープラザ前,栃木県那須塩原市材木町3-5,4.8㎡,屋内（風除室含む）,自由市場,"16,000","26,000",要確認,,,,,,,,,,,
,アクロスプラザ,アクロスプラザ宝木,栃木県宇都宮市細谷町2601-6,とりせん入口付近,屋外,,,,要確認,,,,,,,,,,,
,アクロスプラザ,アクロスプラザ鹿沼,栃木県鹿沼市上殿町字百目鬼903,,,,,,要確認,,,,,,,,,,,
,アクロスプラザ,アクロスプラザ宇都宮インターパーク,栃木県宇都宮市インターパーク4-2-8-9,,,,,,要確認,,,,,,,,,,,
,,那須ガーデンアウトレット,栃木県那須塩原市塩野崎184-7,屋外スペース,屋外,,,,実施可能,,,,,,,,,,,
,,アシコタウンあしかが,栃木県足利市大月町3-2,,,,,,要確認,,,,,,,,,,,
,,豊郷台ミュゼショッピングセンター,栃木県宇都宮市豊郷台２丁目８７,エスカレーター横,屋内（風除室含む）,,,,実施可能,,,,,,,,,,,
,,フレスポインターパークⅡ,栃木県宇都宮市インターパーク4丁目8-7,,屋外,,,,要確認,,,,,,,,,,,
,,ロブレ,栃木県小山市中央町３丁目７－１,309区画,屋内（風除室含む）,,,,実施可能,,,,,,,,,,,
,,ロブレ,栃木県小山市中央町３丁目７－１,310区画,屋内（風除室含む）,,,,実施可能,,,,,,,,,,,
,,ロブレ,栃木県小山市中央町３丁目７－１,506区画,屋内（風除室含む）,,,,実施可能,,,,,,,,,,,
,,ロブレ,栃木県小山市中央町３丁目７－１,509区画,屋内（風除室含む）,,,,実施可能,,,,,,,,,,,
,,ロブレ,栃木県小山市中央町３丁目７－１,308A区画,屋内（風除室含む）,,,,実施可能,,,,,,,,,,,
,,ロブレ,栃木県小山市中央町３丁目７－１,308B区画,屋内（風除室含む）,,,,実施可能,,,,,,,,,,,
,,おやまゆうえんハーヴェストウォーク,栃木県小山市喜沢1475-34,YB棟1階(ヨークベニマル付近),屋内（風除室含む）,,,,実施可能,,,,,,,,,,,
,,おやまゆうえんハーヴェストウォーク,栃木県小山市喜沢1475-35,ハーヴェストプラザ,屋外,,,,実施可能,,,,,,,,,,,
,イオン,イオン今市店①　1F 専門店空床,栃木県日光市豊田79-1,85㎡ / 30坪,屋内（風除室含む）,スペースラボ,,,要確認,,,,都度申請※決裁の都合上、開催日の1か月前締め切り/回答まで1週間前後,,,,,,,
,イオン,イオン今市店②　1F 「カトレア」跡,栃木県日光市豊田79-1,--㎡ / 20坪,屋内（風除室含む）,スペースラボ,,,要確認,,,,都度申請※決裁の都合上、開催日の1か月前締め切り/回答まで1週間前後,,,,,,,
,イオン,イオン今市店③　1F 「錦」跡,栃木県日光市豊田79-1,--㎡ / 35坪,屋内（風除室含む）,スペースラボ,,,要確認,,,,都度申請※決裁の都合上、開催日の1か月前締め切り/回答まで1週間前後,,,,,,,
,イオン,イオン今市店④　中央エスカレーター脇（催事場側）,栃木県日光市豊田79-1,要確認,屋内（風除室含む）,ダイエースペース,"20,000","30,000",要確認,,,,都度申請※決裁の都合上、開催日の1か月前締め切り/回答まで1週間前後,,,,,,,
,イオン,イオンみぶ店①　1F 店舗駐車場隣接の土地,栃木県下都賀郡壬生町大字壬生丁字六美219,要確認,屋外,スペースラボ,,,要確認,,,,都度申請※決裁の都合上、開催日の1か月前締め切り/回答まで1週間前後,,,,,,,
,イオン,イオンみぶ店②　1F 風除室,栃木県下都賀郡壬生町大字壬生丁字六美219,4㎡ / 1坪,屋内（風除室含む）,ダイエースペース,"20,000","30,000",要確認,,,,都度申請※決裁の都合上、開催日の1か月前締め切り/回答まで1週間前後,,,,,,,
,イオンモール,イオンモール小山店①　１階南側入口マルシェ通り,栃木県小山市中久喜1467-1,要確認,屋内（風除室含む）,ダイエースペース,"40,000","70,000",要確認,,,,都度申請※決裁の都合上、開催日の1か月前締め切り/回答まで1週間前後,,,,,,,
,イオンモール,イオンモール小山店②　店内スペース①,栃木県小山市中久喜1467-1,要確認,屋内（風除室含む）,ダイエースペース,"30,000","100,000",要確認,,,,都度申請※決裁の都合上、開催日の1か月前締め切り/回答まで1週間前後,,,,,,,
,イオンモール,イオンモール小山店③　店内スペース②,栃木県小山市中久喜1467-1,要確認,屋内（風除室含む）,ダイエースペース,"30,000","80,000",要確認,,,,都度申請※決裁の都合上、開催日の1か月前締め切り/回答まで1週間前後,,,,,,,
,イオンモール,イオンモール小山店④　１階エレベーター前　催事スペース,栃木県小山市中久喜1467-1,要確認,屋内（風除室含む）,ダイエースペース,"20,000","30,000",要確認,,,,,,,,,,,
,イオン,イオン栃木店①　2F サイゼリヤ隣空床区画,栃木県栃木市箱森町37-9,--㎡ / 23坪,屋内（風除室含む）,スペースラボ,,,要確認,,,,都度申請※決裁の都合上、開催日の1か月前締め切り/回答まで1週間前後,,,,,,,
,イオン,イオン栃木店②　2F 専門店空区画,栃木県栃木市箱森町37-9,--㎡ / 34坪,,スペースラボ,,,要確認,,,,都度申請※決裁の都合上、開催日の1か月前締め切り/回答まで1週間前後,,,,,,,
,イオン,イオン栃木店③　1階　ＡＢＣマート前,栃木県栃木市箱森町37-9,要確認,屋内（風除室含む）,ダイエースペース,"22,000","38,500",要確認,,,,都度申請※決裁の都合上、開催日の1か月前締め切り/回答まで1週間前後,,,,,,,
,イオン,イオン栃木店④　1階中央階段近く、エスカレーター前,栃木県栃木市箱森町37-9,要確認,屋内（風除室含む）,ダイエースペース,"22,000","38,500",要確認,,,,都度申請※決裁の都合上、開催日の1か月前締め切り/回答まで1週間前後,,,,,,,
,イオン,ザ・ビッグエクストラ那須塩原店　中央入口風除室,那須塩原市島方455,要確認,屋内（風除室含む）,ダイエースペース,"15,000","20,000",要確認,,,,都度申請※決裁の都合上、開催日の1か月前締め切り/回答まで1週間前後,,,,,,,
,イオン,ザ・ビッグエクストラさくら店　店内スペース,さくら市櫻野1551,要確認,屋内（風除室含む）,ダイエースペース,"15,000","20,000",要確認,,,,都度申請※決裁の都合上、開催日の1か月前締め切り/回答まで1週間前後,,,,,,,
,イオンタウン,イオンタウン真岡,真岡市台町２６６８,要確認,屋内（風除室含む）,ダイエースペース,"31,000","41,000",要確認,,,,都度申請※決裁の都合上、開催日の1か月前締め切り/回答まで1週間前後,,,,,,,
,イオンタウン,イオンタウン佐野　風除室,佐野市浅沼町742,要確認,屋内（風除室含む）,ダイエースペース,"26,000","26,000",要確認,,,,都度申請※決裁の都合上、開催日の1か月前締め切り/回答まで1週間前後,,,,,,,
,イオンタウン,イオンタウンさくら　フードコート前,さくら市櫻野1551,要確認,屋内（風除室含む）,ダイエースペース,"30,000","40,000",要確認,,,,都度申請※決裁の都合上、開催日の1か月前締め切り/回答まで1週間前後,,,,,,,
,カスミ,カスミ壬生店,栃木県下都賀郡壬生町 大師町30番22号,要確認,,スペースラボ,,,要確認,,,,都度申請/回答まで3日前後,,,,,,,
,カスミ,カスミおもちゃのまち店　店頭軒下,栃木県下都賀郡壬生町 おもちゃのまち三丁目1番27号,8㎡ / 2坪,屋外,スペースラボ,,,要確認,,,,都度申請/回答まで3日前後,,,,,,,
,カスミ,カスミ上三川店,栃木県河内郡上三川町上三川4756,要確認,,スペースラボ,,,要確認,,,,都度申請/回答まで3日前後,,,,,,,
,カスミ,カスミ浅沼店,栃木県佐野市浅沼町742,要確認,,スペースラボ,,,要確認,,,,都度申請/回答まで3日前後,,,,,,,
,カスミ,カスミ鹿沼店　青果側風除室,栃木県鹿沼市栄町2丁目15-1,6㎡ / 2坪,屋内（風除室含む）,スペースラボ,,,要確認,,,,都度申請/回答まで3日前後,,,,,,,
,アピタ,①足利店/1F不二家跡地,栃木県足利市朝倉町245番地,6.4㎡,屋内（風除室含む）,自由市場,要確認,要確認,要確認,,,,都度申請/回答まで3日前後,,,,,,,
,アピタ,②足利店/1F飲食店街休憩所スペース,栃木県足利市朝倉町245番地,6.4㎡,屋内（風除室含む）,自由市場,要確認,要確認,要確認,,,,都度申請/回答まで3日前後,,,,,,,