茨城,,,,,,,,,,,,,,,,,,,,
,施設名,実施場所名,施設住所,広さ,屋内・屋外,発注先,金額（平日）,金額（土日祝日）,通信催事可否,机貸出,椅子貸出,電源貸出,注意事項,AGでの手配実績,過去実施時代理店、店舗,AGでの過去実績（PIのみ 期間すべて）,過去トラブルなど,場所（Google Map）,その他備考,区画写真
,ベイシア,ベイシア古河総和①　食品入り口ガラス面　レジ側　,古河市大堤682,約4坪,屋内（風除室含む）,グラスト,"30,000","30,000",要確認,,,,,,,,,,, 
,ベイシア,ベイシア古河総和②　食品入り口ガラス面（フードコート側）,古河市大堤682,約2坪,屋内（風除室含む）,グラスト,"30,000","30,000",要確認,,,,,,,,,,,
,ベイシア,ベイシア玉造,行方市玉造甲642-1,約3坪,屋内（風除室含む）,グラスト,"30,000","30,000",要確認,,,,ウォーターサーバー催事不可,,,,,,,
,イオンモール,イオンモールつくば①　1F イーストコート,つくば市稲岡66-1,22坪,屋内（風除室含む）,グラスト,"240,000","540,000",要確認,,,,,,,,,,,
,イオンモール,イオンモールつくば②　1F センターコート,つくば市稲岡66-1, 約54m²,屋内（風除室含む）,グラスト,"240,000","480,000",要確認,,,,,,,,,,,
,イオンモール,イオンモールつくば③　1F ウエストコート,つくば市稲岡66-1,約35m²,屋内（風除室含む）,グラスト,"180,000","360,000",要確認,,,,,,,,,,,
,イオンモール,イオンモールつくば④　イーストコート2F（イオン前）,つくば市稲岡66-1,約2坪（約8m²）,屋内（風除室含む）,ダイエースペース,"80,000","160,000",要確認,,,,,,,,,,,
,イオンモール,イオンモールつくば⑤　2F ブリッジA（アクシーズファム前）,つくば市稲岡66-1,約2坪（約8m²）,屋内（風除室含む）,グラスト,"90,000","180,000",要確認,,,,,,,,,,,
,イオンモール,イオンモールつくば⑥　2F ブリッジB（ジュエリーツツミ前）,つくば市稲岡66-1,約2坪（約8m²）,屋内（風除室含む）,グラスト,"90,000","180,000",要確認,,,,,,,,,,,
,イオンモール,イオンモールつくば⑦　2F ブリッジC（ウィゴー前）,つくば市稲岡66-1,約2坪（約8m²）,屋内（風除室含む）,グラスト,"90,000","180,000",要確認,,,,,,,,,,,
,イオンモール,イオンモールつくば⑧　2F ブリッジD（じぶんまくら前）,つくば市稲岡66-1,約2坪（約8m²）,屋内（風除室含む）,グラスト,"90,000","180,000",要確認,,,,,,,,,,,
,イオンモール,イオンモールつくば⑨　3F ブリッジA（ゲンキキッズ前）,つくば市稲岡66-1,約2坪（約8m²）,屋内（風除室含む）,グラスト,"90,000","180,000",要確認,,,,,,,,,,,
,イオンモール,イオンモールつくば⑩　3F ブリッジB（ブリーズ前）,つくば市稲岡66-1,約2坪（約8m²）,屋内（風除室含む）,グラスト,"90,000","180,000",要確認,,,,,,,,,,,
,イオンモール,イオンモールつくば⑪　3F ブリッジC（フォルムフォルマ前）,つくば市稲岡66-1,約2坪（約8m²）,屋内（風除室含む）,グラスト,"90,000","180,000",要確認,,,,,,,,,,,
,イオンモール,イオンモール下妻①　1F フォレストコート,下妻市堀籠972-1,15m×7m,屋内（風除室含む）,グラスト,"84,000","180,000",実施不可,,,,,,,,,,,
,イオンモール,イオンモール下妻②　1Fフォレストコート横(SM2前 or moa前),下妻市堀籠972-1,9.97坪,屋内（風除室含む）,グラスト,"60,000","84,000",実施不可,,,,,,,,,,,
,イオンモール,イオンモール下妻③　1F ナチュラルコート,下妻市堀籠972-1,14.88坪(49.2㎡),屋内（風除室含む）,グラスト,"60,000","120,000",実施不可,,,,,,,,,,,
,イオンモール,イオンモール下妻④　1F ナチュラルコート横GU前,下妻市堀籠972-1,5坪(16.53㎡),屋内（風除室含む）,グラスト,"60,000","84,000",実施不可,,,,,,,,,,,
,イオンモール,イオンモール下妻⑤　1F ナチュラルコート横ハニーズ前,下妻市堀籠972-1,7.36坪(24.32㎡),屋内（風除室含む）,グラスト,"60,000","84,000",実施不可,,,,,,,,,,,
,イオンモール,イオンモール下妻⑥　1F スターバックスコーヒー横,下妻市堀籠972-1,6.44坪(21.28㎡),屋内（風除室含む）,グラスト,"60,000","84,000",実施不可,,,,,,,,,,,
,イオンモール,イオンモール下妻⑦　2F 未来屋書店前ブリッジ,下妻市堀籠972-1,8m×4m,屋内（風除室含む）,グラスト,"60,000","84,000",実施不可,,,,,,,,,,,
,イオンモール,イオンモール下妻⑧　2F ライトオン前ブリッジ,下妻市堀籠972-1,8m×4m,屋内（風除室含む）,グラスト,"60,000","84,000",実施不可,,,,,,,,,,,
,イオンモール,イオンモール下妻⑨　2F 和の美おぐら前ブリッジ,下妻市堀籠972-1,8m×3m,屋内（風除室含む）,グラスト,"60,000","84,000",実施不可,,,,,,,,,,,
,イオンモール,イオンモール下妻⑩　１Ｆ　店内入口　通路前,下妻市堀籠972-1,要確認,屋内（風除室含む）,ダイエースペース,"30,000","40,000",実施不可,,,,,,,,,,,
,イオンモール,イオンモール水戸内原①　１階イオンスタイル水戸内原の区画内,水戸市内原２丁目１,要確認,屋内（風除室含む）,ダイエースペース,"33,000","55,000",要確認,,,,,,,,,,,
,イオンモール,イオンモール水戸内原② 　2階コンフォーム・イルズ前,水戸市内原２丁目１,要確認,屋内（風除室含む）,ダイエースペース,"60,000","120,000",要確認,,,,,,,,,,,
,イオンスタイル,イオンスタイル水戸下市,水戸市柳町2-11-8,1.8m×1.8m～,屋内（風除室含む）,ダイエースペース,"16,500","16,500",要確認,,,,,,,,,,,
,イオン,イオン土浦,土浦市上高津367,1.8m×1.8m～,屋内（風除室含む）,グラスト,"40,000","60,000",実施不可,,,,,,,,,,,
,イオン,イオン下妻,下妻市堀籠972-1,1.8m×1.8m～,屋内（風除室含む）,グラスト,"40,000","60,000",要確認,,,,,,,,,,,
,イオン,イオン高萩①　1F第一エントランス前,高萩市安良川231-1,3.9ｍ×6ｍ(7.1坪),屋内（風除室含む）,グラスト,"60,000","120,000",要確認,,,,,,,,,,,
,イオン,イオン高萩②　1F上りエスカレーター前,高萩市安良川231-1,(1.2坪+1.5坪),屋内（風除室含む）,ダイエースペース,"20,000","30,000",要確認,,,,,,,,,,,
,イオン,イオン高萩③　1F第4出入口前,高萩市安良川231-1,7.5ｍ×11.4ｍ(25.9坪),屋内（風除室含む）,グラスト,"60,000","120,000",要確認,,,,,,,,,,,
,イオン,イオン笠間①　１Fエスカレーター前,笠間市赤坂8,長机2台分程,屋内（風除室含む）,ダイエースペース,"15,000","20,000",実施不可,,,,椅子、長机の貸し出しは無料(事前申請必須),,,,,,,
,イオン,イオン笠間②　イートインスペース,笠間市赤坂8,長机2台分程,屋内（風除室含む）,グラスト,"20,000","22,000",実施不可,,,,椅子、長机の貸し出しは無料(事前申請必須),,,,,,,
,イオン,イオン常陸大宮①　1F正面右側,常陸大宮市下村田2387,長机1~2台程,屋内（風除室含む）,グラスト,"24,000","24,000",要確認,,,,,,,,,,,
,イオン,イオン常陸大宮②　1F四六時中前,常陸大宮市下村田2387,長机2台程,屋内（風除室含む）,グラスト,"20,000","20,000",要確認,,,,,,,,,,,
,イオン,イオン常陸大宮③　1F催事場スペース,常陸大宮市下村田2388,約22坪,屋内（風除室含む）,グラスト,"24,000","24,000",要確認,,,,,,,,,,,
,イオン,イオン東海①　1階エレベーター横,那珂郡東海村舟石川駅東4-1-1,1~2坪程,屋内（風除室含む）,ダイエースペース,"20,000","30,000",要確認,,,,,,,,,,,
,イオン,イオン東海②　1Fクリーニング横,那珂郡東海村舟石川駅東4-1-1,1~2坪程,屋内（風除室含む）,グラスト,"30,000","30,000",要確認,,,,,,,,,,,
,プレミアム・アウトレット,あみプレミアム・アウトレット,稲敷郡阿見町よしわら4-1-1,,屋外,グラスト,"360,000","600,000",要確認,,,,,,,,,,,
,TSUTAYA,蔦屋書店龍ケ崎①　店内スペース,龍ケ崎市中里2−1−2,長机1～2台程,屋内（風除室含む）,グラスト,"40,000","40,000",要確認,,,,備品貸出不可,,,,,,,
,TSUTAYA,蔦屋書店龍ケ崎②　風除室,龍ケ崎市中里2−1−2,長机1～2台程,屋内（風除室含む）,グラスト,"34,000","34,000",要確認,,,,備品貸出不可,,,,,,,
,TSUTAYA,蔦屋書店龍ケ崎③　軒下,龍ケ崎市中里2−1−2,長机1～2台程,屋外,グラスト,"31,000","31,000",要確認,,,,備品貸出不可,,,,,,,
,TSUTAYA,蔦屋書店ひたちなか①　店内スペース,ひたちなか市新光町30-4,長机1～2台程,屋内（風除室含む）,場所とる,"40,000","40,000",要確認,,,,備品貸出不可,,,,,,,
,TSUTAYA,蔦屋書店ひたちなか②　風除室,ひたちなか市新光町30-4,長机1～2台程,屋内（風除室含む）,グラスト,"46,000","46,000",要確認,,,,備品貸出不可,,,,,,,
,TSUTAYA,蔦屋書店ひたちなか②　軒下,ひたちなか市新光町30-4,長机1～2台程,屋外,グラスト,"41,000","41,000",要確認,,,,備品貸出不可,,,,,,,
,㈱Oaraiクリエイティブマネジメント,大洗シーサイドステーション①　センターコート,東茨城郡大洗町港中央11-2,20m×23m,屋内（風除室含む）,グラスト,"40,000","40,000",要確認,,,,,,,,,,,
,㈱Oaraiクリエイティブマネジメント,大洗シーサイドステーション②　中央通路,東茨城郡大洗町港中央11-2,15m×5m,屋内（風除室含む）,グラスト,"40,000","40,000",要確認,,,,,,,,,,,
,フレスポ,フレスポ赤塚①　カスミ店舗前,水戸市河和田1丁目1番地,3.99坪,屋内（風除室含む）,グラスト,"25,000","35,000",要確認,,,,電源有無確認,,,,,,,
,フレスポ,フレスポ赤塚②　マツキヨ店舗前,水戸市河和田1丁目1番地,3.99坪,屋内（風除室含む）,グラスト,"25,000","35,000",要確認,,,,電源有無確認,,,,,,,
,SEA MARK SQUARE,SEA MARK SQUARE①　1Fレストスペース( フードコート側),日立市東滑川町5丁目地内,約20㎡,屋内（風除室含む）,グラスト,"30,000","50,000",要確認,,,,,,,,,,,
,SEA MARK SQUARE,SEA MARK SQUARE②　1Fレストスペース(自動販売機側),日立市東滑川町5丁目地内,約20㎡,屋内（風除室含む）,グラスト,"30,000","50,000",要確認,,,,,,,,,,,
,SEA MARK SQUARE,SEA MARK SQUARE③　テラス,日立市東滑川町5丁目地内,約300㎡,屋内（風除室含む）,グラスト,"30,000","50,000",要確認,,,,,,,,,,,
,SEA MARK SQUARE,SEA MARK SQUARE④　2Fレストスペース,日立市東滑川町5丁目地内,約20㎡,屋内（風除室含む）,グラスト,"30,000","50,000",要確認,,,,,,,,,,,
,SEA MARK SQUARE,SEA MARK SQUARE⑤　専門店棟屋上広場,日立市東滑川町5丁目地内,約300㎡,屋内（風除室含む）,グラスト,"30,000","50,000",要確認,,,,,,,,,,,
,SEA MARK SQUARE,SEA MARK SQUARE⑥　1F広場エスカレーター側,日立市東滑川町5丁目地内,3.5m×4.5m程度,屋内（風除室含む）,場所とる,"25,000","45,000",要確認,,,,,,,,,,,
,SEA MARK SQUARE,SEA MARK SQUARE⑦　1F広場フードコート側,日立市東滑川町5丁目地内,3.5m×4.5m程度,屋内（風除室含む）,場所とる,"25,000","45,000",要確認,,,,,,,,,,,
,SEA MARK SQUARE,SEA MARK SQUARE⑧　2F東側通路,日立市東滑川町5丁目地内,3.5m×4.5m程度,屋内（風除室含む）,場所とる,"25,000","45,000",要確認,,,,,,,,,,,
,笠間ショッピングセンターポレポレシティ,笠間ショッピングセンターポレポレシティ①　サービスカウンター横催事場,笠間市赤坂8,25坪,屋内（風除室含む）,グラスト,"30,000","40,000",要確認,,,,,,,,,,,
,笠間ショッピングセンターポレポレシティ,笠間ショッピングセンターポレポレシティ②　セントラルコート(全面),笠間市赤坂8,50坪,屋内（風除室含む）,グラスト,"120,000","120,000",要確認,,,,,,,,,,,
,笠間ショッピングセンターポレポレシティ,笠間ショッピングセンターポレポレシティ③　セントラルコート(半面),笠間市赤坂8,25坪,屋内（風除室含む）,グラスト,"60,000","60,000",要確認,,,,,,,,,,,
,笠間ショッピングセンターポレポレシティ,笠間ショッピングセンターポレポレシティ④　空きテナント区画,笠間市赤坂8,約11坪,屋内（風除室含む）,グラスト,"30,000","40,000",要確認,,,,,,,,,,,
,ピアシティ,ピアシティ石岡①　セイジョー店舗前(電源有り),石岡市石岡２２２２－２,13.22㎡（4坪）,屋内（風除室含む）,グラスト,"25,000","35,000",要確認,,,,,,,,,,,
,ピアシティ,ピアシティ石岡②　セイジョー店舗前(電源無し)①,石岡市石岡２２２２－２,13.22㎡（3.99坪）,屋内（風除室含む）,グラスト,"25,000","35,000",要確認,,,,,,,,,,,
,ピアシティ,ピアシティ石岡③　セイジョー店舗前(電源無し)②,石岡市石岡２２２２－２,13.22㎡（4坪）,屋内（風除室含む）,グラスト,"25,000","35,000",要確認,,,,,,,,,,,
,ピアシティ,ピアシティみらい平①　ウエルシア店舗前,つくばみらい市陽光台1-14-1,13.22㎡（4坪）,屋内（風除室含む）,場所とる,"10,000","110,000",要確認,,,,,,,,,,,
,ピアシティ,ピアシティみらい平②　コイン精米機横,つくばみらい市陽光台1-14-1,16.53㎡（5坪）,屋内（風除室含む）,場所とる,"10,000","110,000",要確認,,,,,,,,,,,
,ヨークタウン,ヨークタウン坂東①　マクドナルド前,坂東市辺田字原新１１０４-１,29.75㎡（8.99坪）,屋内（風除室含む）,グラスト,"25,000","35,000",要確認,,,,,,,,,,,
,ヨークタウン,ヨークタウン坂東②　もみの木　下,坂東市辺田字原新１１０４-１,24.79㎡（7.49坪）,屋内（風除室含む）,グラスト,"25,000","35,000",要確認,,,,,,,,,,,
,ヨークタウン,ヨークタウン坂東③　TSUTAYA前駐車場①,坂東市辺田字原新１１０４-１,13.22㎡（4坪）,屋内（風除室含む）,グラスト,"25,000","35,000",要確認,,,,,,,,,,,
,ヨークタウン,ヨークタウン坂東④　TSUTAYA前駐車場②,坂東市辺田字原新１１０４-１,13.22㎡（4坪）,屋内（風除室含む）,グラスト,"25,000","35,000",要確認,,,,,,,,,,,
,Bivi,BiViつくば①　2Fイベントスペース,つくば市吾妻１丁目８－１０,49.59㎡（15坪）,屋内（風除室含む）,場所とる,"23,000","40,000",要確認,,,,,,,,,,,
,Bivi,BiViつくば②　2F共用廊下,つくば市吾妻１丁目８－１０,16.53㎡（5坪）,屋内（風除室含む）,場所とる,"23,000","40,000",要確認,,,,,,,,,,,
,Bivi,BiViつくば③　2F半屋外スペース,つくば市吾妻１丁目８－１０,49.59㎡（15坪）,屋内（風除室含む）,場所とる,"23,000","40,000",要確認,,,,,,,,,,,
,マーケットシティ,マーケットシティ古河①　駐車場内①,古河市松並2丁目18-10,14.87㎡（4.5坪）,屋内（風除室含む）,グラスト,"25,000","35,000",要確認,,,,,,,,,,,
,マーケットシティ,マーケットシティ古河②　駐車場内②,古河市松並2丁目18-10,49.59㎡（15坪）,屋内（風除室含む）,グラスト,"25,000","35,000",要確認,,,,,,,,,,,
,パワードラッグ,パワードラッグ滑川,日立市滑川本町5丁目3番35号,長机1台分程,屋内（風除室含む）,グラスト,"20,000","20,000",要確認,,,,,,,,,,,
,パワードラッグ,パワードラッグ森山,日立市森山町5丁目1番1号,長机1台分程,屋内（風除室含む）,グラスト,"20,000","20,000",要確認,,,,,,,,,,,
,パワードラッグ,パワードラッグ那珂,那珂市菅谷字千本杉600-1,長机1台分程,屋内（風除室含む）,グラスト,"20,000","20,000",要確認,,,,,,,,,,,
,Big-A,Big-A取手青柳,取手市青柳1-1-46,長机1～2台程,屋外,グラスト,"25,000","25,000",要確認,,,,,,,,,,,
,Big-A,Big-A取手白山,取手市白山5-13-3,長机1～2台程,屋外,グラスト,"25,000","25,000",要確認,,,,,,,,,,,
,Big-A,Big-A北守谷,守谷市薬師台1-1-1,長机1～2台程,屋外,グラスト,"25,000","25,000",要確認,,,,,,,,,,,
,あみプレミアムアウトレット,あみプレミアムアウトレット,阿見町よしわら4丁目1-1,要確認,屋外,場所とる,"308,000","508,000",要確認,,,,,,,,,,,
,マスダ,マスダ境,猿島郡境町字上町761-12,長机1～2台程,屋内（風除室含む）,グラスト,"25,000","25,000",要確認,,,,,,,,,,,
,マスダ,マスダ戸頭,取手市戸頭6-30-6,長机1～2台程,屋内（風除室含む）,グラスト,"25,000","25,000",要確認,,,,,,,,,,,
,マスダ,マスダ取手,取手市東6-10-8,長机1～2台程,屋内（風除室含む）,グラスト,"25,000","25,000",要確認,,,,,,,,,,,
,マスダ,マスダ三和,古河市諸川1114-3,長机1~2台程,屋内（風除室含む）,グラスト,"25,000","25,000",要確認,,,,,,,,,,,
,マスダ,マスダ茎崎,つくば市高見原1-1-16,長机2台程,屋内（風除室含む）,グラスト,"25,000","25,000",要確認,,,,,,,,,,,
,ヤマウチ,ヤマウチ神立,土浦市神立町字新田682-4,長机1～2台程,屋内（風除室含む）,グラスト,"25,000","25,000",要確認,,,,,,,,,,,
,ヤマウチ,ヤマウチ牛久,牛久市上柏田町4-22-5,長机2台分程,屋外,グラスト,"25,000","25,000",要確認,,,,,,,,,,,
,TAIRAYA,TAIRAYAファインズ淵頭,常総市水海道淵頭町4566-1,長机1～2台程,屋内（風除室含む）,グラスト,"25,000","25,000",要確認,,,,,,,,,,,
,TAIRAYA,TAIRAYA並木,つくば市並木4-4-2,長机1～2台程,屋内（風除室含む）,グラスト,"25,000","25,000",要確認,,,,,,,,,,,
,TAIRAYA,TAIRAYA新取手駅前,取手市新取手1-10-1,長机2台程,屋内（風除室含む）,グラスト,"25,000","25,000",要確認,,,,,,,,,,,
,TAIRAYA,TAIRAYA松代,つくば市松代4-19-1,長机1～2台程,屋内（風除室含む）,グラスト,"25,000","25,000",要確認,,,,,,,,,,,
,ルネサンス,スポーツクラブルネサンス水戸,水戸市柵町１－９－２,長机1~2台分程,屋内（風除室含む）,グラスト,"35,000","35,000",実施不可,,,,月曜日定休日,,,,,,,
,ルネサンス,スポーツクラブ ルネサンス 竜ヶ崎ニュータウン,龍ケ崎市小柴5-2-2,長机1~2台分程,屋内（風除室含む）,グラスト,"35,000","35,000",実施不可,,,,月曜日定休日,,,,,,,
,ベイシア,ベイシアスーパーセンター潮来,潮来市須賀南321番地,約3坪,屋内（風除室含む）,グラスト,"30,000","30,000",要確認,,,,ウォーターサーバー催事不可,,,,,,,
,BOOKOFF,BOOKOFF日立金沢,日立市金沢町2-3-24,長机1台～,屋内（風除室含む）,グラスト,"45,000","45,000",要確認,,,,,,,,,,,
,BOOKOFF PLUS,BOOKOFFPLUS茨城古河,古河市松並2-16-40,長机1台～,屋内（風除室含む）,グラスト,"45,000","45,000",要確認,,,,,,,,,,,
,BOOKOFF,BOOKOFF下妻市役所前,下妻市本城町2-30,長机1台～,屋内（風除室含む）,グラスト,"45,000","45,000",要確認,,,,,,,,,,,
,BOOKOFF,BOOKOFF牛久栄,牛久市栄町6-44,長机1台～,屋内（風除室含む）,グラスト,"45,000","45,000",要確認,,,,,,,,,,,
,BOOKOFF,BOOKOFFつくばテクノパーク桜,つくば市桜1-12-1,長机1台～,屋内（風除室含む）,グラスト,"45,000","45,000",要確認,,,,,,,,,,,
,BOOKOFF,BOOKOFF6号ひたちなか市毛,ひたちなか市市毛909-2,長机1台～,屋内（風除室含む）,グラスト,"45,000","45,000",要確認,,,,,,,,,,,
,BOOKOFF,BOOKOFFひたちなか馬渡,ひたちなか市馬渡2565-9,長机1台～,屋内（風除室含む）,グラスト,"45,000","45,000",要確認,,,,,,,,,,,
,BOOKOFF,BOOKOFF守谷松前台,守谷市松前台2-1-1,長机1台～,屋内（風除室含む）,グラスト,"45,000","45,000",要確認,,,,,,,,,,,
,BOOKOFF,BOOKOFF玉戸モール,筑西市玉戸字山ケ島1018-35,長机1台～,屋内（風除室含む）,グラスト,"45,000","45,000",要確認,,,,,,,,,,,
,BOOKOFF SUPER BAZAAR,BOOKOFFSUPERBAZAAR荒川沖,稲敷郡阿見町住吉2-8-7,長机1台～,屋内（風除室含む）,グラスト,"45,000","45,000",要確認,,,,,,,,,,,
,とりせん,とりせん総和①　店内スペース,古河市下大野2008-1,長机1台分程,屋内（風除室含む）,グラスト,"25,000","25,000",要確認,,,,,,,,,,,
,とりせん,とりせん総和②　屋外軒下スペース,古河市下大野2008-1,長机1台分程,屋外,グラスト,"25,000","25,000",要確認,,,,,,,,,,,
,とりせん,とりせん小堤,古河市小堤1919,長机1台分程,屋外,グラスト,"25,000","25,000",要確認,,,,,,,,,,,
,とりせん,とりせん岩井,坂東市岩井3357-1,長机1台分程,屋外,グラスト,"25,000","25,000",要確認,,,,,,,,,,,
,とりせん,とりせん結城①　レジ後方スペース,結城市新福寺6丁目11番地4,長机1台分程,屋内（風除室含む）,グラスト,"25,000","25,000",要確認,,,,,,,,,,,
,とりせん,とりせん結城②　屋外軒下スペース,結城市新福寺6丁目11番地4,長机1台分程,屋外,グラスト,"25,000","25,000",要確認,,,,,,,,,,,
,とりせん,とりせん下館①　店内入口カート置き場,筑西市玉戸1018-35,長机1台分程,屋内（風除室含む）,グラスト,"25,000","25,000",要確認,,,,,,,,,,,
,とりせん,とりせん下館②　屋外軒下スペース,筑西市玉戸1018-35,長机1台分程,屋外,グラスト,"25,000","25,000",要確認,,,,,,,,,,,
,とりせん,とりせん大沢①　レジ後方スペース,常総市大沢1938-2,長机1台分程,屋内（風除室含む）,グラスト,"25,000","25,000",要確認,,,,,,,,,,,
,とりせん,とりせん大沢②　屋外軒下スペース,常総市大沢1938-2,長机2台分程,屋外,グラスト,"30,000","30,000",要確認,,,,,,,,,,,
,とりせん,とりせん研究学園①　店内スペース,つくば市研究学園5丁目18番地1,長机1台分程,屋内（風除室含む）,グラスト,"25,000","25,000",要確認,,,,,,,,,,,
,とりせん,とりせん研究学園②　屋外軒下スペース,つくば市研究学園5丁目18番地1,長机1台分程,屋外,グラスト,"25,000","25,000",要確認,,,,,,,,,,,
,とりせん,とりせんみらい平①　店内入り口付近スペース,つくばみらい市紫峰ヶ丘1丁目2番地5,長机1台程,屋内（風除室含む）,グラスト,"25,000","25,000",要確認,,,,,,,,,,,
,とりせん,とりせんみらい平②　屋外軒下スペース,つくばみらい市紫峰ヶ丘1丁目2番地5,長机2台分程,屋外,グラスト,"30,000","30,000",要確認,,,,,,,,,,,
,とりせん,とりせん木田余①　惣菜側入口入って右側(レジ付近),土浦市木田余4583,長机2台分程,屋内（風除室含む）,グラスト,"30,000","30,000",要確認,,,,,,,,,,,
,とりせん,とりせん木田余②　屋外軒下スペース,土浦市木田余4583,長机2台分程,屋内（風除室含む）,グラスト,"30,000","30,000",要確認,,,,,,,,,,,
,ロピア,ロピアトナリエクレオ,つくば市吾妻1-7-1,長机1～2台程,屋内（風除室含む）,グラスト,"32,000","32,000",要確認,,,,都度確認,,,,,,,
,ヨークベニマル,ヨークベニマル佐和,ひたちなか市高場1484番地,長机1台分～,屋内（風除室含む）,グラスト,"20,000","20,000",要確認,,,,入店人数5名迄・水、フィットネス、不動産催事不可,,,,,,,
,ヨークベニマル,ヨークベニマル田彦西,ひたちなか市田彦字寄井新田1003番地1,長机1台分～,屋内（風除室含む）,グラスト,"20,000","20,000",要確認,,,,入店人数5名迄・水、フィットネス、不動産催事不可,,,,,,,
,ヨークベニマル,ヨークベニマル那珂湊,ひたちなか市田中後4街区20,長机1台分～,屋内（風除室含む）,グラスト,"20,000","20,000",要確認,,,,入店人数5名迄・水、フィットネス、不動産催事不可,,,,,,,
,ヨークベニマル,ヨークベニマル東大島,ひたちなか市東大島二丁目13番15号,長机1台分～,屋内（風除室含む）,グラスト,"20,000","20,000",要確認,,,,入店人数5名迄・水、フィットネス、不動産催事不可,,,,,,,
,ヨークベニマル,ヨークベニマル大成,ひたちなか市大成町11番6号,長机1台分～,屋内（風除室含む）,グラスト,"20,000","20,000",要確認,,,,入店人数5名迄・水、フィットネス、不動産催事不可,,,,,,,
,ヨークベニマル,ヨークベニマル日立会瀬,日立市会瀬町四丁目14番1号,長机3台分～,屋外,グラスト,"20,000","20,000",要確認,,,,入店人数5名迄・水、フィットネス、不動産催事不可,,,,,,,
,ヨークベニマル,ヨークベニマル大津,北茨城市大津町北町3241番地1,長机2台分程,屋外,グラスト,"20,000","20,000",要確認,,,,入店人数5名迄・水、フィットネス、不動産催事不可,,,,,,,
,ヨークベニマル,ヨークベニマル中郷,北茨城市中郷町上桜井字細谷2834番地,長机2台分程,屋外,グラスト,"20,000","20,000",要確認,,,,入店人数5名迄・水、フィットネス、不動産催事不可,,,,,,,
,ヨークベニマル,ヨークベニマル常陸大宮,常陸大宮市泉字中村田521番地1,長机1台分～,屋内（風除室含む）,グラスト,"20,000","20,000",要確認,,,,入店人数5名迄・水、フィットネス、不動産催事不可,,,,,,,
,ヨークベニマル,ヨークベニマル赤塚,水戸市姫子二丁目30番地,長机1~2台分,屋外,グラスト,"20,000","20,000",要確認,,,,入店人数5名迄・水、フィットネス、不動産催事不可,,,,,,,
,ヨークベニマル,ヨークベニマル新原,水戸市新原一丁目3078番地62,長机2台分程,屋外,グラスト,"20,000","20,000",要確認,,,,入店人数5名迄・水、フィットネス、不動産催事不可,,,,,,,
,ヨークベニマル,ヨークベニマル水戸浜田,水戸市浜田一丁目2番30号,長机1台分～,屋内（風除室含む）,グラスト,"20,000","20,000",要確認,,,,入店人数5名迄・水、フィットネス、不動産催事不可,,,,,,,
,ヨークベニマル,ヨークベニマル水戸元吉田,水戸市元吉田町1037番地4号,長机1～2台分程,屋外,グラスト,"20,000","20,000",要確認,,,,入店人数5名迄・水、フィットネス、不動産催事不可,,,,,,,
,ヨークベニマル,ヨークベニマル友部東平,笠間市東平三丁目1番45号,長机1台分～,屋内（風除室含む）,グラスト,"20,000","20,000",要確認,,,,入店人数5名迄・水、フィットネス、不動産催事不可,,,,,,,
,ヨークベニマル,ヨークベニマル羽鳥東,小美玉市羽鳥2737番地,長机1台分～,屋内（風除室含む）,グラスト,"20,000","20,000",要確認,,,,入店人数5名迄・水、フィットネス、不動産催事不可,,,,,,,
,ヨークベニマル,ヨークベニマル石岡西,石岡市石岡字水久保12886番地,長机1台分～,屋内（風除室含む）,グラスト,"20,000","20,000",要確認,,,,入店人数5名迄・水、フィットネス、不動産催事不可,,,,,,,
,ヨークベニマル,ヨークベニマル八郷,石岡市下林282番地,長机1台分～,屋内（風除室含む）,グラスト,"20,000","20,000",要確認,,,,入店人数5名迄・水、フィットネス、不動産催事不可,,,,,,,
,ヨークベニマル,ヨークベニマルつくば竹園,つくば市竹園一丁目3番地1,長机1台分～,屋内（風除室含む）,グラスト,"20,000","20,000",要確認,,,,入店人数5名迄・水、フィットネス、不動産催事不可,,,,,,,
,ヨークベニマル,ヨークベニマルつくばさくらの杜,つくば市さくらの森25番地5,長机1台分程,屋内（風除室含む）,グラスト,"20,000","20,000",要確認,,,,入店人数5名迄・水、フィットネス、不動産催事不可,,,,,,,
,ヨークベニマル,ヨークベニマル豊里,つくば市豊里の杜二丁目1番地1,長机1台分～,屋内（風除室含む）,グラスト,"20,000","20,000",要確認,,,,入店人数5名迄・水、フィットネス、不動産催事不可,,,,,,,
,ヨークベニマル,ヨークベニマル牛久南,牛久市南二丁目12番地14,長机1台程,屋外,グラスト,"20,000","20,000",要確認,,,,入店人数5名迄・水、フィットネス、不動産催事不可、電源無し,,,,,,,
,ヨークベニマル,ヨークベニマルひたち野うしく,牛久市ひたち野西三丁目29番地16,長机1台分～,屋内（風除室含む）,グラスト,"20,000","20,000",要確認,,,,入店人数5名迄・水、フィットネス、不動産催事不可,,,,,,,
,ヨークベニマル,ヨークベニマル牛久上柏田,牛久市上柏田4丁目19番地6号,長机2台分程,屋外,グラスト,"20,000","20,000",要確認,,,,入店人数5名迄・水、フィットネス、不動産催事不可,,,,,,,
,ヨークベニマル,ヨークベニマル谷田部,つくば市上横場2380番地22,長机1台分～,屋内（風除室含む）,グラスト,"20,000","20,000",要確認,,,,入店人数5名迄・水、フィットネス、不動産催事不可,,,,,,,
,ヨークベニマル,ヨークベニマル筑西横島,筑西市横島830番地1,長机1台分～,屋内（風除室含む）,グラスト,"20,000","20,000",要確認,,,,入店人数5名迄・水、フィットネス、不動産催事不可,,,,,,,
,ヨークベニマル,ヨークベニマル千代田モール,かすみがうら市下稲吉字逆西2633番地7,長机1台分～,屋内（風除室含む）,グラスト,"20,000","20,000",要確認,,,,入店人数5名迄・水、フィットネス、不動産催事不可,,,,,,,
,ヨークベニマル,ヨークベニマルつくばみらい,つくばみらい市絹の台六丁目20番地1,長机2台程,屋外,グラスト,"20,000","20,000",要確認,,,,入店人数5名迄・水、フィットネス、不動産催事不可、電源無し,,,,,,,
,ヨークベニマル,ヨークベニマル土浦生田町,土浦市生田町9番31号,長机1台分～,屋内（風除室含む）,グラスト,"20,000","20,000",要確認,,,,入店人数5名迄・水、フィットネス、不動産催事不可,,,,,,,
,ヨークベニマル,ヨークベニマル土浦真鍋,土浦市真鍋新町20番19号,長机2台分程,屋内（風除室含む）,グラスト,"20,000","20,000",要確認,,,,入店人数5名迄・水、フィットネス、不動産催事不可,,,,,,,
,ヨークベニマル,ヨークベニマル取手戸頭,取手市戸頭1118番1,長机2台分程,屋外,グラスト,"20,000","20,000",要確認,,,,入店人数5名迄・水、フィットネス、不動産催事不可,,,,,,,
,ヨークベニマル,ヨークベニマル坂東,坂東市辺田1104番地1,長机1台分～,屋内（風除室含む）,グラスト,"20,000","20,000",要確認,,,,入店人数5名迄・水、フィットネス、不動産催事不可,,,,,,,
,ヨークベニマル,ヨークベニマル結城四ツ京,結城市大字結城11839番地1,長机1~2台程,屋外,グラスト,"20,000","20,000",要確認,,,,入店人数5名迄・水、フィットネス、不動産催事不可,,,,,,,
,ジョイフル本田,ジョイフル本田荒川沖①,土浦市北荒川沖町1-30,"1,000×10,000【外】",屋内（風除室含む）,グラスト,"35,000","80,000",要確認,,,,8/13～16、12/28～31は土日祝価格,,,,,,,
,ジョイフル本田,ジョイフル本田荒川沖② JM前,土浦市北荒川沖町1-30,要確認,屋内（風除室含む）,場所とる,"38,000","68,000",要確認,,,,8/13～16、12/28～31は土日祝価格,,,,,,,
,ジョイフル本田,ジョイフル本田古河①　②A館立駐側風除室,古河市西牛谷347,3m×2m,屋内（風除室含む）,グラスト,"35,000","80,000",要確認,,,,8/13～16、12/28～31は土日祝価格,,,,,,,
,ジョイフル本田,ジョイフル本田古河②　③A館レジ後方すだれ部分,古河市西牛谷347,2.7m×1.6m,屋内（風除室含む）,場所とる,"38,000","68,000",要確認,,,,,,,,,,,
,ジョイフル本田,ジョイフル本田古河③　④A館切花側入口店頭,古河市西牛谷347,3.3m×1.5m,屋内（風除室含む）,グラスト,"35,000","80,000",要確認,,,,,,,,,,,
,ジョイフル本田,ジョイフル本田古河④　⑤A館サイクル側風除室,古河市西牛谷347,2.4m×1.5m,屋内（風除室含む）,グラスト,"35,000","80,000",要確認,,,,,,,,,,,
,ジョイフル本田,ジョイフル本田古河⑤　⑥AB館通路宝くじ売り場横,古河市西牛谷347,1.8m×1.4m,屋内（風除室含む）,グラスト,"35,000","80,000",要確認,,,,,,,,,,,
,ジョイフル本田,ジョイフル本田守谷①　生活館入口,守谷市松ヶ丘3-8,5m×3m,屋内（風除室含む）,グラスト,"40,000","100,000",要確認,,,,8/13～16、12/28～31は土日祝価格,,,,,,,
,ジョイフル本田,ジョイフル本田守谷②　切花売場　,守谷市松ヶ丘3-8,1.5m×3m,屋内（風除室含む）,グラスト,"40,000","100,000",要確認,,,,8/13～16、12/28～31は土日祝価格,,,,,,,
,ジョイフル本田,ジョイフル本田守谷③　ジョイフル2入口前　,守谷市松ヶ丘3-8,4m×10m,屋内（風除室含む）,場所とる,"43,000","98,000",要確認,,,,8/13～16、12/28～31は土日祝価格,,,,,,,
,ジョイフル本田,ジョイフル本田ニューポートひたちなか①　フードコートEV横(第二催事場),ひたちなか市 新光町34-1,3.5m×2.8m,屋内（風除室含む）,場所とる,"53,000","118,000",要確認,,,,8/13～16、12/28～31は土日祝価格,,,,,,,
,ジョイフル本田,ジョイフル本田ニューポートひたちなか②　店頭 外 イベントスペース(ジャンボ宝くじ発売期間中はNG)　,ひたちなか市 新光町34-1,10m×7.6m,屋外,場所とる,"43,000","98,000",要確認,,,,,,,,,,,
,ジョイフル本田,ジョイフル本田ニューポートひたちなか③　フードコート前スペース(第一催事場),ひたちなか市 新光町34-1,2.8m×8m,屋内（風除室含む）,場所とる,"53,000","118,000",要確認,,,,,,,,,,,
,イオンタウン, イオンタウン水戸南①　センターコート,東茨城郡茨城町長岡3480-101,36.3坪,屋内（風除室含む）,グラスト,"60,000","120,000",要確認,,,,,,,,,,,
,イオンタウン, イオンタウン水戸南②　GU前,東茨城郡茨城町長岡3480-101,10.9坪,屋内（風除室含む）,グラスト,"35,000","60,000",要確認,,,,,,,,,,,
,イオンタウン, イオンタウン水戸南③　西松屋前,東茨城郡茨城町長岡3480-101,10.9坪,屋内（風除室含む）,グラスト,"35,000","60,000",要確認,,,,,,,,,,,
,イオンタウン, イオンタウン水戸南④　フードコート前,東茨城郡茨城町長岡3480-101,1.6坪,屋内（風除室含む）,ダイエースペース,"30,000","60,000",要確認,,,,,,,,,,,
,イオンタウン, イオンタウン守谷①　１Ｆセントラルコート,守谷市百合ヶ丘3-249-1,120㎡,屋内（風除室含む）,場所とる,"105,000","205,000",要確認,,,,,,,,,,,
,イオンタウン, イオンタウン守谷②　無印良品前,守谷市百合ヶ丘3-249-1,約256㎡,屋内（風除室含む）,場所とる,"55,000","105,000",要確認,,,,,,,,,,,
,イオンタウン, イオンタウン守谷③　フードスクエアカスミ前,守谷市百合ヶ丘3-249-1,長机1台分程,屋内（風除室含む）,グラスト,"45,000","66,000",要確認,,,,,,,,,,,
,イオンタウン, イオンタウン守谷④　２F フタバ図書テラ前,守谷市百合ヶ丘3-249-1,6.6㎡,屋内（風除室含む）,場所とる,"35,000","55,000",要確認,,,,,,,,,,,
,イオンタウン, イオンタウン守谷⑤　２F アスビー前,守谷市百合ヶ丘3-249-1,6.6㎡,屋内（風除室含む）,場所とる,"35,000","55,000",要確認,,,,,,,,,,,
,イオンタウン, イオンタウン守谷⑥　２Fベルーナ前,守谷市百合ヶ丘3-249-1,6.6㎡,屋内（風除室含む）,場所とる,"35,000","55,000",要確認,,,,,,,,,,,
,イオンタウン, イオンタウン守谷⑦　２F パンドラハウス前,守谷市百合ヶ丘3-249-1,6.6㎡,屋内（風除室含む）,場所とる,"35,000","55,000",要確認,,,,,,,,,,,
,イオンタウン, イオンタウン守谷⑧　２Fディアパティズ前,守谷市百合ヶ丘3-249-1,6.6㎡,屋内（風除室含む）,場所とる,"35,000","55,000",要確認,,,,,,,,,,,
,イオンタウン, イオンタウン守谷⑨　２Fユニクロ前,守谷市百合ヶ丘3-249-1,6.6㎡,屋内（風除室含む）,場所とる,"35,000","55,000",要確認,,,,,,,,,,,
,イオンタウン, イオンタウン守谷⑩　２Fイオンシネマ前,守谷市百合ヶ丘3-249-1,6.6㎡,屋内（風除室含む）,場所とる,"35,000","55,000",要確認,,,,,,,,,,,
,イオンタウン, イオンタウン守谷⑪　おかしのまちおか前,守谷市百合ヶ丘3-249-1,要確認,屋内（風除室含む）,場所とる,"40,000","60,000",要確認,,,,,,,,,,,
,イオンタウン, イオンタウン守谷⑫　正面入口西カスミ前,守谷市百合ヶ丘3-249-1,要確認,屋内（風除室含む）,場所とる,"45,000","65,000",要確認,,,,,,,,,,,
,イオンタウン, イオンタウン守谷⑬　2Fアトリアン前,守谷市百合ヶ丘3-249-1,要確認,屋内（風除室含む）,場所とる,"35,000","55,000",要確認,,,,,,,,,,,
,イオンタウン, イオンタウン守谷⑭　2FコミュニティホールB,守谷市百合ヶ丘3-249-1,8.3m×8.9m程度,屋内（風除室含む）,場所とる,"35,000","55,000",要確認,,,,,,,,,,,
,イオンタウン, イオンタウン守谷⑮　2Fトリンプ前,守谷市百合ヶ丘3-249-1,要確認,屋内（風除室含む）,場所とる,"35,000","55,000",要確認,,,,,,,,,,,
,イオンタウン, イオンタウン守谷⑯　2Fリブロ前,守谷市百合ヶ丘3-249-1,要確認,屋内（風除室含む）,場所とる,"35,000","55,000",要確認,,,,,,,,,,,
,西友,西友ひたち野うしく,牛久市ひたち野東1丁目23-1,長机2台分程,屋内（風除室含む）,グラスト,"21,000","25,000",要確認,,,,,,,,,,,
,極楽湯,極楽湯水戸①　玄関風除室,水戸市大塚町１８３８−１,長机１～２,屋内（風除室含む）,場所とる,"35,000","35,000",要確認,,,,最低2日以上開催,,,,,,,
,極楽湯,極楽湯水戸②　1階ゲームコーナー前,水戸市大塚町１８３８−１,長机１～２,屋内（風除室含む）,グラスト,"40,000","40,000",要確認,,,,最低2日以上開催,,,,,,,
,極楽湯,極楽湯水戸③　2階階段前,水戸市大塚町１８３８−１,長机１～２,屋内（風除室含む）,グラスト,"40,000","40,000",要確認,,,,最低2日以上開催,,,,,,,
,極楽湯,極楽湯水戸④　1階玄関スペース,水戸市大塚町１８３８−１,長机1.5台程度,屋内（風除室含む）,場所とる,"35,000","35,000",要確認,,,,最低2日以上開催,,,,,,,
,アートホテル,アートホテル鹿島セントラル,神栖市大野原4-7-11,28㎡程度,屋内（風除室含む）,場所とる,"28,000","33,000",要確認,,,,,,,,,,,
,BOOKOFF,BOOKOFFSUPERBAZAAR水戸姫子,水戸市姫子2－769－4,長机1台～,屋内（風除室含む）,場所とる,"35,000","35,000",要確認,,,,,,,,,,,
,BOOKOFF,BOOKOFFSUPERBAZAAR荒川沖,阿見町住吉2-8-7,要確認,屋内（風除室含む）,場所とる,"35,000","35,000",要確認,,,,,,,,,,,
,BOOKOFF,BOOKOFF　PLUS　50号水戸元吉田,水戸市元吉田町1320-1,要確認,屋内（風除室含む）,場所とる,"35,000","35,000",要確認,,,,,,,,,,,
,BOOKOFF,BOOKOFF竜ヶ崎緑町,竜ヶ崎市緑町58,長机1台～,屋内（風除室含む）,グラスト,"45,000","45,000",要確認,,,,,,,,,,,
,BOOKOFF,BOOKOFF守谷美園,守谷市美園4-1-5,長机1台～,屋内（風除室含む）,グラスト,"45,000","45,000",要確認,,,,,,,,,,,
,BOOKOFF,BOOKOFF常陸大宮,常陸大宮市姥賀町594-1,長机1台～,屋内（風除室含む）,グラスト,"45,000","45,000",要確認,,,,,,,,,,,
,BOOKOFF,BOOKOFF古河マーケットシティ,古河市松並2-18-10-H　マーケットシティ古河,長机1台～,屋内（風除室含む）,グラスト,"45,000","45,000",要確認,,,,,,,,,,,
,マイアミショッピングセンター,マイアミショッピングセンター①　1階催事場（C入口丸柱）,稲敷郡阿見町阿見２９５８,長机2～3台分程,屋内（風除室含む）,場所とる,"15,000","15,000",要確認,,,,au、UQモバイル催事不可,,,,,,,
,マイアミショッピングセンター,マイアミショッピングセンター②　1階催事場(B入口付近),稲敷郡阿見町阿見２９５８,長机2台程,屋内（風除室含む）,場所とる,"15,000","15,000",要確認,,,,au、UQモバイル催事不可,,,,,,,
,ヨークプラザ・アクロスプラザ,"ヨークタウン・
アクロスプラザ結城",結城市結城１１８３９−１,約12㎡,屋外,グラスト,"30,000","35,000",要確認,,,,,,,,,,,
,マルエツ,マルエツ岩井,坂東市辺田1517,長机1～2台程,屋内（風除室含む）,グラスト,"25,000","30,000",要確認,,,,,,,,,,,
,ランドローム,ランドロームフードマーケット利根,北相馬郡利根町もえぎ野台2-1-1,長机1~2台程,屋内（風除室含む）,グラスト,"10,000","12,500",要確認,,,,備品貸出不可、金曜は休日価格,,,,,,,
,ランドローム,ランドロームフードマーケットＫ＆Ｔ,龍ケ崎市中根台3-6-1,長机1台分程,屋内（風除室含む）,グラスト,"10,000","12,500",要確認,,,,備品貸出不可、金曜は休日価格,,,,,,,
,ランドローム,ランドロームフードマーケット龍ヶ岡,龍ケ崎市松ケ丘1-1,長机1~2台程,屋内（風除室含む）,グラスト,"10,000","12,500",要確認,,,,備品貸出不可、金曜は休日価格,,,,,,,
,ランドローム,ランドロームフードマーケット阿見,稲敷郡阿見町中央4-4666-6,長机1~2台程,屋内（風除室含む）,グラスト,"10,000","12,500",要確認,,,,備品貸出不可、金曜は休日価格,,,,,,,
,オーパ,水戸オーパ①　3F正面入口エントランス(屋内),水戸市宮町1-7-33 水戸サウスタワー 1F-12F,13.5m²,屋内（風除室含む）,グラスト,"40,000","72,000",要確認,,,,,,,,,,,
,オーパ,水戸オーパ②　3F正面入口エントランス(屋外),水戸市宮町1-7-33 水戸サウスタワー 1F-12F,21m²,屋外,グラスト,"40,000","72,000",要確認,,,,,,,,,,,
,ピアシティ,ピアシティ荒川本郷①　カーブス前広場内(屋外),稲敷郡阿見町本郷３丁目１−１,長机1~2台分程,屋外,グラスト,"25,000","30,000",要確認,,,,,,,,,,,
,ピアシティ,ピアシティ荒川本郷②　カスミ店前(屋外),稲敷郡阿見町本郷３丁目１−１,長机1~2台分程,屋外,グラスト,"25,000","30,000",要確認,,,,,,,,,,,
,常陸大宮ショッピングセンターピサーロ,常陸大宮ショッピングセンターピサーロ①　正面入口,常陸大宮市下村田２３８７,19.55㎡,屋内（風除室含む）,グラスト,"50,000","50,000",要確認,,,,ウォーターサーバー催事不可,,,,,,,
,常陸大宮ショッピングセンターピサーロ,常陸大宮ショッピングセンターピサーロ②　ピサーロ入口 ,常陸大宮市下村田２３８７,16.28㎡,屋内（風除室含む）,グラスト,"50,000","50,000",要確認,,,,,,,,,,,
,常陸大宮ショッピングセンターピサーロ,常陸大宮ショッピングセンターピサーロ③　センターコート　,常陸大宮市下村田２３８７,15～20坪,屋内（風除室含む）,グラスト,"30,000","30,000",要確認,,,,,,,,,,,
,水戸OPA,水戸OPA①　3階エレベーターホール前,水戸市宮町1-7-33水戸サウスタワー1F-12F,4.5m×3m程度,屋内（風除室含む）,場所とる,"38,000","68,000",要確認,,,,,,,,,,,
,水戸OPA,水戸OPA②　3階下りエレベータ前,水戸市宮町1-7-33水戸サウスタワー1F-12F,6㎡程度,屋内（風除室含む）,場所とる,"13,000","18,000",要確認,,,,,,,,,,,
,水戸OPA,水戸OPA③　3階正面入り口外,水戸市宮町1-7-33水戸サウスタワー1F-12F,13.7㎡程度,屋内（風除室含む）,場所とる,"33,000","58,000",要確認,,,,,,,,,,,
,マルト,マルト佐和,ひたちなか市稲田字円明33-1,長机1台分,屋内（風除室含む）,グラスト,"20,000","20,000",要確認,,,,,,,,,,,
,マルト,マルトSC春日①　出入口付近,ひたちなか市春日町10番1,長机1台分,屋内（風除室含む）,グラスト,"20,000","20,000",要確認,,,,事前打ち合わせ必須,,,,,,,
,マルト,マルトSC春日②　イートイン付近,ひたちなか市春日町10番1,長机1台分,屋内（風除室含む）,グラスト,"20,000","20,000",要確認,,,,事前打ち合わせ必須,,,,,,,
,ニューポートひたちなかファッションクルーズ,ニューポートひたちなかファッションクルーズ①　1Fオリヒカ前,ひたちなか市新光町35,長机2台程,屋内（風除室含む）,グラスト,"45,000","120,000",要確認,,,,,,,,,,,
,ニューポートひたちなかファッションクルーズ,ニューポートひたちなかファッションクルーズ②　1Fコムサ前,ひたちなか市新光町35,,屋内（風除室含む）,グラスト,"60,000","120,000",要確認,,,,,,,,,,,
,ニューポートひたちなかファッションクルーズ,ニューポートひたちなかファッションクルーズ③　1階105区画前(Francfranc前)                                                                                                                                                        ,ひたちなか市新光町35,要確認,屋内（風除室含む）,場所とる,"58,000","108,000",要確認,,,,,,,,,,,
,マルト,マルトSC笠原,水戸市笠原町９７８ ３９SC ROSEO MITO内,長机1～2台分程,屋内（風除室含む）,グラスト,"20,000","20,000",要確認,,,,,,,,,,,
,フォレストモール,フォレストモール石岡,石岡市石岡１２８８６,長机1～2台分程,屋内（風除室含む）,場所とる,"20,000","35,000",実施不可,,,,買取催事不可,,,,,,,
,フォレストモール,フォレストモール取手,取手市戸頭7-7-3,3㎡程度,屋内（風除室含む）,場所とる,"20,000","35,000",実施不可,,,,買取催事不可,,,,,,,
,フォレストモール,フォレストモール常陸太田,常陸太田市東部土地区画整理事業1街区1画地,1m×3m程度,屋内（風除室含む）,場所とる,"20,000","35,000",実施不可,,,,買取催事不可,,,,,,,
,西友,西友守谷,守谷市けやき台4-1-5,約5坪程,屋外,グラスト,"21,000","25,000",要確認,,,,備品貸出無し、電源無し,,,,,,,
,MOVIXつくば,MOVIXつくば,つくば市研究学園5-19イーアスつくば3F イーアスつくば3F,2㎡程度,屋内（風除室含む）,場所とる,"45,000","45,000",要確認,,,,,,,,,,,
,イオン,イオン那珂町,那珂市竹ノ内3-6-5,長机1～2台分程,屋内（風除室含む）,ダイエースペース,"16,500","22,000",要確認,,,,アクリル板必須,,,,,,,
,トライアル,スーパーセンタートライアル北茨城,北茨城市大津町２５６８,長机1台分程,屋外,グラスト,"25,000","30,000",要確認,,,,,,,,,,,
,トライアル,メガセンタートライアル石下①　1階Aスペース,常総市本石下4421番地1,,屋内（風除室含む）,場所とる,"30,000","35,000",要確認,,,,,,,,,,,
,トライアル,メガセンタートライアル石下②　1階Bスペース,常総市本石下4421番地1,8.46坪程度,屋内（風除室含む）,場所とる,"14,000","17,000",要確認,,,,,,,,,,,
,トライアル,メガセンタートライアル石下③　2回エスカレーター横,常総市本石下4421番地1,12㎡程度,屋内（風除室含む）,場所とる,"25,000","30,000",要確認,,,,,,,,,,,
,トライアル,メガセンタートライアル筑西,筑西市玉戸1086-5,12㎡程度,屋外,場所とる,"40,000","50,000",要確認,,,,,,,,,,,
,トライアル,メガセンタートライアル桜の郷①　1階催事スペース1,茨城町桜の郷1500,10.5㎡程度,屋内（風除室含む）,場所とる,"45,000","65,000",要確認,,,,,,,,,,,
,トライアル,メガセンタートライアル桜の郷②　1階催事スペース2,茨城町桜の郷1500,6㎡程度,屋内（風除室含む）,場所とる,"30,000","35,000",要確認,,,,,,,,,,,
,マルト,マルト諏訪,日立市諏訪町４丁目１１−１６,長机1台分程,屋内（風除室含む）,グラスト,"20,000","20,000",要確認,,,,電源有り,,,,,,,
,マルト,マルトSC田尻,日立市田尻町５丁目１４−１,長机1台分程,屋内（風除室含む）,グラスト,"20,000","20,000",要確認,,,,電源有り,,,,,,,
,ディスカウントスーパーヒーロー,ディスカウントスーパーヒーロー笠間,笠間市旭町292-1,長机1台分程,屋内（風除室含む）,グラスト,"40,000","40,000",要確認,,,,電源有り,,,,,,,
,ディスカウントスーパーヒーロー,ディスカウントスーパーヒーロー稲敷,稲敷市角崎1613番地,長机1台分程,屋内（風除室含む）,グラスト,"40,000","40,000",要確認,,,,電源有り,,,,,,,
,ディスカウントスーパーヒーロー,ディスカウントスーパーヒーロー水戸,水戸市平須町1828-58,長机1台分程,屋内（風除室含む）,グラスト,"40,000","40,000",要確認,,,,電源有り,,,,,,,
,ディスカウントスーパーヒーロー,ディスカウントスーパーヒーロー千代田,かすみがうら市稲吉東5－7－2,長机1台分程,屋内（風除室含む）,グラスト,"40,000","40,000",要確認,,,,電源有り,,,,,,,
,ディスカウントスーパーヒーロー,ディスカウントスーパーヒーロー下館,筑西市岡芹798,長机1台分程,屋内（風除室含む）,グラスト,"40,000","40,000",要確認,,,,電源有り,,,,,,,
,マルト,マルトSC滑川,日立市滑川本町５丁目３−３０,長机1~2台分程,屋内（風除室含む）,グラスト,"20,000","20,000",要確認,,,,電源有り,,,,,,,
,アクロスプラザ,アクロスプラザひたち野うしく,牛久市ひたち野東2-7-1,要確認,屋内（風除室含む）,場所とる,"15,000","20,000",要確認,,,,,,,,,,,
,シネプレックス,シネプレックスつくば,つくば市下原370-1 つくばYOUワールド 内,要確認,屋内（風除室含む）,場所とる,"30,000","50,000",要確認,,,,,,,,,,,
,ユナイテッドシネマ,ユナイテッドシネマ水戸,水戸市宮町1-7-44 COMBOX310 内,要確認,屋内（風除室含む）,場所とる,"30,000","50,000",要確認,,,,,,,,,,,
,ピサーロ,ピサーロ① 1F北側入口,常陸大宮市下村田2387,5坪程度,屋内（風除室含む）,場所とる,"28,000","28,000",要確認,,,,,,,,,,,
,ピサーロ,ピサーロ① 1F正面入り口横,常陸大宮市下村田2387,5坪程度,屋内（風除室含む）,場所とる,"28,000","28,000",要確認,,,,,,,,,,,
,コーナン,コーナンつくば学園の森,つくば市学園の森2-34-6,要確認,屋内（風除室含む）,場所とる,"30,000","30,000",要確認,,,,,,,,,,,
,BRANCH,BRANCH守谷①　大屋根下①,守谷市中央2丁目53番地,200㎡,屋内（風除室含む）,場所とる,"20,000","35,000",要確認,,,,電源有り,,,,,,,
,BRANCH,BRANCH守谷②　大屋根下②,守谷市中央2丁目53番地,200㎡,屋内（風除室含む）,グラスト,"25,000","40,000",要確認,,,,,,,,,,,
,BRANCH,BRANCH守谷③　ウッドデッキ,守谷市中央2丁目53番地,40㎡,屋内（風除室含む）,グラスト,"25,000","40,000",要確認,,,,,,,,,,,
,BRANCH,BRANCH守谷④　施設中央,守谷市中央2丁目53番地,10㎡,屋内（風除室含む）,グラスト,"25,000","40,000",要確認,,,,,,,,,,,
,BRANCH,BRANCH守谷⑤　施設正面①,守谷市中央2丁目53番地,20㎡,屋内（風除室含む）,グラスト,"25,000","40,000",要確認,,,,,,,,,,,
,BRANCH,BRANCH守谷⑥　施設正面②,守谷市中央2丁目53番地,15㎡,屋内（風除室含む）,グラスト,"25,000","40,000",要確認,,,,,,,,,,,
,BRANCH,BRANCH守谷⑦　駐車場脇,守谷市中央2丁目53番地,15㎡,屋内（風除室含む）,グラスト,"25,000","40,000",要確認,,,,,,,,,,,
,TSUTAYA,TSUTAYA神栖,神栖市日川4174-1,長机1~2台程,屋内（風除室含む）,グラスト,"35,000","35,000",要確認,,,,,,,,,,,
,TSUTAYA,TSUTAYA鹿嶋南,神栖市堀割1-2-25,長机1~2台程,屋内（風除室含む）,グラスト,"50,000","50,000",要確認,,,,,,,,,,,
,TSUTAYA,TSUTAYA鹿嶋宮中,鹿嶋市宮中字東山289-1,長机1~2台程,屋内（風除室含む）,グラスト,"50,000","50,000",要確認,,,,,,,,,,,
,TSUTAYA,TSUTAYA龍ヶ崎,龍ｹ崎市中根台3-7-1,長机1~2台程,屋内（風除室含む）,グラスト,"35,000","35,000",要確認,,,,,,,,,,,
,マルト,マルトSC磯原,北茨城市磯原町磯原２丁目４３,長机1～2台分程,屋内（風除室含む）,グラスト,"20,000","20,000",要確認,,,,電源有り/机・椅子貸し出し可能/駐車場有り,,,,,,,
,エスカード牛久,エスカード牛久,牛久市牛久町２８０,長机2台分程,屋内（風除室含む）,グラスト,"11,000","11,000",要確認,,,,電源有り・備品貸出可能,,,,,,,
,マルト,マルトSC那珂,那珂市菅谷５２２ 字杉前５２２,長机3～4台分程,屋内（風除室含む）,グラスト,"20,000","20,000",要確認,,,,電源有り,,,,,,,
,マルト,マルト日立SC森山,日立市森山町５丁目９−１,長机1～2台分程,屋内（風除室含む）,グラスト,"20,000","20,000",要確認,,,,電源有り,,,,,,,
,BOOKOFF PLUS,BOOKOFFPLUS50号水戸元吉田,水戸市元吉田町１３２０−１,長机2台分程,屋内（風除室含む）,グラスト,"45,000","45,000",要確認,,,,,,,,,,,
,新治ショッピングセンターさん・あぴお,新治ショッピングセンターさん・あぴお,土浦市大畑１６１１,長机4台分程,屋内（風除室含む）,グラスト,"10,000","10,000",要確認,,,,,,,,,,,
,DCMニコット,DCMニコット桂御前山,城里町御前山935-1,長机1台程度,屋内（風除室含む）,場所とる,"32,000","32,000",要確認,,,,,,,,,,,
,DCMニコット,DCMニコット華川,北茨城市華川町中妻10-1,長机1台程度,屋内（風除室含む）,場所とる,"32,000","32,000",要確認,,,,,,,,,,,
,DCMニコット,DCMニコット常陸里美,常陸太田市折橋町2461,長机1台程度,屋内（風除室含む）,場所とる,"32,000","32,000",要確認,,,,,,,,,,,
,DCMニコット,DCMニコット常陸緒川,常陸大宮市上小瀬983-1,長机1台程度,屋内（風除室含む）,場所とる,"32,000","32,000",要確認,,,,,,,,,,,
,とりせん,とりせん総和①　店内催事スペース,古河市下大野2008-1,長机1台程度,屋内（風除室含む）,場所とる,"30,000","30,000",要確認,,,,,,,,,,,
,とりせん,とりせん総和②　店外催事スペース,古河市下大野2008-1,長机1台程度,屋外,場所とる,"30,000","30,000",要確認,,,,,,,,,,,
,とりせん,とりせん小堤,古河市小堤1919,長机1台程度,屋外,場所とる,"30,000","30,000",要確認,,,,,,,,,,,
,とりせん,,,,,,,,,,,,,,,,,,,
,とりせん,,,,,,,,,,,,,,,,,,,
,とりせん,,,,,,,,,,,,,,,,,,,
,とりせん,,,,,,,,,,,,,,,,,,,
,とりせん,,,,,,,,,,,,,,,,,,,
,ドン・キホーテ,MEGAドン・キホーテ龍ケ崎,龍ケ崎市小通幸谷町288,1㎡,屋内（風除室含む）,グラスト,"20,000","25,000",要確認,,,,,,,,,,,
,ドン・キホーテ,MEGAドン・キホーテ日立,日立市東滑川町4-12-2,9.2㎡,屋外,グラスト,"15,000","20,000",要確認,,,,,,,,,,,
,ドン・キホーテ,ドン・キホーテ水戸,水戸市河和田町3891-434,2㎡,屋外,グラスト,"16,000","20,000",要確認,,,,,,,,,,,
,ドン・キホーテ,MEGAドン・キホーテ勝田①　1F病院側入口,ひたちなか市石川町1-1,1㎡,屋内（風除室含む）,グラスト,"20,000","25,000",要確認,,,,,,,,,,,
,ドン・キホーテ,MEGAドン・キホーテ勝田②　3F屋外スペース,ひたちなか市石川町1-1,8.8㎡,屋内（風除室含む）,グラスト,"15,000","17,000",要確認,,,,,,,,,,,
,ドン・キホーテ,MEGAドン・キホーテUNY佐原東,,,屋内（風除室含む）,場所とる,"27,000","47,000",要確認,,,,,,,,,,,
,ドン・キホーテ,ＭＥＧＡドン・キホーテつくば,つくば市学園南三丁目16番地1,5㎡,屋内（風除室含む）,グラスト,"20,000","27,000",要確認,,,,,,,,,,,
,ドン・キホーテ,ドン・キホーテ下館,筑西市西谷貝813,2㎡,屋内（風除室含む）,グラスト,"17,000","21,000",要確認,,,,,,,,,,,
,ドン・キホーテ,ドン・キホーテつちうらきた①　店頭スペース,土浦市東若松町3993,3㎡,屋外,自由市場,"16,000","21,000",要確認,無,無,有,,,,,,,,
,ドン・キホーテ,ドン・キホーテつちうらきた②　会談前スペース,土浦市東若松町3993,"4,9㎡",屋内（風除室含む）,自由市場,"25,000","35,000",要確認,無,無,有,,,,,,,,
,セイミヤ,セイミヤ延方,潮来市小泉南1365,長机1~2台分程,屋外,グラスト,"20,000","20,000",要確認,,,,,,,,,,,
,セイミヤ,セイミヤ鹿島東,鹿嶋市宮中新町附2,長机1~2台分程,屋外,グラスト,"20,000","20,000",要確認,,,,,,,,,,,
,セイミヤ,セイミヤ麻生,行方市麻生3288-50,長机1~2台分程,屋外,グラスト,"20,000","20,000",要確認,,,,,,,,,,,
,セイミヤ,セイミヤアスタ玉里,小美玉市川中子872,長机1~2台分程,屋外,グラスト,"20,000","20,000",要確認,,,,,,,,,,,
,セイミヤ,セイミヤ神栖,神栖市平泉1-118,長机1~2台分程,屋外,グラスト,"20,000","20,000",要確認,,,,,,,,,,,
,セイミヤ,セイミヤ馬渡,ひたちなか市馬渡2563番地,長机1~2台分程,屋外,グラスト,"20,000","20,000",要確認,,,,,,,,,,,
,セイミヤ,セイミヤ鉾田舟木,鉾田市舟木173-24,長机1~2台分程,屋外,グラスト,"20,000","20,000",要確認,,,,,,,,,,,
,セイミヤ,セイミヤ鉾田安房,鉾田市安房水砂1409－1,長机1~2台分程,屋外,グラスト,"20,000","20,000",要確認,,,,,,,,,,,
,セイミヤ,セイミヤ潮来,潮来市潮来617,長机1~2台分程,屋外,グラスト,"20,000","20,000",要確認,,,,,,,,,,,
,セイミヤ,セイミヤ小美玉,小美玉市堅倉字浜海道1597番地,長机1~2台程度,屋外,グラスト,"20,000","20,000",要確認,,,,,,,,,,,
,セイミヤ,セイミヤ大洗,東茨城郡大洗町港中央11-3,長机1~2台程度,屋外,グラスト,"20,000","20,000",要確認,,,,,,,,,,,
,WonderGOO,WonderGOO日立中央,日立市鮎川町１丁目３−３,長机1～2台分程,屋外,グラスト,"40,000","40,000",実施不可,,,,,,,,,,,
,WonderGOO,WonderGOO北茨城,北茨城市中郷町上桜井２２６８,長机1～2台分程,屋外,グラスト,"40,000","40,000",実施不可,,,,,,,,,,,
,WonderGOO,WonderGOO常陸大宮,常陸大宮市石沢１８０２ 梶内1802,長机1～2台分程,屋外,グラスト,"40,000","40,000",実施不可,,,,,,,,,,,
,WonderGOO,WonderGOO水戸笠原,水戸市笠原町４７７−２,長机1～2台分程,屋外,グラスト,"40,000","40,000",実施不可,,,,,,,,,,,
,WonderGOO,WonderGOO友部,笠間市旭町字旭平394-3,長机1～2台分程,屋外,グラスト,"40,000","40,000",実施不可,,,,,,,,,,,
,WonderGOO,WonderGOO鉾田,鉾田市鉾田572-1,長机1～2台分程,屋外,グラスト,"40,000","40,000",実施不可,,,,,,,,,,,
,WonderGOO,WonderGOO千代田,かすみがうら市下稲吉2633-19,長机1～2台分程,屋外,グラスト,"40,000","40,000",実施不可,,,,,,,,,,,
,WonderGOO,WonderGOO古河,古河市小堤字新割1900-1,長机1台程,屋内（風除室含む）,グラスト,"40,000","40,000",実施不可,,,,,,,,,,,
,WonderGOO,WonderGOO境FiSS,猿島郡境町1156-1,長机1～2台分程,屋外,グラスト,"40,000","40,000",実施不可,,,,,,,,,,,
,ヨークベニマル,ヨークベニマル水戸笠原,水戸市小吹町字新山2582-2,長机2～3台分程,屋内（風除室含む）,グラスト,"20,000","20,000",要確認,,,,入店人数5名迄・水、フィットネス、不動産催事不可,,,,,,,
,ヨークベニマル,ヨークベニマルひたちなか,ひたちなか市大字東石川3614-1,長机2台分程,屋外,グラスト,"20,000","20,000",要確認,,,,入店人数5名迄・水、フィットネス、不動産催事不可,,,,,,,
,ヨークベニマル,ヨークベニマル守谷,守谷市松並青葉1-11-2,長机1台分～,屋内（風除室含む）,グラスト,"20,000","20,000",要確認,,,,入店人数5名迄・水、フィットネス、不動産催事不可,,,,,,,
,ヨークベニマル,ヨークベニマル日立川尻町,日立市川尻町7-3-13,約5坪,屋内（風除室含む）,グラスト,"20,000","20,000",要確認,,,,入店人数5名迄・水、フィットネス、不動産催事不可,,,,,,,
,ヨークベニマル,ヨークベニマル日立河原子町,日立市河原子町1-4-1,約5坪,屋内（風除室含む）,グラスト,"20,000","20,000",要確認,,,,入店人数5名迄・水、フィットネス、不動産催事不可,,,,,,,
,ヨークベニマル,ヨークベニマル日立滑川,日立市東滑川町5-1-5,約5坪,屋内（風除室含む）,グラスト,"20,000","20,000",要確認,,,,入店人数5名迄・水、フィットネス、不動産催事不可,,,,,,,
,ヨークベニマル,ヨークベニマル百合が丘,水戸市百合が丘町8-3,約5坪,屋内（風除室含む）,グラスト,"20,000","20,000",要確認,,,,入店人数5名迄・水、フィットネス、不動産催事不可,,,,,,,
,ヨークベニマル,ヨークベニマル茨城町,東茨城郡茨城町長岡 字中丸原3481-577,約5坪,屋内（風除室含む）,グラスト,"20,000","20,000",要確認,,,,入店人数5名迄・水、フィットネス、不動産催事不可,,,,,,,
,ヨークベニマル,ヨークベニマル石岡,石岡市東大橋字中峯1937-1,約5坪,屋内（風除室含む）,グラスト,"20,000","20,000",要確認,,,,入店人数5名迄・水、フィットネス、不動産催事不可,,,,,,,
,ヨークベニマル,ヨークベニマル美浦,稲敷郡美浦村受領1552-1,約5坪,屋内（風除室含む）,グラスト,"20,000","20,000",要確認,,,,入店人数5名迄・水、フィットネス、不動産催事不可,,,,,,,
,ヨークベニマル,ヨークベニマル東海,那珂郡東海村 水戸・勝田都市計画事業東海中央土地区画整理事業 ５３街区１－１,5坪,屋内（風除室含む）,グラスト,"20,000","20,000",要確認,,,,入店人数5名迄・水、フィットネス、不動産催事不可,,,,,,,
,ヨークベニマル,ヨークベニマル常陸太田,常陸太田市金井東部土地区画整理事業用地A街区内,約6坪,屋内（風除室含む）,グラスト,"20,000","20,000",要確認,,,,,,,,,,,
,ヨークベニマル,ヨークベニマル友部スクエア,笠間市住吉字細谷,約6坪,屋内（風除室含む）,グラスト,"20,000","20,000",要確認,,,,,,,,,,,
,あかやまJOY,あかやまJOY,古河市雷電町 1-18,約3坪,屋内（風除室含む）,グラスト,"40,000","40,000",要確認,,,,駐車場代 一台当たり500円/日,,,,,,,
,パサール,守谷SA(上り),守谷市大柏166,長机1~2台程,屋内（風除室含む）,グラスト,"23,000","23,000",要確認,,,,都度相談,,,,,,,
,TSUTAYA,TSUTAYABOOKSTORE常総インターチェンジ,常総市むすびまち3番地,3.5m×10ｍ,屋外,グラスト,"50,000","50,000",要確認,,,,,,,,,,,
,道の駅,グランテラス筑西,筑西市川澄1850国道50号下館バイパス沿い,長机1~2台程,屋外,グラスト,"10,000","10,000",要確認,,,,市内のショップに限り催事可能(都度相談),,,,,,,
,ヒタチエ,ヒタチエ,日立市幸町1丁目16-1,約6坪,屋内（風除室含む）,グラスト,"40,000","72,000",要確認,,,,,,,,,,,
,リボンとりで,リボンとりで,取手市新町1-9-1,12m×1.6m,屋内（風除室含む）,グラスト,"20,000","25,000",要確認,,,,都度相談,,,,,,,
,VAL古河,VAL古河,古河市本町1丁目1番15号,長机2~3台程,屋内（風除室含む）,グラスト,"40,000","40,000",要確認,,,,契約行為NG(案内は問題無し),,,,,,,
,アクロスモール,アクロスモール守谷,守谷市松ケ丘6丁目6-1,長机1～3台程度,屋内（風除室含む）,場所とる,"28,000","38,000",要確認,,,,,,,,,,,
,カインズ,カインズホームスーパーセンター結城,結城市結城公達9784-3,長机1～2台程度,屋内（風除室含む）,場所とる,"23,000","25,000",要確認,,,,,,,,,,,
,カインズ,カインズ下妻,下妻市堀篭字曲田721,要確認,屋内（風除室含む）,場所とる,"23,000","25,000",要確認,,,,,,,,,,,
,カインズ,カインズホーム岩瀬,桜川市友部793,要確認,屋内（風除室含む）,場所とる,"23,000","25,000",要確認,,,,,,,,,,,
,カインズ,カインズ古河,古河市西牛谷字中明1550,要確認,屋内（風除室含む）,場所とる,"23,000","25,000",要確認,,,,,,,,,,,
,カインズ,カインズ玉造,行方市玉造甲1083-1,要確認,屋内（風除室含む）,場所とる,"23,000","25,000",要確認,,,,,,,,,,,
,カインズ,カインズ高萩,高萩市下手綱ヤワコ田1091-1,長机1台程度,屋内（風除室含む）,場所とる,"23,000","25,000",要確認,,,,,,,,,,,
,カインズ,カインズ阿見,阿見町荒川本郷2033-177,長机1～2台程度,屋内（風除室含む）,場所とる,"23,000","25,000",要確認,,,,,,,,,,,
,カインズ,カインズ神栖,神栖市平泉出口239-15,要確認,屋内（風除室含む）,場所とる,"23,000","25,000",要確認,,,,,,,,,,,
,カインズ,カインズ石岡玉里,小美玉市栗又四ケ2548-1,2m×1.5m程度,屋内（風除室含む）,場所とる,"23,000","25,000",要確認,,,,,,,,,,,
,カインズ,カインズホーム大子,大子町池田字下小沢1233,要確認,屋内（風除室含む）,場所とる,"23,000","25,000",要確認,,,,,,,,,,,
,カインズ,カインズホーム北茨城,北茨城市関南町神岡下字南浜田273,要確認,屋内（風除室含む）,場所とる,"23,000","25,000",要確認,,,,,,,,,,,
,カインズ,カインズ水戸,水戸市元吉田町 1270-1,要確認,屋内（風除室含む）,場所とる,"23,000","25,000",要確認,,,,,,,,,,,
,カインズ,カインズ龍ケ崎,龍ケ崎市小柴1-1,要確認,屋内（風除室含む）,場所とる,"23,000","25,000",要確認,,,,,,,,,,,
,カインズ,カインズ常陸太田,常陸太田市中城町4470,4m×1.5m程度,屋内（風除室含む）,場所とる,"23,000","25,000",要確認,,,,,,,,,,,
,カスミ,カスミフードスクエア日立神峰,,長机1～2台分程,屋内（風除室含む）,グラスト,"30,000","30,000",要確認,,,,,,,,,,,
,カスミ,カスミ那珂湊,,長机2台分～,屋内（風除室含む）,グラスト,"30,000","30,000",要確認,,,,,,,,,,,
,カスミ,カスミフードスクエア東海中央,,長机1～2台分程,屋外,グラスト,"30,000","30,000",要確認,,,,,,,,,,,
,カスミ,カスミフードスクエア水戸見川,,長机1～2台分程,屋内（風除室含む）,グラスト,"30,000","30,000",要確認,,,,,,,,,,,
,カスミ,カスミフードスクエア小川,,長机3～4台分程,屋外,グラスト,"30,000","30,000",要確認,,,,,,,,,,,
,カスミ,カスミ土浦駅前,,長机2台分程,屋内（風除室含む）,グラスト,"30,000","30,000",要確認,,,,,,,,,,,
,カスミ,カスミフードスクエア大穂,,長机2台分程,屋内（風除室含む）,グラスト,"30,000","30,000",要確認,,,,,,,,,,,
,カスミ,カスミフードスクエア新利根,,長机1～2台分程,屋外,グラスト,"30,000","30,000",要確認,,,,,,,,,,,
,カスミ,カスミ千代田,,長机1～2台分程,屋内（風除室含む）,グラスト,"30,000","30,000",要確認,,,,,,,,,,,
,カスミ,カスミフードスクエア荒川本郷,,長机2台分程,屋外,グラスト,"30,000","30,000",要確認,,,,,,,,,,,
,カスミ,カスミフードスクエア古河諸川,,長机2台分程,屋内（風除室含む）,グラスト,"30,000","30,000",要確認,,,,,,,,,,,
,カスミ,カスミFOODOFFストッカー千代川,,長机1～2台分程,屋内（風除室含む）,グラスト,"30,000","30,000",要確認,,,,,,,,,,,
,カスミ,カスミフードスクエア下妻,,長机2台分程,屋内（風除室含む）,グラスト,"30,000","30,000",要確認,,,,,,,,,,,
,カスミ,カスミきぬの里,,長机2台分程,屋外,グラスト,"30,000","30,000",要確認,,,,,,,,,,,
,カスミ,カスミ境大橋,,長机1台分程,屋内（風除室含む）,グラスト,"30,000","30,000",要確認,,,,,,,,,,,
,カスミ,カスミフードスクエア境,,長机1台分程,屋内（風除室含む）,グラスト,"30,000","30,000",要確認,,,,,,,,,,,
,カスミ,カスミ阿見よしわら店,茨城県稲敷郡阿見町よしわら２－１６－５,お問い合わせください,,スペースラボ,"30,000","30,000",実施可能,,,,,,,,,,,
,カスミ,カスミフードスクエア友部旭町店,茨城県笠間市旭町448-1,店頭軒下,,スペースラボ,"30,000","30,000",実施不可,,,,,,,,,,,
,カスミ,カスミフードスクエアテクノパーク桜店,茨城県つくば市桜1-22,,,スペースラボ,"30,000","30,000",実施不可,,,,,,,,,,,
,カスミ,カスミフードスクエア境店,茨城県猿島郡境町38-3,イートインコーナー,屋内（風除室含む）,スペースラボ,"30,000","30,000",実施不可,,,,,,,,,,,
,カスミ,カスミ境大橋店,茨城県猿島郡境町1276-8,,,スペースラボ,"30,000","30,000",実施不可,,,,,,,,,,,
,カスミ,カスミ鹿嶋スタジアム店,茨城県鹿嶋市宮中字角内附4783-1,,,スペースラボ,"30,000","30,000",実施不可,,,,,,,,,,,
,カスミ,カスミ神栖店,茨城県神栖市大野原4-1-41,レジアウト 空床区画,屋内（風除室含む）,スペースラボ,"30,000","30,000",実施可能,,,,,,,,,,,
,カスミ,カスミフードスクエアライフガーデン神栖店,,,,スペースラボ,"30,000","30,000",実施不可,,,,,,,,,,,
,カスミ,カスミ波崎店,茨城県神栖市波崎8473-3,店頭軒下,屋外,スペースラボ,"30,000","30,000",要確認,,,,,,,,,,,
,カスミ,カスミ大洋店,茨城県鉾田市汲上1131,,,スペースラボ,"30,000","30,000",要確認,,,,,,,,,,,
,カスミ,カスミフードスクエア岩瀬店,茨城県桜川市御領1-58,イートイン付近,屋内（風除室含む）,スペースラボ,"30,000","30,000",実施不可,,,,,,,,,,,
,カスミ,カスミフードスクエア八千代店,茨城県結城郡八千代町 菅谷56街区-1,ギフトコーナー隣,屋内（風除室含む）,スペースラボ,"30,000","30,000",実施不可,,,,,,,,,,,
,カスミ,カスミ協和店,茨城県筑西市新治1996-5,,,スペースラボ,"30,000","30,000",実施不可,,,,,,,,,,,
,カスミ,カスミフードスクエア結城店,茨城県結城市下り松三丁目3-1,空きテナント区画,屋内（風除室含む）,スペースラボ,"30,000","30,000",実施不可,,,,,,,,,,,
,カスミ,カスミFOOD OFFストッカー下妻東店,茨城県下妻市本城町1-81,空床区画,屋内（風除室含む）,スペースラボ,"30,000","30,000",実施可能,,,,,,,,,,,
,カスミ,カスミFOOD OFFストッカー下館店,茨城県筑西市乙223,空床区画,屋内（風除室含む）,スペースラボ,"30,000","30,000",実施可能,,,,,,,,,,,
,カスミ,カスミFOOD OFFストッカー下館店,茨城県筑西市乙223,ATM側入口横,屋内（風除室含む）,スペースラボ,"30,000","30,000",実施可能,,,,,,,,,,,
,カスミ,カスミフードスクエア下妻ふるさわ店,茨城県下妻市古沢 字屋敷東552-1,,,スペースラボ,"30,000","30,000",実施不可,,,,,,,,,,,
,カスミ,フードマーケットカスミ水海道栄町店,茨城県常総市水海道 栄町2680番地の2,風除室,屋内（風除室含む）,スペースラボ,"30,000","30,000",実施可能,,,,,,,,,,,
,カスミ,カスミ古河店,茨城県古河市原町237,空きテナント区画,屋内（風除室含む）,スペースラボ,"30,000","30,000",実施可能,,,,,,,,,,,
,カスミ,カスミ千代田店,茨城県かすみがうら市新治1827-31,,,スペースラボ,"30,000","30,000",実施不可,,,,,,,,,,,
,カスミ,カスミフードスクエアみらい平駅前店,茨城県つくばみらい市陽光台1丁目 14番地1,,,スペースラボ,"30,000","30,000",実施不可,,,,,,,,,,,
,カスミ,フードマーケットカスミ富士見ヶ丘店,茨城県つくばみらい市富士見ヶ丘1丁目1番,,,スペースラボ,"30,000","30,000",実施不可,,,,,,,,,,,
,カスミ,カスミフードスクエア美浦店,茨城県稲敷郡美浦村宮地1211-1,出入口付近,屋内（風除室含む）,スペースラボ,"30,000","30,000",実施可能,,,,,,,,,,,
,カスミ,カスミフードスクエア阿見店,茨城県稲敷郡阿見町中郷2丁目7番24,エスカレーター前,屋内（風除室含む）,スペースラボ,"30,000","30,000",実施可能,,,,,,,,,,,
,カスミ,カスミ松ヶ丘店,茨城県守谷市松ヶ丘6丁目6番1号,,,スペースラボ,"30,000","30,000",実施不可,,,,,,,,,,,
,カスミ,カスミフードスクエアライフガーデンみどりの店,茨城県つくば市みどりの中央11番地5,,,スペースラボ,"30,000","30,000",実施不可,,,,,,,,,,,
,カスミ,カスミFOOD OFFストッカー守谷店,茨城県守谷市本町631,道路側,屋外,スペースラボ,"30,000","30,000",実施可能,,,,,,,,,,,
,カスミ,カスミフードスクエアイオンタウン守谷店,茨城県守谷市百合ヶ丘3丁目249-1,,,スペースラボ,"30,000","30,000",実施不可,,,,,,,,,,,
,カスミ,カスミフードスクエア学園の森店,茨城県つくば市学園の森 2丁目34-4,,,スペースラボ,"30,000","30,000",実施不可,,,,,,,,,,,
,カスミ,カスミフードスクエアつくばスタイル店,茨城県つくば市研究学園5丁目19番,,,スペースラボ,"30,000","30,000",実施不可,,,,,,,,,,,
,カスミ,フードマーケットカスミみどりの駅前店,茨城県つくば市みどりの１丁目３－１,店頭軒下,屋外,スペースラボ,"30,000","30,000",実施可能,,,,,,,,,,,
,カスミ,カスミ筑波大学店,茨城県つくば市天久保3丁目1-10,,,スペースラボ,"30,000","30,000",実施不可,,,,,,,,,,,
,カスミ,カスミ梅園店,茨城県つくば市下原380-5,出入口前,屋内（風除室含む）,スペースラボ,"30,000","30,000",実施可能,,,,,,,,,,,
,カスミ,フードマーケットカスミグラン・プルシェ店,茨城県つくば市小野崎字 千駄苅278-1,,,スペースラボ,"30,000","30,000",実施不可,,,,,,,,,,,
,カスミ,フードマーケットカスミKASUMI LABO店,茨城県つくば市西大橋599-1(カスミつくばセンター1Ｆ),,,スペースラボ,"30,000","30,000",実施不可,,,,,,,,,,,
,カスミ,カスミFOOD OFFストッカー牛久柏田店,茨城県牛久市中央3丁目18番地の3,,,スペースラボ,"30,000","30,000",実施不可,,,,,,,,,,,
,カスミ,カスミフードスクエア学園店,茨城県つくば市竹園 2丁目12-1,,,スペースラボ,"30,000","30,000",実施不可,,,,,,,,,,,
,カスミ,カスミフードスクエア大穂店,茨城県つくば市筑穂1丁目15-6,,,スペースラボ,"30,000","30,000",実施不可,,,,,,,,,,,
,カスミ,カスミ筑波店,茨城県つくば市北条内町裏5144,,,スペースラボ,"30,000","30,000",実施不可,,,,,,,,,,,
,カスミ,カスミフードスクエア牛久店,茨城県牛久市神谷6丁目1-3,,,スペースラボ,"30,000","30,000",実施不可,,,,,,,,,,,
,カスミ,フードマーケットカスミプルシェつくばキュート店,茨城県つくば市吾妻1-6-1 キュート1F,,,スペースラボ,"30,000","30,000",実施不可,,,,,,,,,,,
,カスミ,カスミフードスクエア牛久刈谷店,茨城県牛久市田宮町653-1,店頭軒下,屋外,スペースラボ,"30,000","30,000",要確認,,,,,,,,,,,
,カスミ,カスミFOOD OFFストッカー牛久ししこ店, 茨城県つくば市高見原 1丁目3番地10,風除室,屋内（風除室含む）,スペースラボ,"30,000","30,000",実施可能,,,,,,,,,,,
,カスミ,カスミ万博記念公園駅前店,茨城県つくば市島名福田坪土地区画 整理地48街区,,,スペースラボ,"30,000","30,000",実施不可,,,,,,,,,,,
,カスミ,カスミ藤代店,茨城県取手市藤代641,,,スペースラボ,"30,000","30,000",実施不可,,,,,,,,,,,
,カスミ,フードマーケットカスミ取手ゆめみ野店,茨城県取手市ゆめみ野3丁目8-2,風除室,屋内（風除室含む）,スペースラボ,"30,000","30,000",実施可能,,,,,,,,,,,
,カスミ,カスミフードスクエアひたち野牛久店,茨城県牛久市ひたち野東 4丁目1番地2,イートインコーナー入口付近,屋内（風除室含む）,スペースラボ,"30,000","30,000",要確認,,,,,,,,,,,
,カスミ,カスミ八郷店,茨城県石岡市柿岡5686,,,スペースラボ,"30,000","30,000",実施不可,,,,,,,,,,,
,カスミ,カスミFOOD OFFストッカー佐貫店,茨城県龍ヶ崎市若柴町字 片初瀬3184-1,,,スペースラボ,"30,000","30,000",実施不可,,,,,,,,,,,
,カスミ,カスミ龍ケ岡店,茨城県龍ケ崎市藤ケ丘4-1-2,サービスカウンター付近,屋内（風除室含む）,スペースラボ,"30,000","30,000",実施可能,,,,,,,,,,,
,カスミ,カスミ龍ケ岡店,茨城県龍ケ崎市藤ケ丘4-1-2,レジ付近,屋内（風除室含む）,スペースラボ,"30,000","30,000",実施可能,,,,,,,,,,,
,カスミ,カスミ龍ケ岡店,茨城県龍ケ崎市藤ケ丘4-1-2,出入口付近,屋内（風除室含む）,スペースラボ,"30,000","30,000",実施可能,,,,,,,,,,,
,カスミ,カスミ高津店,茨城県土浦市中高津1丁目15番9号,,,スペースラボ,"30,000","30,000",実施不可,,,,,,,,,,,
,カスミ,カスミ中村店,茨城県土浦市中村南4丁目4番31号,イートインコーナー,屋内（風除室含む）,スペースラボ,"30,000","30,000",要確認,,,,,,,,,,,
,カスミ,カスミフードスクエアピアシティ石岡中央店,茨城県石岡市石岡2222-2,店内入口付近,屋内（風除室含む）,スペースラボ,"30,000","30,000",実施可能,,,,,,,,,,,
,カスミ,カスミ土浦中神立店,茨城県土浦市中神立町26-9,,,スペースラボ,"30,000","30,000",実施不可,,,,,,,,,,,
,カスミ,カスミフードスクエア龍ケ崎中里店,茨城県龍ケ崎市中里２－１－２,,,スペースラボ,"30,000","30,000",実施不可,,,,,,,,,,,
,カスミ,カスミフードスクエア土浦ピアタウン店,茨城県土浦市真鍋新町18-13,中央エスカレーター前,屋内（風除室含む）,スペースラボ,"30,000","30,000",実施可能,,,,,,,,,,,
,カスミ,カスミ並木店,茨城県土浦市並木3丁目8-1,風除室(クリーニング側出入口),屋内（風除室含む）,スペースラボ,"30,000","30,000",実施可能,,,,,,,,,,,
,カスミ,カスミフードスクエア友部店,茨城県笠間市美原1丁目1-7,イートインコーナー,屋内（風除室含む）,スペースラボ,"30,000","30,000",要確認,,,,,,,,,,,
,カスミ,フードマーケットカスミ岩間店,茨城県笠間市下郷4096-14,,,スペースラボ,"30,000","30,000",実施不可,,,,,,,,,,,
,カスミ,カスミフードスクエアイオンタウン水戸南店,茨城県東茨城郡茨城町 長岡3480-101,,,スペースラボ,"30,000","30,000",実施不可,,,,,,,,,,,
,カスミ,カスミFOOD OFFストッカー土浦田中店,茨城県土浦市田中2丁目10-30,,,スペースラボ,"30,000","30,000",実施不可,,,,,,,,,,,
,カスミ,カスミ笠間店,茨城県笠間市石井2096番地,ダイソー側出入口付近,屋内（風除室含む）,スペースラボ,"30,000","30,000",要確認,,,,,,,,,,,
,カスミ,カスミフードスクエア水戸赤塚店,茨城県水戸市河和田1丁目1番,,,スペースラボ,"30,000","30,000",実施不可,,,,,,,,,,,
,カスミ,カスミ南町店,茨城県水戸市南町2丁目5番地,,,スペースラボ,"30,000","30,000",実施不可,,,,,,,,,,,
,カスミ,カスミフードスクエア水戸堀町店,茨城県水戸市堀町新田1021番地2号,,,スペースラボ,"30,000","30,000",実施不可,,,,,,,,,,,
,カスミ,カスミフードスクエア水戸西原店,茨城県水戸市西原１丁目１４番５８号,カスミテラス側(右側)出入口横,屋内（風除室含む）,スペースラボ,"30,000","30,000",実施可能,,,,,,,,,,,
,カスミ,カスミFOOD OFFストッカー常澄店,茨城県水戸市東前町790,,,スペースラボ,"30,000","30,000",実施不可,,,,,,,,,,,
,カスミ,カスミ瓜連店,茨城県那珂市瓜連748-3,,,スペースラボ,"30,000","30,000",実施不可,,,,,,,,,,,
,カスミ,カスミフードスクエア舟石川店,茨城県那珂郡東海村東海 3丁目1番25号,イートインコーナー付近,屋内（風除室含む）,スペースラボ,"30,000","30,000",実施可能,,,,,,,,,,,
,カスミ,フードマーケットカスミ千波店,茨城県水戸市千波町千波山2467-3,マツキヨ側出入口横,屋内（風除室含む）,スペースラボ,"30,000","30,000",実施可能,,,,,,,,,,,
,カスミ,カスミFOOD OFFストッカー元吉田店,茨城県水戸市元吉田町荒谷1166-7,,,スペースラボ,"30,000","30,000",実施不可,,,,,,,,,,,
,カスミ,カスミ津田店,茨城県ひたちなか市津田2848-1,,,スペースラボ,"30,000","30,000",実施不可,,,,,,,,,,,
,カスミ,カスミ佐和店,茨城県ひたちなか市高場 5丁目1番地5,,,スペースラボ,"30,000","30,000",実施不可,,,,,,,,,,,
,カスミ,カスミ常陸大宮店,茨城県常陸大宮市姥賀町526-2,,,スペースラボ,"30,000","30,000",実施不可,,,,,,,,,,,
,カスミ,カスミFOOD OFFストッカーサンモリノ那珂店,茨城県那珂市菅谷1618-2,出入口横空床区画,屋内（風除室含む）,スペースラボ,"30,000","30,000",実施可能,,,,,,,,,,,
,カスミ,カスミFOOD OFFストッカーサンモリノ那珂店,茨城県那珂市菅谷1618-3,入口付近（パシオス側）,屋内（風除室含む）,スペースラボ,"30,000","30,000",実施可能,,,,,,,,,,,
,カスミ,カスミFOOD OFFストッカーサンモリノ那珂店,茨城県那珂市菅谷1618-4,レストスペース,屋内（風除室含む）,スペースラボ,"30,000","30,000",実施可能,,,,,,,,,,,
,カスミ,カスミフードスクエア馬渡店,茨城県ひたちなか市馬渡 向野2912-1,,,スペースラボ,"30,000","30,000",実施不可,,,,,,,,,,,
,カスミ,カスミフードスクエアひたちなか笹野店,茨城県ひたちなか市笹野町 1丁目12番3号,,,スペースラボ,"30,000","30,000",実施不可,,,,,,,,,,,
,カスミ,カスミ日立豊浦店,茨城県日立市川尻町5丁目3番17号,,,スペースラボ,"30,000","30,000",実施不可,,,,,,,,,,,
,カスミ,カスミFOOD OFFストッカー田尻店,茨城県日立市田尻町 3丁目26番13号,,,スペースラボ,"30,000","30,000",実施不可,,,,,,,,,,,
,カスミ,フードマーケットカスミ常陸太田店,茨城県常陸太田市塙町2953,クリーニング側横,屋内（風除室含む）,スペースラボ,"30,000","30,000",実施可能,,,,,,,,,,,
,カスミ,カスミ高萩店,茨城県高萩市大字安良川字 柳町181番地,入口付近（イートイン側）,屋内（風除室含む）,スペースラボ,"30,000","30,000",要確認,,,,,,,,,,,
,カスミ,カスミ東大沼店,茨城県日立市東大沼町3-26-20,,,スペースラボ,"30,000","30,000",実施不可,,,,,,,,,,,
,カスミ,カスミ鮎川店,茨城県日立市鮎川町4丁目1番54号,,,スペースラボ,"30,000","30,000",実施不可,,,,,,,,,,,
,カスミ,フードマーケットカスミ土合店,茨城県神栖市土合西1丁目2番5号,入口付近,屋内（風除室含む）,スペースラボ,"30,000","30,000",実施可能,,,,,,,,,,,
,カスミ,カスミフードスクエア鉾田店,茨城県鉾田市塔ケ崎字 塙下1065番,,,スペースラボ,"30,000","30,000",実施不可,,,,,,,,,,,
,カスミ,カスミFOOD OFFストッカー真壁店,茨城県桜川市真壁町桜井310-1,,,スペースラボ,"30,000","30,000",実施不可,,,,,,,,,,,
,カスミ,カスミフードスクエア下館南店,茨城県筑西市二木成1375,レジアウト,屋内（風除室含む）,スペースラボ,"30,000","30,000",実施可能,,,,,,,,,,,
,カスミ,フードマーケットカスミ古河丘里店,茨城県古河市東牛谷1467-1,入口付近,屋内（風除室含む）,スペースラボ,"30,000","30,000",実施可能,,,,,,,,,,,
,カスミ,カスミフードスクエア江戸崎パンプ店,茨城県稲敷市江戸崎甲4836,,,スペースラボ,"30,000","30,000",実施不可,,,,,,,,,,,
,カスミ,カスミ谷井田店,茨城県つくばみらい市 谷井田1244-1,風除室,屋内（風除室含む）,スペースラボ,"30,000","30,000",実施可能,,,,,,,,,,,
,カスミ,カスミフードスクエア守谷テラス店,茨城県守谷市久保ケ丘2-1-1,ダイソー側エスカレーター前,屋内（風除室含む）,スペースラボ,"30,000","30,000",実施可能,,,,,,,,,,,
,カスミ,カスミ取手店,茨城県取手市青柳385,,屋内（風除室含む）,スペースラボ,"30,000","30,000",実施不可,,,,,,,,,,,
,カスミ,カスミFOOD OFFストッカー石岡東店,茨城県石岡市東石岡4丁目8-36,店頭,屋外,スペースラボ,"30,000","30,000",実施可能,,,,,,,,,,,
,カスミ,カスミ平須店,茨城県水戸市平須町1828-36,コーヒーショップ前,屋内（風除室含む）,スペースラボ,"30,000","30,000",実施可能,,,,,,,,,,,
,カスミ,カスミフードスクエア那珂店,茨城県那珂市竹ノ内1丁目26番地1,,,スペースラボ,"30,000","30,000",実施不可,,,,,,,,,,,
,カスミ,カスミ利根町店,茨城県北相馬郡利根町四季の丘１丁目１６－１,青果側入り口付近,屋内（風除室含む）,スペースラボ,"30,000","30,000",要確認,,,,,,,,,,,
,イオン,イオン鹿嶋店,茨城県鹿嶋市宮中290-1,要確認,屋内（風除室含む）,ダイエースペース,"15,000","20,000",要確認,,,,都度申請※決裁の都合上、開催日の1か月前締め切り/回答まで1週間前後,,,,,,,
,イオン,イオン古河店　1F フードコート通路側中央柱前,茨城県古河市旭町1-2-17,2㎡ / 1坪,屋内（風除室含む）,ダイエースペース,"35,000","40,000",要確認,,,,都度申請※決裁の都合上、開催日の1か月前締め切り/回答まで1週間前後,,,,,,,
,マルエツ,マルエツ岩井店,坂東市辺田1517,店内スペース,屋内（風除室含む）,スペースラボ,"15,000","20,000",要確認,,,,都度申請※決裁の都合上、開催日の1か月前締め切り/回答まで1週間前後,,,,,,,
,ドン・キホーテ,①パウつちうらきた店/屋外店頭スペース,茨城県土浦市東若松町3993,3㎡,屋外,自由市場,"16,000","21,000",実施可能,,,,,,,,,,,
,ドン・キホーテ,②パウつちうらきた店/階段前スペース,茨城県土浦市東若松町3993,4.9㎡,屋内（風除室含む）,自由市場,"25,000","35,000",実施可能,,,,,,,,,,,
,ドン・キホーテ,下館店/1F常総バイパス側出入り口,茨城県筑西市西谷貝813,2㎡,屋内（風除室含む）,自由市場,"15,000","20,000",実施可能,,,,,,,,,,,
,ドン・キホーテ,水戸店/1F出入口付近,茨城県水戸市 河和田町3891-434,2㎡,屋外,自由市場,"12,000","16,000",実施可能,,,,,,,,,,,
,MEGAドン・キホーテ,つくば店/屋内休憩スペース,茨城県つくば市学園南3-16-1,5㎡,屋内（風除室含む）,自由市場,"21,000","31,000",実施可能,,,,,,,,,,,
,MEGAドン・キホーテ,龍ケ崎店/屋内レジアウト,茨城県龍ケ崎市小通幸谷町288,1㎡,屋内（風除室含む）,自由市場,"16,000","26,000",実施可能,,,,,,,,,,,
,MEGAドン・キホーテ,上水戸店/1Fエレベーター前スペース,茨城県水戸市上水戸2-9-10,10.8㎡,屋内（風除室含む）,自由市場,"26,000","41,500",要確認,,,,,,,,,,,
,MEGAドン・キホーテ,①勝田店/1F駐車場側入り口スペース,茨城県ひたちなか市石川町1-1,2.5㎡,屋内（風除室含む）,自由市場,"21,000","26,000",実施可能,,,,,,,,,,,
,MEGAドン・キホーテ,②勝田店/1Fセンタープラザスペース,茨城県ひたちなか市石川町1-1,4.4㎡,屋内（風除室含む）,自由市場,"26,000","41,500",実施可能,,,,,,,,,,,
,MEGAドン・キホーテ,UNY佐原東店/1Fエレベーター前,茨城県稲敷市西代1480番地,5.6㎡,屋内（風除室含む）,自由市場,"22,000","42,000",実施可能,,,,,,,,,,,
,MEGAドン・キホーテ,日立店/屋内出入口前スペース,茨城県日立市東滑川町4-12-2,9.4㎡,屋内（風除室含む）,自由市場,"16,000","26,000",実施可能,,,,,,,,,,,
,郵便局,水戸中央郵便局60010,水戸市三の丸1-4-29,要確認,屋内（風除室含む）,場所とる,"20,000","20,000",要確認,,,,,,,,,,,
,郵便局,下館郵便局60020,筑西市乙1008,要確認,屋内（風除室含む）,場所とる,"15,000","15,000",要確認,,,,,,,,,,,
,郵便局,土浦郵便局60030,土浦市城北町2-21,要確認,屋内（風除室含む）,場所とる,"20,000","20,000",要確認,,,,都度申請※決裁の都合上、開催日の1か月前締め切り/回答まで1週間前後,,,,,,,
,郵便局,笠間郵便局60040,笠間市笠間1593-11,要確認,屋内（風除室含む）,場所とる,"15,000","15,000",要確認,,,,都度申請※決裁の都合上、開催日の1か月前締め切り/回答まで1週間前後,,,,,,,
,郵便局,常陸太田郵便局60050,常陸太田市宮本町2352,要確認,屋内（風除室含む）,場所とる,"10,000","10,000",要確認,,,,都度申請※決裁の都合上、開催日の1か月前締め切り/回答まで1週間前後,,,,,,,
,郵便局,江戸崎郵便局60060,稲敷市江戸崎甲3558-1,要確認,屋内（風除室含む）,場所とる,"15,000","15,000",要確認,,,,,,,,,,,
,郵便局,古河郵便局60070,古河市桜町1-10,要確認,屋内（風除室含む）,場所とる,"15,000","15,000",要確認,,,,,,,,,,,
,郵便局,水海道郵便局60080,常総市水海道諏訪町3220-2,要確認,屋内（風除室含む）,場所とる,"15,000","15,000",要確認,,,,,,,,,,,
,郵便局,結城郵便局60090,結城市結城7195-2,要確認,屋内（風除室含む）,場所とる,"15,000","15,000",要確認,,,,,,,,,,,
,郵便局,水戸下市郵便局60100,水戸市紺屋町1386-4,要確認,屋内（風除室含む）,場所とる,"10,000","10,000",要確認,,,,,,,,,,,
,郵便局,石岡郵便局60110,石岡市府中1-7-28,要確認,屋内（風除室含む）,場所とる,"15,000","15,000",要確認,,,,,,,,,,,
,郵便局,大洗郵便局60120,大洗町磯浜町6881-364,要確認,屋内（風除室含む）,場所とる,"10,000","10,000",要確認,,,,,,,,,,,
,郵便局,下妻郵便局60130,下妻市下妻乙1167-1,要確認,屋内（風除室含む）,場所とる,"15,000","15,000",要確認,,,,,,,,,,,
,郵便局,真壁郵便局60140,桜川市真壁町飯塚1001-2,要確認,屋内（風除室含む）,場所とる,"10,000","10,000",要確認,,,,,,,,,,,
,郵便局,湊本町郵便局60150,ひたちなか市湊本町9-1,要確認,屋内（風除室含む）,場所とる,"10,000","10,000",要確認,,,,,,,,,,,
,郵便局,龍ケ崎郵便局60160,龍ケ崎市出し山町168,要確認,屋内（風除室含む）,場所とる,"15,000","15,000",要確認,,,,,,,,,,,
,郵便局,波崎郵便局60170,神栖市波崎8635-8,要確認,屋内（風除室含む）,場所とる,"10,000","10,000",要確認,,,,,,,,,,,
,郵便局,大津郵便局60180,北茨城市大津町北町3098,要確認,屋内（風除室含む）,場所とる,"10,000","10,000",要確認,,,,,,,,,,,
,郵便局,利根郵便局60190,利根町布川2599,要確認,屋内（風除室含む）,場所とる,"10,000","10,000",要確認,,,,,,,,,,,
,郵便局,那珂郵便局60200,那珂市菅谷167-7,要確認,屋内（風除室含む）,場所とる,"15,000","15,000",要確認,,,,,,,,,,,
,郵便局,鉾田郵便局60210,鉾田市鉾田111-5,要確認,屋内（風除室含む）,場所とる,"15,000","15,000",要確認,,,,,,,,,,,
,郵便局,高萩郵便局60220,高萩市高萩1929-16,要確認,屋内（風除室含む）,場所とる,"15,000","15,000",要確認,,,,,,,,,,,
,郵便局,取手郵便局60230,取手市西2-37-1,要確認,屋内（風除室含む）,場所とる,"15,000","15,000",要確認,,,,,,,,,,,
,郵便局,潮来郵便局60240,潮来市潮来103-3,要確認,屋内（風除室含む）,場所とる,"10,000","10,000",要確認,,,,,,,,,,,
,郵便局,筑波谷田部郵便局60250,つくば市谷田部2961,要確認,屋内（風除室含む）,場所とる,"15,000","15,000",要確認,,,,,,,,,,,
,郵便局,千代川郵便局60260,"下妻市原484",要確認,屋内（風除室含む）,場所とる,"10,000","10,000",要確認,,,,,,,,,,,
,郵便局,平潟郵便局60270,北茨城市平潟町516,要確認,屋内（風除室含む）,場所とる,"10,000","10,000",要確認,,,,,,,,,,,
,郵便局,茨城境郵便局60280,境町95ｰ12,要確認,屋内（風除室含む）,場所とる,"15,000","15,000",要確認,,,,,,,,,,,
,郵便局,麻生郵便局60290,行方市麻生1157,要確認,屋内（風除室含む）,場所とる,"10,000","10,000",要確認,,,,,,,,,,,
,郵便局,大子郵便局60300,大子町大子676,要確認,屋内（風除室含む）,場所とる,"10,000","10,000",要確認,,,,,,,,,,,
,郵便局,筑波郵便局60310,つくば市北条4347-6,要確認,屋内（風除室含む）,場所とる,"10,000","10,000",要確認,,,,,,,,,,,
,郵便局,大宮郵便局60320,常陸大宮市東富町630,要確認,屋内（風除室含む）,場所とる,"10,000","10,000",要確認,,,,,,,,,,,
,郵便局,玉造郵便局60330,行方市玉造甲227,要確認,屋内（風除室含む）,場所とる,"10,000","10,000",要確認,,,,,,,,,,,
,郵便局,川尻郵便局60340,日立市川尻町1-38-14,要確認,屋内（風除室含む）,場所とる,"10,000","10,000",要確認,,,,,,,,,,,
,郵便局,久慈浜郵便局60350,日立市久慈町3-32-15,要確認,屋内（風除室含む）,場所とる,"10,000","10,000",要確認,,,,,,,,,,,
,郵便局,関城郵便局60360,筑西市関本分中150-4,要確認,屋内（風除室含む）,場所とる,"10,000","10,000",要確認,,,,,,,,,,,
,郵便局,岩瀬郵便局60370,桜川市岩瀬71-1,要確認,屋内（風除室含む）,場所とる,"10,000","10,000",要確認,,,,,,,,,,,
,郵便局,守谷郵便局60380,守谷市本町701-2,要確認,屋内（風除室含む）,場所とる,"15,000","15,000",要確認,,,,,,,,,,,
,郵便局,岩井郵便局60390,坂東市岩井4635-2,要確認,屋内（風除室含む）,場所とる,"15,000","15,000",要確認,,,,,,,,,,,
,郵便局,八千代菅谷郵便局60400,八千代町菅谷9-5,要確認,屋内（風除室含む）,場所とる,"10,000","10,000",要確認,,,,,,,,,,,
,郵便局,天下野郵便局60410,常陸太田市天下野町5602-1,要確認,屋内（風除室含む）,場所とる,"10,000","10,000",要確認,,,,,,,,,,,
,郵便局,八里郵便局60420,常陸大宮市油河内76-3,要確認,屋内（風除室含む）,場所とる,"10,000","10,000",要確認,,,,,,,,,,,
,郵便局,石塚郵便局60430,城里町石塚2212-3,要確認,屋内（風除室含む）,場所とる,"10,000","10,000",要確認,,,,,,,,,,,
,郵便局,大中郵便局60440,常陸太田市大中町1649-2,要確認,屋内（風除室含む）,場所とる,"10,000","10,000",要確認,,,,,,,,,,,
,郵便局,馬渡郵便局60450,ひたちなか市馬渡3428-4,要確認,屋内（風除室含む）,場所とる,"10,000","10,000",要確認,,,,,,,,,,,
,郵便局,宍戸郵便局60460,笠間市平町2040,要確認,屋内（風除室含む）,場所とる,"10,000","10,000",要確認,,,,,,,,,,,
,郵便局,常陸小川郵便局60470,小美玉市小川1632,要確認,屋内（風除室含む）,場所とる,"10,000","10,000",要確認,,,,,,,,,,,
,郵便局,八郷郵便局60480,石岡市柿岡2026,要確認,屋内（風除室含む）,場所とる,"10,000","10,000",要確認,,,,,,,,,,,
,郵便局,美浦郵便局60490,美浦村宮地1211-10,要確認,屋内（風除室含む）,場所とる,"10,000","10,000",要確認,,,,,,,,,,,
,郵便局,土浦南郵便局60500,土浦市荒川沖東2-25-1,要確認,屋内（風除室含む）,場所とる,"15,000","15,000",要確認,,,,,,,,,,,
,郵便局,大穂郵便局60510,つくば市大曽根3397,要確認,屋内（風除室含む）,場所とる,"15,000","15,000",要確認,,,,,,,,,,,
,郵便局,田伏郵便局60520,かすみがうら市田伏1633-1,要確認,屋内（風除室含む）,場所とる,"10,000","10,000",要確認,,,,,,,,,,,
,郵便局,萩原郵便局60530,神栖市萩原970-1,要確認,屋内（風除室含む）,場所とる,"10,000","10,000",要確認,,,,,,,,,,,
,郵便局,河内郵便局60540,河内町源清田5591,要確認,屋内（風除室含む）,場所とる,"10,000","10,000",要確認,,,,,,,,,,,
,郵便局,石下郵便局60550,常総市新石下4527,要確認,屋内（風除室含む）,場所とる,"15,000","15,000",要確認,,,,,,,,,,,
,郵便局,五霞郵便局60560,五霞町元栗橋965-1,要確認,屋内（風除室含む）,場所とる,"10,000","10,000",要確認,,,,,,,,,,,
,郵便局,鹿嶋郵便局60570,鹿嶋市鉢形1527-2,要確認,屋内（風除室含む）,場所とる,"10,000","10,000",要確認,,,,,,,,,,,
,郵便局,大野郵便局60580,鹿嶋市奈良毛451-1,要確認,屋内（風除室含む）,場所とる,"10,000","10,000",要確認,,,,,,,,,,,
,郵便局,大洋郵便局60590,鉾田市札1120-1,要確認,屋内（風除室含む）,場所とる,"10,000","10,000",要確認,,,,,,,,,,,
,郵便局,三和郵便局60600,古河市仁連1914,要確認,屋内（風除室含む）,場所とる,"15,000","15,000",要確認,,,,,,,,,,,
,郵便局,堅倉郵便局60610,小美玉市堅倉1443-1,要確認,屋内（風除室含む）,場所とる,"10,000","10,000",要確認,,,,,,,,,,,
,郵便局,日立郵便局60620,日立市幸町2-3-28,要確認,屋内（風除室含む）,場所とる,"15,000","15,000",要確認,,,,,,,,,,,
,郵便局,牛久郵便局60630,牛久市中央3-5-2,要確認,屋内（風除室含む）,場所とる,"20,000","20,000",要確認,,,,,,,,,,,
,郵便局,吉沼郵便局60640,つくば市吉沼4082,要確認,屋内（風除室含む）,場所とる,"10,000","10,000",要確認,,,,,,,,,,,
,郵便局,水戸大工町郵便局60650,水戸市大工町3-1-22-2,要確認,屋内（風除室含む）,場所とる,"10,000","10,000",要確認,,,,,,,,,,,
,郵便局,明野郵便局60660,筑西市海老ケ島1597,要確認,屋内（風除室含む）,場所とる,"10,000","10,000",要確認,,,,,,,,,,,
,郵便局,緒川郵便局60670,常陸大宮市上小瀬2114-1,要確認,屋内（風除室含む）,場所とる,"10,000","10,000",要確認,,,,,,,,,,,
,郵便局,多賀郵便局60680,日立市多賀町1-11-10,要確認,屋内（風除室含む）,場所とる,"15,000","15,000",要確認,,,,,,,,,,,
,郵便局,藤代郵便局60690,取手市片町339-1,要確認,屋内（風除室含む）,場所とる,"15,000","15,000",要確認,,,,,,,,,,,
,郵便局,阿波郵便局60710,稲敷市阿波1500-1,要確認,屋内（風除室含む）,場所とる,"10,000","10,000",要確認,,,,,,,,,,,
,郵便局,山方郵便局60720,常陸大宮市山方667-3,要確認,屋内（風除室含む）,場所とる,"10,000","10,000",要確認,,,,,,,,,,,
,郵便局,美和郵便局60730,常陸大宮市高部5271-12,要確認,屋内（風除室含む）,場所とる,"10,000","10,000",要確認,,,,,,,,,,,
,郵便局,町付郵便局60750,大子町町付1182-1,要確認,屋内（風除室含む）,場所とる,"10,000","10,000",要確認,,,,,,,,,,,
,郵便局,伊奈郵便局60760,つくばみらい市板橋2788,要確認,屋内（風除室含む）,場所とる,"10,000","10,000",要確認,,,,,,,,,,,
,郵便局,協和郵便局60790,筑西市新治1991-56,要確認,屋内（風除室含む）,場所とる,"10,000","10,000",要確認,,,,,,,,,,,
,郵便局,町屋郵便局60800,"常陸太田市町屋町1236-1",要確認,屋内（風除室含む）,場所とる,"10,000","10,000",要確認,,,,,,,,,,,
,郵便局,御前山郵便局60810,常陸大宮市長倉1032,要確認,屋内（風除室含む）,場所とる,"10,000","10,000",要確認,,,,,,,,,,,
,郵便局,野口郵便局60820,常陸大宮市野口2093-3,要確認,屋内（風除室含む）,場所とる,"10,000","10,000",要確認,,,,,,,,,,,
,郵便局,内原郵便局60830,水戸市内原2-1,要確認,屋内（風除室含む）,場所とる,"15,000","15,000",要確認,,,,,,,,,,,
,郵便局,茨城郵便局60840,茨城町小堤1021-1,要確認,屋内（風除室含む）,場所とる,"10,000","10,000",要確認,,,,,,,,,,,
,郵便局,黒子郵便局60850,筑西市辻1300,要確認,屋内（風除室含む）,場所とる,"10,000","10,000",要確認,,,,,,,,,,,
,郵便局,海老沢郵便局60860,茨城町海老沢18-5,要確認,屋内（風除室含む）,場所とる,"10,000","10,000",要確認,,,,,,,,,,,
,郵便局,北浦郵便局60870,行方市山田1340,要確認,屋内（風除室含む）,場所とる,"10,000","10,000",要確認,,,,,,,,,,,
,郵便局,額田郵便局60880,那珂市額田北郷608-4,要確認,屋内（風除室含む）,場所とる,"10,000","10,000",要確認,,,,,,,,,,,
,郵便局,出島郵便局60890,かすみがうら市深谷1365-1,要確認,屋内（風除室含む）,場所とる,"10,000","10,000",要確認,,,,,,,,,,,
,郵便局,川島郵便局60900,筑西市伊佐山160,要確認,屋内（風除室含む）,場所とる,"10,000","10,000",要確認,,,,,,,,,,,
,郵便局,塩子郵便局60920,城里町塩子3421-1,要確認,屋内（風除室含む）,場所とる,"10,000","10,000",要確認,,,,,,,,,,,
,郵便局,子生郵便局60930,鉾田市子生387-1,要確認,屋内（風除室含む）,場所とる,"10,000","10,000",要確認,,,,,,,,,,,
,郵便局,平磯郵便局60950,ひたちなか市平磯町1152,要確認,屋内（風除室含む）,場所とる,"10,000","10,000",要確認,,,,,,,,,,,
,郵便局,高浜郵便局60960,石岡市高浜811,要確認,屋内（風除室含む）,場所とる,"10,000","10,000",要確認,,,,,,,,,,,
,郵便局,岩間郵便局60970,笠間市下郷4438,要確認,屋内（風除室含む）,場所とる,"10,000","10,000",要確認,,,,,,,,,,,
,郵便局,上郷郵便局60980,つくば市上郷1384-3,要確認,屋内（風除室含む）,場所とる,"10,000","10,000",要確認,,,,,,,,,,,
,郵便局,矢田部郵便局60990,神栖市矢田部6498-1,要確認,屋内（風除室含む）,場所とる,"10,000","10,000",要確認,,,,,,,,,,,
,郵便局,福原郵便局61000,笠間市福原1330-6,要確認,屋内（風除室含む）,場所とる,"10,000","10,000",要確認,,,,,,,,,,,
,郵便局,石下飯沼郵便局61010,"常総市孫兵ヱ新田617-16",要確認,屋内（風除室含む）,場所とる,"10,000","10,000",要確認,,,,,,,,,,,
,郵便局,古河中田郵便局61020,古河市中田1173-5,要確認,屋内（風除室含む）,場所とる,"10,000","10,000",要確認,,,,,,,,,,,
,郵便局,総和郵便局61030,古河市下大野744-4,要確認,屋内（風除室含む）,場所とる,"15,000","15,000",要確認,,,,,,,,,,,
,郵便局,牛堀郵便局61040,潮来市牛堀124,要確認,屋内（風除室含む）,場所とる,"10,000","10,000",要確認,,,,,,,,,,,
,郵便局,高道祖郵便局61050,下妻市高道祖4576-3,要確認,屋内（風除室含む）,場所とる,"10,000","10,000",要確認,,,,,,,,,,,
,郵便局,大貫郵便局61060,大洗町大貫町64-239,要確認,屋内（風除室含む）,場所とる,"10,000","10,000",要確認,,,,,,,,,,,
,郵便局,日立水木郵便局61070,日立市水木町1-19-3,要確認,屋内（風除室含む）,場所とる,"10,000","10,000",要確認,,,,,,,,,,,
,郵便局,桜川古渡郵便局61080,稲敷市古渡304-1,要確認,屋内（風除室含む）,場所とる,"10,000","10,000",要確認,,,,,,,,,,,
,郵便局,猿島郵便局61090,坂東市沓掛4995-1,要確認,屋内（風除室含む）,場所とる,"10,000","10,000",要確認,,,,,,,,,,,
,郵便局,藤沢郵便局61100,土浦市藤沢1443,要確認,屋内（風除室含む）,場所とる,"10,000","10,000",要確認,,,,,,,,,,,
,郵便局,つくば小田郵便局61110,つくば市小田2946-1,要確認,屋内（風除室含む）,場所とる,"10,000","10,000",要確認,,,,,,,,,,,
,郵便局,雨引郵便局61120,桜川市本木445-2,要確認,屋内（風除室含む）,場所とる,"10,000","10,000",要確認,,,,,,,,,,,
,郵便局,中上野郵便局61130,筑西市中上野717,要確認,屋内（風除室含む）,場所とる,"10,000","10,000",要確認,,,,,,,,,,,
,郵便局,小栗郵便局61140,筑西市小栗2657-17,要確認,屋内（風除室含む）,場所とる,"10,000","10,000",要確認,,,,,,,,,,,
,郵便局,日立大和田郵便局61150,日立市大和田町1-6-30,要確認,屋内（風除室含む）,場所とる,"10,000","10,000",要確認,,,,,,,,,,,
,郵便局,東那珂郵便局61160,桜川市西小塙426-1,要確認,屋内（風除室含む）,場所とる,"10,000","10,000",要確認,,,,,,,,,,,
,郵便局,笠間石井郵便局61180,笠間市石井1090,要確認,屋内（風除室含む）,場所とる,"10,000","10,000",要確認,,,,,,,,,,,
,郵便局,東海郵便局61200,東海村東海3-1-27,要確認,屋内（風除室含む）,場所とる,"15,000","15,000",要確認,,,,,,,,,,,
,郵便局,根本郵便局61210,稲敷市上根本3478,要確認,屋内（風除室含む）,場所とる,"10,000","10,000",要確認,,,,,,,,,,,
,郵便局,赤塚郵便局61220,水戸市赤塚2-212,要確認,屋内（風除室含む）,場所とる,"15,000","15,000",要確認,,,,,,,,,,,
,郵便局,飯富郵便局61230,水戸市飯富町1232,要確認,屋内（風除室含む）,場所とる,"10,000","10,000",要確認,,,,,,,,,,,
,郵便局,高萩上手綱郵便局61250,高萩市上手綱646-4,要確認,屋内（風除室含む）,場所とる,"10,000","10,000",要確認,,,,,,,,,,,
,郵便局,小幡郵便局61260,石岡市小幡695-3,要確認,屋内（風除室含む）,場所とる,"10,000","10,000",要確認,,,,,,,,,,,
,郵便局,千代田志筑郵便局61270,かすみがうら市中志筑1289,要確認,屋内（風除室含む）,場所とる,"10,000","10,000",要確認,,,,,,,,,,,
,郵便局,矢幡郵便局61290,行方市矢幡2040-4,要確認,屋内（風除室含む）,場所とる,"10,000","10,000",要確認,,,,,,,,,,,
,郵便局,久米郵便局61300,常陸太田市久米町1536,要確認,屋内（風除室含む）,場所とる,"10,000","10,000",要確認,,,,,,,,,,,
,郵便局,深芝郵便局61310,神栖市深芝2613,要確認,屋内（風除室含む）,場所とる,"10,000","10,000",要確認,,,,,,,,,,,
,郵便局,真鍋郵便局61320,土浦市真鍋新町18-9,要確認,屋内（風除室含む）,場所とる,"10,000","10,000",要確認,,,,,,,,,,,
,郵便局,稲田郵便局61330,笠間市稲田2323-1,要確認,屋内（風除室含む）,場所とる,"10,000","10,000",要確認,,,,,,,,,,,
,郵便局,十王郵便局61340,日立市十王町友部129-8,要確認,屋内（風除室含む）,場所とる,"10,000","10,000",要確認,,,,,,,,,,,
,郵便局,井上郵便局61360,行方市井上523-3,要確認,屋内（風除室含む）,場所とる,"10,000","10,000",要確認,,,,,,,,,,,
,郵便局,菅生郵便局61370,常総市菅生町1689-3,要確認,屋内（風除室含む）,場所とる,"10,000","10,000",要確認,,,,,,,,,,,
,郵便局,水戸五軒町郵便局61380,水戸市五軒町1-1-10,要確認,屋内（風除室含む）,場所とる,"10,000","10,000",要確認,,,,,,,,,,,
,郵便局,北茨城華川郵便局61410,北茨城市華川町小豆畑1070-8,要確認,屋内（風除室含む）,場所とる,"10,000","10,000",要確認,,,,,,,,,,,
,郵便局,浮島郵便局61420,稲敷市浮島3662,要確認,屋内（風除室含む）,場所とる,"10,000","10,000",要確認,,,,,,,,,,,
,郵便局,延方郵便局61430,潮来市宮前1-20-6,要確認,屋内（風除室含む）,場所とる,"10,000","10,000",要確認,,,,,,,,,,,
,郵便局,羽生郵便局61440,行方市羽生566-1,要確認,屋内（風除室含む）,場所とる,"10,000","10,000",要確認,,,,,,,,,,,
,郵便局,藤代山王郵便局61450,取手市山王202,要確認,屋内（風除室含む）,場所とる,"10,000","10,000",要確認,,,,,,,,,,,
,郵便局,東海駅西口郵便局61460,東海村舟石川駅西4-7-9,要確認,屋内（風除室含む）,場所とる,"15,000","15,000",要確認,,,,,,,,,,,
,郵便局,筑波山郵便局61470,つくば市筑波802,要確認,屋内（風除室含む）,場所とる,"10,000","10,000",要確認,,,,,,,,,,,
,郵便局,沖宿郵便局61480,土浦市沖宿町1447-1,要確認,屋内（風除室含む）,場所とる,"10,000","10,000",要確認,,,,,,,,,,,
,郵便局,常陸太田栄町郵便局61490,常陸太田市栄町127-1,要確認,屋内（風除室含む）,場所とる,"10,000","10,000",要確認,,,,,,,,,,,
,郵便局,村田郵便局61500,筑西市村田1728,要確認,屋内（風除室含む）,場所とる,"10,000","10,000",要確認,,,,,,,,,,,
,郵便局,大国郵便局61510,桜川市大国玉601,要確認,屋内（風除室含む）,場所とる,"10,000","10,000",要確認,,,,,,,,,,,
,郵便局,友部郵便局61520,笠間市八雲2-9-12,要確認,屋内（風除室含む）,場所とる,"15,000","15,000",要確認,,,,,,,,,,,
,郵便局,大宮玉川郵便局61530,常陸大宮市東野3063-2,要確認,屋内（風除室含む）,場所とる,"10,000","10,000",要確認,,,,,,,,,,,
,郵便局,日立会瀬郵便局61540,日立市会瀬町1-6-22,要確認,屋内（風除室含む）,場所とる,"10,000","10,000",要確認,,,,,,,,,,,
,郵便局,羽鳥郵便局61550,小美玉市羽鳥2588-3,要確認,屋内（風除室含む）,場所とる,"10,000","10,000",要確認,,,,,,,,,,,
,郵便局,桜郵便局61570,つくば市栄263-3,要確認,屋内（風除室含む）,場所とる,"10,000","10,000",要確認,,,,,,,,,,,
,郵便局,柴崎郵便局61580,稲敷市柴崎378,要確認,屋内（風除室含む）,場所とる,"10,000","10,000",要確認,,,,,,,,,,,
,郵便局,上大島郵便局61590,つくば市上大島1046,要確認,屋内（風除室含む）,場所とる,"10,000","10,000",要確認,,,,,,,,,,,
,郵便局,阿波山郵便局61600,城里町阿波山1020-1,要確認,屋内（風除室含む）,場所とる,"10,000","10,000",要確認,,,,,,,,,,,
,郵便局,東郵便局61610,稲敷市曲渕133-1,要確認,屋内（風除室含む）,場所とる,"10,000","10,000",要確認,,,,,,,,,,,
,郵便局,水戸袴塚郵便局61620,水戸市袴塚2-1-43,要確認,屋内（風除室含む）,場所とる,"10,000","10,000",要確認,,,,,,,,,,,
,郵便局,汲上郵便局61640,鉾田市汲上1696,要確認,屋内（風除室含む）,場所とる,"10,000","10,000",要確認,,,,,,,,,,,
,郵便局,勝田稲田郵便局61650,ひたちなか市稲田1-7-4,要確認,屋内（風除室含む）,場所とる,"15,000","15,000",要確認,,,,,,,,,,,
,郵便局,大宝郵便局61660,下妻市大宝47,要確認,屋内（風除室含む）,場所とる,"10,000","10,000",要確認,,,,,,,,,,,
,郵便局,金砂郵便局61670,常陸太田市下宮河内町812-5,要確認,屋内（風除室含む）,場所とる,"10,000","10,000",要確認,,,,,,,,,,,
,郵便局,安飾郵便局61680,かすみがうら市安食989-1,要確認,屋内（風除室含む）,場所とる,"10,000","10,000",要確認,,,,,,,,,,,
,郵便局,奥野郵便局61690,牛久市奥原町618-2,要確認,屋内（風除室含む）,場所とる,"10,000","10,000",要確認,,,,,,,,,,,
,郵便局,瓦会郵便局61700,石岡市瓦谷2336-4,要確認,屋内（風除室含む）,場所とる,"10,000","10,000",要確認,,,,,,,,,,,
,郵便局,秋津郵便局61710,鉾田市高田449,要確認,屋内（風除室含む）,場所とる,"10,000","10,000",要確認,,,,,,,,,,,
,郵便局,行方橋門郵便局61720,行方市橋門307-1,要確認,屋内（風除室含む）,場所とる,"10,000","10,000",要確認,,,,,,,,,,,
,郵便局,大場郵便局61740,水戸市大場町3-22,要確認,屋内（風除室含む）,場所とる,"10,000","10,000",要確認,,,,,,,,,,,
,郵便局,鉾田鳥栖郵便局61760,鉾田市鳥栖1851-6,要確認,屋内（風除室含む）,場所とる,"10,000","10,000",要確認,,,,,,,,,,,
,郵便局,土浦駅前郵便局61780,土浦市大和町5-4,要確認,屋内（風除室含む）,場所とる,"10,000","10,000",要確認,,,,,,,,,,,
,郵便局,阿見郵便局61790,阿見町阿見4397-7,要確認,屋内（風除室含む）,場所とる,"15,000","15,000",要確認,,,,,,,,,,,
,郵便局,田崎郵便局61810,鉾田市田崎3886-1,要確認,屋内（風除室含む）,場所とる,"10,000","10,000",要確認,,,,,,,,,,,
,郵便局,村松郵便局61820,東海村村松3382-1,要確認,屋内（風除室含む）,場所とる,"10,000","10,000",要確認,,,,,,,,,,,
,郵便局,日高郵便局61840,日立市日高町1-27-23,要確認,屋内（風除室含む）,場所とる,"10,000","10,000",要確認,,,,,,,,,,,
,郵便局,三坂郵便局61850,常総市三坂町1544-4,要確認,屋内（風除室含む）,場所とる,"10,000","10,000",要確認,,,,,,,,,,,
,郵便局,八千代郵便局61860,八千代町若1302-1,要確認,屋内（風除室含む）,場所とる,"10,000","10,000",要確認,,,,,,,,,,,
,郵便局,大子佐原郵便局61870,大子町左貫1966-4,要確認,屋内（風除室含む）,場所とる,"10,000","10,000",要確認,,,,,,,,,,,
,郵便局,高萩花貫郵便局61880,高萩市安良川242-1,要確認,屋内（風除室含む）,場所とる,"10,000","10,000",要確認,,,,,,,,,,,
,郵便局,真瀬郵便局61890,つくば市真瀬1124-5,要確認,屋内（風除室含む）,場所とる,"10,000","10,000",要確認,,,,,,,,,,,
,郵便局,水戸緑岡郵便局61900,水戸市千波町2461,要確認,屋内（風除室含む）,場所とる,"15,000","15,000",要確認,,,,,,,,,,,
,郵便局,橘郵便局61910,小美玉市与沢937-1,要確認,屋内（風除室含む）,場所とる,"10,000","10,000",要確認,,,,,,,,,,,
,郵便局,水戸本町郵便局61920,水戸市本町3-20-35,要確認,屋内（風除室含む）,場所とる,"10,000","10,000",要確認,,,,,,,,,,,
,郵便局,上小川郵便局61930,大子町頃藤4934-1,要確認,屋内（風除室含む）,場所とる,"10,000","10,000",要確認,,,,,,,,,,,
,郵便局,小絹郵便局61940,つくばみらい市小絹1219-1,要確認,屋内（風除室含む）,場所とる,"10,000","10,000",要確認,,,,,,,,,,,
,郵便局,大賀郵便局61950,常陸大宮市岩崎332-2,要確認,屋内（風除室含む）,場所とる,"10,000","10,000",要確認,,,,,,,,,,,
,郵便局,南川根郵便局61960,笠間市安居1465,要確認,屋内（風除室含む）,場所とる,"10,000","10,000",要確認,,,,,,,,,,,
,郵便局,葛城郵便局61970,つくば市苅間388,要確認,屋内（風除室含む）,場所とる,"10,000","10,000",要確認,,,,,,,,,,,
,郵便局,森戸郵便局61980,境町伏木鉦浦1262-4,要確認,屋内（風除室含む）,場所とる,"10,000","10,000",要確認,,,,,,,,,,,
,郵便局,総和小堤郵便局62000,古河市小堤1391-1,要確認,屋内（風除室含む）,場所とる,"10,000","10,000",要確認,,,,,,,,,,,
,郵便局,武田郵便局62010,行方市両宿101,要確認,屋内（風除室含む）,場所とる,"10,000","10,000",要確認,,,,,,,,,,,
,郵便局,檜沢郵便局62040,常陸大宮市下檜沢1711-1,要確認,屋内（風除室含む）,場所とる,"10,000","10,000",要確認,,,,,,,,,,,
,郵便局,大池田郵便局62050,笠間市大橋2185-4,要確認,屋内（風除室含む）,場所とる,"10,000","10,000",要確認,,,,,,,,,,,
,郵便局,八俣郵便局62060,古河市東山田3611-1,要確認,屋内（風除室含む）,場所とる,"10,000","10,000",要確認,,,,,,,,,,,
,郵便局,旭郵便局62080,つくば市豊里の杜2-1-1,要確認,屋内（風除室含む）,場所とる,"10,000","10,000",要確認,,,,,,,,,,,
,郵便局,中野郵便局62090,鹿嶋市荒野1883,要確認,屋内（風除室含む）,場所とる,"10,000","10,000",要確認,,,,,,,,,,,
,郵便局,若松郵便局62110,神栖市須田2340-127,要確認,屋内（風除室含む）,場所とる,"10,000","10,000",要確認,,,,,,,,,,,
,郵便局,大和郵便局62120,行方市四鹿1266,要確認,屋内（風除室含む）,場所とる,"10,000","10,000",要確認,,,,,,,,,,,
,郵便局,常澄郵便局62160,水戸市東前2-5,要確認,屋内（風除室含む）,場所とる,"10,000","10,000",要確認,,,,,,,,,,,
,郵便局,結城武井郵便局62170,結城市武井805-5,要確認,屋内（風除室含む）,場所とる,"10,000","10,000",要確認,,,,,,,,,,,
,郵便局,あずま伊崎郵便局62180,稲敷市伊佐部1830-10,要確認,屋内（風除室含む）,場所とる,"10,000","10,000",要確認,,,,,,,,,,,
,郵便局,土浦大手町郵便局62200,土浦市大手町5-12,要確認,屋内（風除室含む）,場所とる,"10,000","10,000",要確認,,,,,,,,,,,
,郵便局,戸多郵便局62220,那珂市田崎1045-1,要確認,屋内（風除室含む）,場所とる,"10,000","10,000",要確認,,,,,,,,,,,
,郵便局,高松郵便局62240,鹿嶋市木滝896,要確認,屋内（風除室含む）,場所とる,"10,000","10,000",要確認,,,,,,,,,,,
,郵便局,北那珂郵便局62250,桜川市南飯田1085-4,要確認,屋内（風除室含む）,場所とる,"10,000","10,000",要確認,,,,,,,,,,,
,郵便局,日立宮田郵便局62260,日立市宮田町3-6-12,要確認,屋内（風除室含む）,場所とる,"10,000","10,000",要確認,,,,,,,,,,,
,郵便局,生板郵便局62280,河内町生板36-1,要確認,屋内（風除室含む）,場所とる,"10,000","10,000",要確認,,,,,,,,,,,
,郵便局,夏海郵便局62290,大洗町成田町22,要確認,屋内（風除室含む）,場所とる,"10,000","10,000",要確認,,,,,,,,,,,
,郵便局,常陸太田藤田郵便局62300,常陸太田市藤田町820-6,要確認,屋内（風除室含む）,場所とる,"10,000","10,000",要確認,,,,,,,,,,,
,郵便局,菅原郵便局62310,常総市大生郷新田町1139-3,要確認,屋内（風除室含む）,場所とる,"10,000","10,000",要確認,,,,,,,,,,,
,郵便局,川根郵便局62320,茨城町上飯沼1017,要確認,屋内（風除室含む）,場所とる,"10,000","10,000",要確認,,,,,,,,,,,
,郵便局,本新島郵便局62340,稲敷市西代1814,要確認,屋内（風除室含む）,場所とる,"10,000","10,000",要確認,,,,,,,,,,,
,郵便局,下館駅前郵便局62360,筑西市丙210,要確認,屋内（風除室含む）,場所とる,"10,000","10,000",要確認,,,,,,,,,,,
,郵便局,牛渡郵便局62370,かすみがうら市牛渡1936-1,要確認,屋内（風除室含む）,場所とる,"10,000","10,000",要確認,,,,,,,,,,,
,郵便局,水戸杉崎郵便局62390,水戸市杉崎町229-1,要確認,屋内（風除室含む）,場所とる,"10,000","10,000",要確認,,,,,,,,,,,
,郵便局,実穀郵便局62400,阿見町実穀1310-11,要確認,屋内（風除室含む）,場所とる,"10,000","10,000",要確認,,,,,,,,,,,
,郵便局,岩井長須郵便局62420,坂東市長須3654-1,要確認,屋内（風除室含む）,場所とる,"10,000","10,000",要確認,,,,,,,,,,,
,郵便局,日立金沢郵便局62430,日立市東金沢町5-6-2,要確認,屋内（風除室含む）,場所とる,"10,000","10,000",要確認,,,,,,,,,,,
,郵便局,上野合郵便局62460,茨城町小幡1498-2,要確認,屋内（風除室含む）,場所とる,"10,000","10,000",要確認,,,,,,,,,,,
,郵便局,栗原郵便局62470,つくば市上野705-1,要確認,屋内（風除室含む）,場所とる,"10,000","10,000",要確認,,,,,,,,,,,
,郵便局,つくば作谷郵便局62480,つくば市作谷149,要確認,屋内（風除室含む）,場所とる,"10,000","10,000",要確認,,,,,,,,,,,
,郵便局,龍ケ崎米町郵便局62490,龍ケ崎市米町4552-2,要確認,屋内（風除室含む）,場所とる,"10,000","10,000",要確認,,,,,,,,,,,
,郵便局,笠間駅前郵便局62500,笠間市笠間4399-4,要確認,屋内（風除室含む）,場所とる,"10,000","10,000",要確認,,,,,,,,,,,
,郵便局,野木崎郵便局62520,守谷市野木崎539-4,要確認,屋内（風除室含む）,場所とる,"10,000","10,000",要確認,,,,,,,,,,,
,郵便局,金郷郵便局62530,常陸太田市高柿町137-2,要確認,屋内（風除室含む）,場所とる,"10,000","10,000",要確認,,,,,,,,,,,
,郵便局,鯉淵郵便局62550,水戸市鯉淵町1192-3,要確認,屋内（風除室含む）,場所とる,"10,000","10,000",要確認,,,,,,,,,,,
,郵便局,絹川郵便局62560,結城市久保田1278-2,要確認,屋内（風除室含む）,場所とる,"10,000","10,000",要確認,,,,,,,,,,,
,郵便局,茨城石崎郵便局62570,茨城町中石崎327-2,要確認,屋内（風除室含む）,場所とる,"10,000","10,000",要確認,,,,,,,,,,,
,郵便局,水戸元吉田郵便局62580,水戸市元吉田町1590-4,要確認,屋内（風除室含む）,場所とる,"10,000","10,000",要確認,,,,,,,,,,,
,郵便局,勝田枝川郵便局62590,ひたちなか市枝川城の内228-24,要確認,屋内（風除室含む）,場所とる,"10,000","10,000",要確認,,,,,,,,,,,
,郵便局,日立成沢郵便局62600,日立市中成沢町3-16-1,要確認,屋内（風除室含む）,場所とる,"10,000","10,000",要確認,,,,,,,,,,,
,郵便局,つくば九重郵便局62610,つくば市上ノ室1271-3,要確認,屋内（風除室含む）,場所とる,"10,000","10,000",要確認,,,,,,,,,,,
,郵便局,土浦鷹匠町郵便局62620,土浦市中央2-14-11,要確認,屋内（風除室含む）,場所とる,"10,000","10,000",要確認,,,,,,,,,,,
,郵便局,古河横山町郵便局62630,古河市横山町2-3-27,要確認,屋内（風除室含む）,場所とる,"10,000","10,000",要確認,,,,,,,,,,,
,郵便局,生子菅郵便局62640,坂東市生子2180-1,要確認,屋内（風除室含む）,場所とる,"10,000","10,000",要確認,,,,,,,,,,,
,郵便局,守谷松ヶ丘郵便局62660,守谷市松ケ丘1-12-3,要確認,屋内（風除室含む）,場所とる,"15,000","15,000",要確認,,,,,,,,,,,
,郵便局,水戸米沢郵便局62680,水戸市元吉田町956,要確認,屋内（風除室含む）,場所とる,"10,000","10,000",要確認,,,,,,,,,,,
,郵便局,徳蔵郵便局62720,城里町徳蔵779-1,要確認,屋内（風除室含む）,場所とる,"10,000","10,000",要確認,,,,,,,,,,,
,郵便局,安中郵便局62730,美浦村土浦2032,要確認,屋内（風除室含む）,場所とる,"10,000","10,000",要確認,,,,,,,,,,,
,郵便局,新宮郵便局62740,鉾田市白塚222-1,要確認,屋内（風除室含む）,場所とる,"10,000","10,000",要確認,,,,,,,,,,,
,郵便局,茎崎みなみ郵便局62750,つくば市上岩崎944-1,要確認,屋内（風除室含む）,場所とる,"10,000","10,000",要確認,,,,,,,,,,,
,郵便局,龍ケ崎藤ヶ丘郵便局62760,龍ケ崎市藤ヶ丘2-1-14,要確認,屋内（風除室含む）,場所とる,"10,000","10,000",要確認,,,,,,,,,,,
,郵便局,君原郵便局62770,阿見町君島695-1,要確認,屋内（風除室含む）,場所とる,"10,000","10,000",要確認,,,,,,,,,,,
,郵便局,七重郵便局62780,坂東市上出島23-2,要確認,屋内（風除室含む）,場所とる,"10,000","10,000",要確認,,,,,,,,,,,
,郵便局,勝田東大島郵便局62820,ひたちなか市東大島1-23-7,要確認,屋内（風除室含む）,場所とる,"15,000","15,000",要確認,,,,,,,,,,,
,郵便局,神大実郵便局62830,坂東市猫実1551-1,要確認,屋内（風除室含む）,場所とる,"10,000","10,000",要確認,,,,,,,,,,,
,郵便局,ひたちなか郵便局62840,ひたちなか市石川町28-1,要確認,屋内（風除室含む）,場所とる,"20,000","20,000",要確認,,,,,,,,,,,
,郵便局,逆井山郵便局62870,坂東市逆井2559-1,要確認,屋内（風除室含む）,場所とる,"10,000","10,000",要確認,,,,,,,,,,,
,郵便局,北文間郵便局62880,龍ケ崎市北方町785-1,要確認,屋内（風除室含む）,場所とる,"10,000","10,000",要確認,,,,,,,,,,,
,郵便局,五所郵便局62890,筑西市五所宮395-2,要確認,屋内（風除室含む）,場所とる,"10,000","10,000",要確認,,,,,,,,,,,
,郵便局,徳宿郵便局62900,鉾田市徳宿912-1,要確認,屋内（風除室含む）,場所とる,"10,000","10,000",要確認,,,,,,,,,,,
,郵便局,西豊田郵便局62910,八千代町沼森492-11,要確認,屋内（風除室含む）,場所とる,"10,000","10,000",要確認,,,,,,,,,,,
,郵便局,小野川郵便局62930,つくば市館野398-1,要確認,屋内（風除室含む）,場所とる,"10,000","10,000",要確認,,,,,,,,,,,
,郵便局,阿見原郵便局62940,阿見町大字阿見4666-3550,要確認,屋内（風除室含む）,場所とる,"10,000","10,000",要確認,,,,,,,,,,,
,郵便局,日立若葉町郵便局62950,日立市若葉町3-6-19,要確認,屋内（風除室含む）,場所とる,"10,000","10,000",要確認,,,,,,,,,,,
,郵便局,佐竹郵便局62960,常陸太田市磯部町674-1,要確認,屋内（風除室含む）,場所とる,"10,000","10,000",要確認,,,,,,,,,,,
,郵便局,志士庫郵便局62970,かすみがうら市宍倉1799-7,要確認,屋内（風除室含む）,場所とる,"10,000","10,000",要確認,,,,,,,,,,,
,郵便局,川西郵便局62990,八千代町久下田559-2,要確認,屋内（風除室含む）,場所とる,"10,000","10,000",要確認,,,,,,,,,,,
,郵便局,日立兎平郵便局63000,日立市会瀬町3-25-14,要確認,屋内（風除室含む）,場所とる,"10,000","10,000",要確認,,,,,,,,,,,
,郵便局,大生原郵便局63010,潮来市釜谷250-2,要確認,屋内（風除室含む）,場所とる,"10,000","10,000",要確認,,,,,,,,,,,
,郵便局,荒井郵便局63020,鹿嶋市浜津賀308-1,要確認,屋内（風除室含む）,場所とる,"10,000","10,000",要確認,,,,,,,,,,,
,郵便局,大須賀郵便局63030,稲敷市福田556-6,要確認,屋内（風除室含む）,場所とる,"10,000","10,000",要確認,,,,,,,,,,,
,郵便局,島名郵便局63040,つくば市島名643,要確認,屋内（風除室含む）,場所とる,"10,000","10,000",要確認,,,,,,,,,,,
,郵便局,土浦下高津郵便局63050,土浦市中高津1-1-4,要確認,屋内（風除室含む）,場所とる,"10,000","10,000",要確認,,,,,,,,,,,
,郵便局,金上駅前郵便局63060,ひたちなか市大平4-4-4,要確認,屋内（風除室含む）,場所とる,"10,000","10,000",要確認,,,,,,,,,,,
,郵便局,木崎郵便局63070,那珂市門部2822-1,要確認,屋内（風除室含む）,場所とる,"10,000","10,000",要確認,,,,,,,,,,,
,郵便局,日立土木内郵便局63080,日立市神田町1713-1,要確認,屋内（風除室含む）,場所とる,"10,000","10,000",要確認,,,,,,,,,,,
,郵便局,水海道五箇郵便局63090,常総市上蛇町1503-1,要確認,屋内（風除室含む）,場所とる,"10,000","10,000",要確認,,,,,,,,,,,
,郵便局,水海道豊岡郵便局63100,常総市豊岡町丙1517-2,要確認,屋内（風除室含む）,場所とる,"10,000","10,000",要確認,,,,,,,,,,,
,郵便局,三和尾崎郵便局63110,古河市尾崎3832-10,要確認,屋内（風除室含む）,場所とる,"10,000","10,000",要確認,,,,,,,,,,,
,郵便局,結城矢畑郵便局63120,結城市矢畑297,要確認,屋内（風除室含む）,場所とる,"10,000","10,000",要確認,,,,,,,,,,,
,郵便局,つくば田井郵便局63130,つくば市神郡870-5,要確認,屋内（風除室含む）,場所とる,"10,000","10,000",要確認,,,,,,,,,,,
,郵便局,常陸太田小目郵便局63140,常陸太田市小目町芦ノ内809,要確認,屋内（風除室含む）,場所とる,"10,000","10,000",要確認,,,,,,,,,,,
,郵便局,土浦小松郵便局63150,土浦市小松1-5-1,要確認,屋内（風除室含む）,場所とる,"10,000","10,000",要確認,,,,,,,,,,,
,郵便局,河間郵便局63170,筑西市羽方3-3,要確認,屋内（風除室含む）,場所とる,"10,000","10,000",要確認,,,,,,,,,,,
,郵便局,常陸太田里野宮郵便局63190,常陸太田市里野宮町1010-1,要確認,屋内（風除室含む）,場所とる,"10,000","10,000",要確認,,,,,,,,,,,
,郵便局,諏訪郵便局63200,鉾田市樅山290,要確認,屋内（風除室含む）,場所とる,"10,000","10,000",要確認,,,,,,,,,,,
,郵便局,総和上辺見郵便局63210,古河市上辺見2368,要確認,屋内（風除室含む）,場所とる,"10,000","10,000",要確認,,,,,,,,,,,
,郵便局,鳩崎郵便局63220,稲敷市佐倉708-2,要確認,屋内（風除室含む）,場所とる,"10,000","10,000",要確認,,,,,,,,,,,
,郵便局,嘉田生崎郵便局63230,筑西市西石田1341-2,要確認,屋内（風除室含む）,場所とる,"10,000","10,000",要確認,,,,,,,,,,,
,郵便局,東文間郵便局63240,利根町立崎106-5,要確認,屋内（風除室含む）,場所とる,"10,000","10,000",要確認,,,,,,,,,,,
,郵便局,小文間郵便局63250,取手市小文間4356-2,要確認,屋内（風除室含む）,場所とる,"10,000","10,000",要確認,,,,,,,,,,,
,郵便局,要郵便局63260,行方市小幡717-3,要確認,屋内（風除室含む）,場所とる,"10,000","10,000",要確認,,,,,,,,,,,
,郵便局,葦穂郵便局63270,石岡市芦穂中部小屋66-3,要確認,屋内（風除室含む）,場所とる,"10,000","10,000",要確認,,,,,,,,,,,
,郵便局,石岡守木町郵便局63280,石岡市国府6-3-6,要確認,屋内（風除室含む）,場所とる,"10,000","10,000",要確認,,,,,,,,,,,
,郵便局,国田郵便局63290,"水戸市下国井町311-6",要確認,屋内（風除室含む）,場所とる,"10,000","10,000",要確認,,,,,,,,,,,
,郵便局,那珂五台郵便局63300,那珂市後台2866-9,要確認,屋内（風除室含む）,場所とる,"10,000","10,000",要確認,,,,,,,,,,,
,郵便局,岩船郵便局63310,城里町孫根461-5,要確認,屋内（風除室含む）,場所とる,"10,000","10,000",要確認,,,,,,,,,,,
,郵便局,長戸郵便局63320,龍ケ崎市塗戸町2031,要確認,屋内（風除室含む）,場所とる,"10,000","10,000",要確認,,,,,,,,,,,
,郵便局,稲敷大宮郵便局63330,龍ケ崎市大徳町2571,要確認,屋内（風除室含む）,場所とる,"10,000","10,000",要確認,,,,,,,,,,,
,郵便局,下館折本郵便局63340,筑西市折本322-75,要確認,屋内（風除室含む）,場所とる,"10,000","10,000",要確認,,,,,,,,,,,
,郵便局,大形郵便局63350,下妻市別府269-1,要確認,屋内（風除室含む）,場所とる,"10,000","10,000",要確認,,,,,,,,,,,
,郵便局,谷井田郵便局63360,つくばみらい市谷井田1535-3,要確認,屋内（風除室含む）,場所とる,"10,000","10,000",要確認,,,,,,,,,,,
,郵便局,林郵便局63370,石岡市下林834-12,要確認,屋内（風除室含む）,場所とる,"10,000","10,000",要確認,,,,,,,,,,,
,郵便局,土浦都和郵便局63380,土浦市並木3-2-48,要確認,屋内（風除室含む）,場所とる,"10,000","10,000",要確認,,,,,,,,,,,
,郵便局,園部郵便局63400,石岡市山崎1694-8,要確認,屋内（風除室含む）,場所とる,"10,000","10,000",要確認,,,,,,,,,,,
,郵便局,山ノ荘郵便局63410,土浦市永井686-1,要確認,屋内（風除室含む）,場所とる,"10,000","10,000",要確認,,,,,,,,,,,
,郵便局,千代田新治郵便局63420,かすみがうら市下土田420-7,要確認,屋内（風除室含む）,場所とる,"10,000","10,000",要確認,,,,,,,,,,,
,郵便局,下太田郵便局63430,稲敷市下太田65-2,要確認,屋内（風除室含む）,場所とる,"10,000","10,000",要確認,,,,,,,,,,,
,郵便局,総和釈迦郵便局63450,古河市釈迦59-3,要確認,屋内（風除室含む）,場所とる,"10,000","10,000",要確認,,,,,,,,,,,
,郵便局,日立河原子郵便局63460,日立市河原子町4-3-9,要確認,屋内（風除室含む）,場所とる,"10,000","10,000",要確認,,,,,,,,,,,
,郵便局,那珂湊相金郵便局63470,ひたちなか市相金町16-1,要確認,屋内（風除室含む）,場所とる,"10,000","10,000",要確認,,,,,,,,,,,
,郵便局,古河下山郵便局63480,古河市東3-11-31,要確認,屋内（風除室含む）,場所とる,"15,000","15,000",要確認,,,,,,,,,,,
,郵便局,福岡郵便局63490,つくばみらい市福岡1439-5,要確認,屋内（風除室含む）,場所とる,"10,000","10,000",要確認,,,,,,,,,,,
,郵便局,土浦中村郵便局63500,土浦市中村南1-1-15,要確認,屋内（風除室含む）,場所とる,"10,000","10,000",要確認,,,,,,,,,,,
,郵便局,三和諸川郵便局63510,古河市諸川2566,要確認,屋内（風除室含む）,場所とる,"10,000","10,000",要確認,,,,,,,,,,,
,郵便局,友部上市原郵便局63530,笠間市上市原1891-2,要確認,屋内（風除室含む）,場所とる,"10,000","10,000",要確認,,,,,,,,,,,
,郵便局,岩井小山郵便局63540,坂東市小山973-1,要確認,屋内（風除室含む）,場所とる,"10,000","10,000",要確認,,,,,,,,,,,
,郵便局,下館西方郵便局63550,筑西市西方1699-1,要確認,屋内（風除室含む）,場所とる,"10,000","10,000",要確認,,,,,,,,,,,
,郵便局,原研前郵便局63570,東海村村松229-10,要確認,屋内（風除室含む）,場所とる,"10,000","10,000",要確認,,,,,,,,,,,
,郵便局,結城白銀郵便局63580,結城市結城7253-1,要確認,屋内（風除室含む）,場所とる,"10,000","10,000",要確認,,,,,,,,,,,
,郵便局,常陸太田駅前郵便局63590,常陸太田市山下町1725,要確認,屋内（風除室含む）,場所とる,"10,000","10,000",要確認,,,,,,,,,,,
,郵便局,古河台町郵便局63600,古河市原町3-10,要確認,屋内（風除室含む）,場所とる,"10,000","10,000",要確認,,,,,,,,,,,
,郵便局,取手白山郵便局63610,取手市白山6-21-14,要確認,屋内（風除室含む）,場所とる,"10,000","10,000",要確認,,,,,,,,,,,
,郵便局,土浦霞ヶ岡郵便局63620,土浦市小松2-13-5,要確認,屋内（風除室含む）,場所とる,"10,000","10,000",要確認,,,,,,,,,,,
,郵便局,岩井飯島郵便局63630,坂東市幸田新田4297-3,要確認,屋内（風除室含む）,場所とる,"10,000","10,000",要確認,,,,,,,,,,,
,郵便局,茨城大学前郵便局63640,水戸市袴塚3-9-6,要確認,屋内（風除室含む）,場所とる,"10,000","10,000",要確認,,,,,,,,,,,
,郵便局,高萩東本町郵便局63650,高萩市東本町2-26,要確認,屋内（風除室含む）,場所とる,"10,000","10,000",要確認,,,,,,,,,,,
,郵便局,下妻砂沼郵便局63660,下妻市下妻丁119-1,要確認,屋内（風除室含む）,場所とる,"10,000","10,000",要確認,,,,,,,,,,,
,郵便局,勝田堀口郵便局63670,ひたちなか市堀口699-1,要確認,屋内（風除室含む）,場所とる,"10,000","10,000",要確認,,,,,,,,,,,
,郵便局,関城霞台郵便局63680,筑西市犬塚51-1,要確認,屋内（風除室含む）,場所とる,"10,000","10,000",要確認,,,,,,,,,,,
,郵便局,玉造上山郵便局63690,行方市芹沢822,要確認,屋内（風除室含む）,場所とる,"10,000","10,000",要確認,,,,,,,,,,,
,郵便局,日立滑川郵便局63700,日立市滑川本町3-1-3,要確認,屋内（風除室含む）,場所とる,"10,000","10,000",要確認,,,,,,,,,,,
,郵便局,大甕駅前郵便局63710,日立市大みか町1-7-3,要確認,屋内（風除室含む）,場所とる,"10,000","10,000",要確認,,,,,,,,,,,
,郵便局,日立鮎川三郵便局63720,日立市鮎川町3-8-8,要確認,屋内（風除室含む）,場所とる,"10,000","10,000",要確認,,,,,,,,,,,
,郵便局,水戸東原郵便局63730,水戸市東原1-3-4,要確認,屋内（風除室含む）,場所とる,"10,000","10,000",要確認,,,,,,,,,,,
,郵便局,水海道坂手郵便局63740,常総市坂手町1269-6,要確認,屋内（風除室含む）,場所とる,"10,000","10,000",要確認,,,,,,,,,,,
,郵便局,鉾田駅前郵便局63750,鉾田市塔ケ崎972-5,要確認,屋内（風除室含む）,場所とる,"10,000","10,000",要確認,,,,,,,,,,,
,郵便局,土浦中貫郵便局63770,土浦市中貫1917,要確認,屋内（風除室含む）,場所とる,"10,000","10,000",要確認,,,,,,,,,,,
,郵便局,茨城長岡郵便局63780,茨城町長岡1803-4,要確認,屋内（風除室含む）,場所とる,"10,000","10,000",要確認,,,,,,,,,,,
,郵便局,水戸城東郵便局63790,水戸市城東2-7-76,要確認,屋内（風除室含む）,場所とる,"10,000","10,000",要確認,,,,,,,,,,,
,郵便局,常陸太田下大門郵便局63800,常陸太田市下大門町3-2,要確認,屋内（風除室含む）,場所とる,"10,000","10,000",要確認,,,,,,,,,,,
,郵便局,阿見中央一郵便局63820,阿見町中央1-4-17,要確認,屋内（風除室含む）,場所とる,"10,000","10,000",要確認,,,,,,,,,,,
,郵便局,茎崎高崎郵便局63830,つくば市高崎1819-1,要確認,屋内（風除室含む）,場所とる,"10,000","10,000",要確認,,,,,,,,,,,
,郵便局,牛久本町郵便局63840,牛久市中央5-8-5,要確認,屋内（風除室含む）,場所とる,"10,000","10,000",要確認,,,,,,,,,,,
,郵便局,水戸渡里郵便局63850,水戸市渡里町2937-2,要確認,屋内（風除室含む）,場所とる,"10,000","10,000",要確認,,,,,,,,,,,
,郵便局,水戸見和郵便局63860,水戸市見和2-251-22,要確認,屋内（風除室含む）,場所とる,"10,000","10,000",要確認,,,,,,,,,,,
,郵便局,藤代清水郵便局63870,取手市清水403-3,要確認,屋内（風除室含む）,場所とる,"10,000","10,000",要確認,,,,,,,,,,,
,郵便局,別所郵便局63880,神栖市波崎4781-45,要確認,屋内（風除室含む）,場所とる,"10,000","10,000",要確認,,,,,,,,,,,
,郵便局,水戸酒門郵便局63900,水戸市酒門町1261-5,要確認,屋内（風除室含む）,場所とる,"10,000","10,000",要確認,,,,,,,,,,,
,郵便局,牛久岡見郵便局63910,牛久市岡見町2337-6,要確認,屋内（風除室含む）,場所とる,"10,000","10,000",要確認,,,,,,,,,,,
,郵便局,岩井辺田郵便局63930,坂東市辺田526-2,要確認,屋内（風除室含む）,場所とる,"10,000","10,000",要確認,,,,,,,,,,,
,郵便局,大洗祝町郵便局63940,大洗町磯浜町8093-4,要確認,屋内（風除室含む）,場所とる,"10,000","10,000",要確認,,,,,,,,,,,
,郵便局,玉里郵便局63950,小美玉市上玉里1125,要確認,屋内（風除室含む）,場所とる,"10,000","10,000",要確認,,,,,,,,,,,
,郵便局,取手新道郵便局63960,取手市台宿235,要確認,屋内（風除室含む）,場所とる,"10,000","10,000",要確認,,,,,,,,,,,
,郵便局,東山田郵便局63970,古河市山田770-11,要確認,屋内（風除室含む）,場所とる,"10,000","10,000",要確認,,,,,,,,,,,
,郵便局,石岡若松郵便局63980,石岡市若松1-8-17,要確認,屋内（風除室含む）,場所とる,"10,000","10,000",要確認,,,,,,,,,,,
,郵便局,藤代宮和田郵便局63990,取手市宮和田531-7,要確認,屋内（風除室含む）,場所とる,"10,000","10,000",要確認,,,,,,,,,,,
,郵便局,水戸千波郵便局64000,水戸市千波町214-1,要確認,屋内（風除室含む）,場所とる,"10,000","10,000",要確認,,,,,,,,,,,
,郵便局,真壁長岡郵便局64010,桜川市真壁町白井554-10,要確認,屋内（風除室含む）,場所とる,"10,000","10,000",要確認,,,,,,,,,,,
,郵便局,日立南高野郵便局64030,日立市南高野町3-16-1,要確認,屋内（風除室含む）,場所とる,"10,000","10,000",要確認,,,,,,,,,,,
,郵便局,石岡自由ヶ丘郵便局64040,石岡市東石岡4-11-24,要確認,屋内（風除室含む）,場所とる,"10,000","10,000",要確認,,,,,,,,,,,
,郵便局,大津西町郵便局64050,北茨城市大津町2631,要確認,屋内（風除室含む）,場所とる,"10,000","10,000",要確認,,,,,,,,,,,
,郵便局,水戸平須郵便局64060,水戸市平須町1819-72                                                                                                                                                  ,要確認,屋内（風除室含む）,場所とる,"15,000","15,000",要確認,,,,,,,,,,,
,郵便局,取手寺田郵便局64070,取手市新取手1-9-1,要確認,屋内（風除室含む）,場所とる,"10,000","10,000",要確認,,,,,,,,,,,
,郵便局,下館横島郵便局64080,筑西市横島227,要確認,屋内（風除室含む）,場所とる,"10,000","10,000",要確認,,,,,,,,,,,
,郵便局,古河三杉郵便局64090,古河市緑町17-20,要確認,屋内（風除室含む）,場所とる,"10,000","10,000",要確認,,,,,,,,,,,
,郵便局,日立小木津郵便局64110,日立市相田町3-10-13,要確認,屋内（風除室含む）,場所とる,"10,000","10,000",要確認,,,,,,,,,,,
,郵便局,日立諏訪郵便局64120,日立市諏訪町4-1-13,要確認,屋内（風除室含む）,場所とる,"10,000","10,000",要確認,,,,,,,,,,,
,郵便局,潮来辻郵便局64130,潮来市辻228-1,要確認,屋内（風除室含む）,場所とる,"10,000","10,000",要確認,,,,,,,,,,,
,郵便局,神栖知手郵便局64140,神栖市知手中央3-5-32,要確認,屋内（風除室含む）,場所とる,"15,000","15,000",要確認,,,,,,,,,,,
,郵便局,鉾田舟木郵便局64150,鉾田市舟木202-32,要確認,屋内（風除室含む）,場所とる,"10,000","10,000",要確認,,,,,,,,,,,
,郵便局,藤代新川郵便局64160,取手市新川729-4,要確認,屋内（風除室含む）,場所とる,"10,000","10,000",要確認,,,,,,,,,,,
,郵便局,勝田津田郵便局64180,ひたちなか市津田2802-3,要確認,屋内（風除室含む）,場所とる,"10,000","10,000",要確認,,,,,,,,,,,
,郵便局,神栖大野原郵便局64190,神栖市大野原4-2-1,要確認,屋内（風除室含む）,場所とる,"15,000","15,000",要確認,,,,,,,,,,,
,郵便局,神栖郵便局64200,神栖市溝口4991,要確認,屋内（風除室含む）,場所とる,"15,000","15,000",要確認,,,,,,,,,,,
,郵便局,波崎土合ヶ原郵便局64210,神栖市土合本町3-9809-16,要確認,屋内（風除室含む）,場所とる,"10,000","10,000",要確認,,,,,,,,,,,
,郵便局,日立大沼郵便局64220,日立市大沼町1-27-15,要確認,屋内（風除室含む）,場所とる,"10,000","10,000",要確認,,,,,,,,,,,
,郵便局,那珂向山郵便局64230,那珂市向山1269-11,要確認,屋内（風除室含む）,場所とる,"10,000","10,000",要確認,,,,,,,,,,,
,郵便局,鹿島神宮前郵便局64240,鹿嶋市城山4-2-8,要確認,屋内（風除室含む）,場所とる,"15,000","15,000",要確認,,,,,,,,,,,
,郵便局,土浦宍塚郵便局64250,土浦市宍塚1750,要確認,屋内（風除室含む）,場所とる,"10,000","10,000",要確認,,,,,,,,,,,
,郵便局,勝田中根郵便局64260,ひたちなか市中根893-4,要確認,屋内（風除室含む）,場所とる,"10,000","10,000",要確認,,,,,,,,,,,
,郵便局,友部駅前郵便局64270,笠間市東平1-1-22,要確認,屋内（風除室含む）,場所とる,"10,000","10,000",要確認,,,,,,,,,,,
,郵便局,桜竹園郵便局64280,つくば市竹園3-21,要確認,屋内（風除室含む）,場所とる,"10,000","10,000",要確認,,,,,,,,,,,
,郵便局,取手戸頭郵便局64290,取手市戸頭6-30-3107,要確認,屋内（風除室含む）,場所とる,"10,000","10,000",要確認,,,,,,,,,,,
,郵便局,鹿嶋平井郵便局64300,鹿嶋市平井1128-178,要確認,屋内（風除室含む）,場所とる,"10,000","10,000",要確認,,,,,,,,,,,
,郵便局,取手一郵便局64310,取手市取手1-12-18,要確認,屋内（風除室含む）,場所とる,"10,000","10,000",要確認,,,,,,,,,,,
,郵便局,境上仲郵便局64320,境町1611,要確認,屋内（風除室含む）,場所とる,"10,000","10,000",要確認,,,,,,,,,,,
,郵便局,龍ケ崎下町郵便局64330,龍ケ崎市下町2842-6,要確認,屋内（風除室含む）,場所とる,"10,000","10,000",要確認,,,,,,,,,,,
,郵便局,桜並木郵便局64340,つくば市並木4-1-2,要確認,屋内（風除室含む）,場所とる,"15,000","15,000",要確認,,,,,,,,,,,
,郵便局,水戸東赤塚郵便局64350,水戸市赤塚1-2049,要確認,屋内（風除室含む）,場所とる,"10,000","10,000",要確認,,,,,,,,,,,
,郵便局,水戸双葉台郵便局64360,水戸市双葉台4-3-11,要確認,屋内（風除室含む）,場所とる,"10,000","10,000",要確認,,,,,,,,,,,
,郵便局,水戸市役所前郵便局64390,水戸市中央2-6-7,要確認,屋内（風除室含む）,場所とる,"10,000","10,000",要確認,,,,,,,,,,,
,郵便局,谷田部松代郵便局64410,"つくば市松代4-200-1",要確認,屋内（風除室含む）,場所とる,"10,000","10,000",要確認,,,,,,,,,,,
,郵便局,筑波学園郵便局64420,つくば市吾妻1-13-2,要確認,屋内（風除室含む）,場所とる,"20,000","20,000",要確認,,,,,,,,,,,
,郵便局,下館大町郵便局64440,筑西市甲107,要確認,屋内（風除室含む）,場所とる,"10,000","10,000",要確認,,,,,,,,,,,
,郵便局,土浦真鍋台郵便局64450,土浦市真鍋6-5-13,要確認,屋内（風除室含む）,場所とる,"10,000","10,000",要確認,,,,,,,,,,,
,郵便局,水戸石川郵便局64470,水戸市石川1-3900-5,要確認,屋内（風除室含む）,場所とる,"10,000","10,000",要確認,,,,,,,,,,,
,郵便局,波崎太田郵便局64480,神栖市太田603-12,要確認,屋内（風除室含む）,場所とる,"10,000","10,000",要確認,,,,,,,,,,,
,郵便局,大宮上町郵便局64490,常陸大宮市上町357,要確認,屋内（風除室含む）,場所とる,"10,000","10,000",要確認,,,,,,,,,,,
,郵便局,水戸吉沢郵便局64500,水戸市吉沢町816,要確認,屋内（風除室含む）,場所とる,"10,000","10,000",要確認,,,,,,,,,,,
,郵便局,日立川尻町郵便局64510,日立市川尻町6-33-8,要確認,屋内（風除室含む）,場所とる,"10,000","10,000",要確認,,,,,,,,,,,
,郵便局,土浦乙戸郵便局64520,土浦市乙戸南2-8-12,要確認,屋内（風除室含む）,場所とる,"10,000","10,000",要確認,,,,,,,,,,,
,郵便局,勝田高野郵便局64540,ひたちなか市高野81-5,要確認,屋内（風除室含む）,場所とる,"10,000","10,000",要確認,,,,,,,,,,,
,郵便局,大宮栄町郵便局64550,常陸大宮市栄町1237-3,要確認,屋内（風除室含む）,場所とる,"10,000","10,000",要確認,,,,,,,,,,,
,郵便局,本牛久郵便局64560,牛久市牛久町81,要確認,屋内（風除室含む）,場所とる,"10,000","10,000",要確認,,,,,,,,,,,
,郵便局,取手井野郵便局64570,取手市井野1-5-15,要確認,屋内（風除室含む）,場所とる,"10,000","10,000",要確認,,,,,,,,,,,
,郵便局,龍ケ崎長山郵便局64580,龍ケ崎市長山2-1-8,要確認,屋内（風除室含む）,場所とる,"10,000","10,000",要確認,,,,,,,,,,,
,郵便局,笠間大町郵便局64590,笠間市笠間1154-2,要確認,屋内（風除室含む）,場所とる,"10,000","10,000",要確認,,,,,,,,,,,
,郵便局,土浦永国郵便局64600,土浦市永国東町1-9,要確認,屋内（風除室含む）,場所とる,"10,000","10,000",要確認,,,,,,,,,,,
,郵便局,千代田下稲吉郵便局64610,かすみがうら市稲吉4-10-19,要確認,屋内（風除室含む）,場所とる,"10,000","10,000",要確認,,,,,,,,,,,
,郵便局,守谷久保ヶ丘郵便局64630,守谷市久保ケ丘1-19-4,要確認,屋内（風除室含む）,場所とる,"15,000","15,000",要確認,,,,,,,,,,,
,郵便局,石岡南台郵便局64640,石岡市南台2-9-2,要確認,屋内（風除室含む）,場所とる,"10,000","10,000",要確認,,,,,,,,,,,
,郵便局,守谷みずき野郵便局64650,守谷市みずき野7-2-8,要確認,屋内（風除室含む）,場所とる,"10,000","10,000",要確認,,,,,,,,,,,
,郵便局,古河三和郵便局64660,古河市三和131,要確認,屋内（風除室含む）,場所とる,"10,000","10,000",要確認,,,,,,,,,,,
,郵便局,美浦木原郵便局64670,美浦村木原444,要確認,屋内（風除室含む）,場所とる,"10,000","10,000",要確認,,,,,,,,,,,
,郵便局,大子池田郵便局64680,大子町池田2607-3,要確認,屋内（風除室含む）,場所とる,"10,000","10,000",要確認,,,,,,,,,,,
,郵便局,牛久駅西口郵便局64700,牛久市牛久町3333-4,要確認,屋内（風除室含む）,場所とる,"10,000","10,000",要確認,,,,,,,,,,,
,郵便局,五霞原宿台郵便局64710,五霞町原宿台4-13-34,要確認,屋内（風除室含む）,場所とる,"10,000","10,000",要確認,,,,,,,,,,,
,郵便局,龍ケ崎中根台郵便局64720,龍ケ崎市中根台4-1-22,要確認,屋内（風除室含む）,場所とる,"10,000","10,000",要確認,,,,,,,,,,,
,郵便局,阿見青宿郵便局64740,阿見町青宿669-10,要確認,屋内（風除室含む）,場所とる,"10,000","10,000",要確認,,,,,,,,,,,
,郵便局,下館玉戸郵便局64750,筑西市玉戸山ケ島1878-1,要確認,屋内（風除室含む）,場所とる,"10,000","10,000",要確認,,,,,,,,,,,
,郵便局,那珂菅谷郵便局64760,那珂市菅谷3323-4,要確認,屋内（風除室含む）,場所とる,"10,000","10,000",要確認,,,,,,,,,,,
,郵便局,日立助川郵便局64770,日立市助川町2-2-2,要確認,屋内（風除室含む）,場所とる,"10,000","10,000",要確認,,,,,,,,,,,
,郵便局,那珂竹の内郵便局64780,那珂市菅谷2655-2,要確認,屋内（風除室含む）,場所とる,"10,000","10,000",要確認,,,,,,,,,,,
,郵便局,ひたち野うしく郵便局64800,牛久市ひたち野東1-33-6,要確認,屋内（風除室含む）,場所とる,"15,000","15,000",要確認,,,,,,,,,,,
,郵便局,つくば研究学園郵便局64830,つくば市研究学園1-1-2,要確認,屋内（風除室含む）,場所とる,"15,000","15,000",要確認,,,,,,,,,,,
,郵便局,みらい平郵便局64840,つくばみらい市陽光台3-9-1,要確認,屋内（風除室含む）,場所とる,"15,000","15,000",要確認,,,,,,,,,,,
,郵便局,友部旭町郵便局67000,笠間市旭町91-2,要確認,屋内（風除室含む）,場所とる,"10,000","10,000",要確認,,,,,,,,,,,