千葉,,,,,,,,,,,,,,,,,,,,
,施設名,実施場所名,施設住所,広さ,屋内・屋外,発注先,金額（平日）,金額（土日祝日）,通信催事可否,机貸出,椅子貸出,電源貸出,注意事項,AGでの手配実績,過去実施時代理店、店舗,AGでの過去実績（PIのみ 期間すべて）,過去トラブルなど,場所（Google Map）,その他備考,区画写真
,ベイシア,ベイシア長生①　食品入口店内ガラス面レジ側,長生郡長生村大字金田3237,約4坪,屋内（風除室含む）,場所とる,"18,000","23,000",要確認,,,,ウォーターサーバー催事不可,,,,,,, 
,ベイシア,ベイシア長生②　食品入口店内ガラス面青果側,長生郡長生村大字金田3237,約4坪,屋内（風除室含む）,場所とる,"18,000","23,000",要確認,,,,ウォーターサーバー催事不可,,,,,,,
,ベイシア,ベイシア長生③　食品入口店内ガラス面レジ側,長生郡長生村大字金田3237,長机1～2台程度,屋内（風除室含む）,場所とる,"18,000","23,000",要確認,,,,ウォーターサーバー催事不可,,,,,,,
,ベイシア,ベイシア長生④　食品入口店内ガラス面青果側,長生郡長生村大字金田3237,長机1～2台程度,屋内（風除室含む）,場所とる,"18,000","23,000",要確認,,,,ウォーターサーバー催事不可,,,,,,,
,ベイシア,ベイシアフードセンター八街,八街市八街字初番杭は20-1,約4坪,屋内（風除室含む）,場所とる,"18,000","23,000",要確認,,,,ウォーターサーバー催事不可,,,,,,,
,ベイシア,ベイシア茂原①　酒側入り口ガラス面(レジ側),茂原市腰当7,要確認,屋内（風除室含む）,場所とる,"18,000","23,000",要確認,,,,ウォーターサーバー催事不可,,,,,,,
,ベイシア,ベイシア茂原②　青果側入口ガラス面(レジ側),茂原市腰当7,要確認,屋内（風除室含む）,場所とる,"18,000","23,000",要確認,,,,ウォーターサーバー催事不可,,,,,,,
,ベイシア,ベイシア市原八幡,市原市八幡字海岸2381-1,約3坪,屋内（風除室含む）,場所とる,"18,000","23,000",要確認,,,,ウォーターサーバー催事不可,,,,,,,
,ららぽーと,ららぽーとTOKYO-BAY①　1階中央広場,船橋市浜町2-1-1,約267.9㎡,屋内（風除室含む）,グラスト,"330,000","660,000",実施不可,,,,,,,,,,,
,ららぽーと,ららぽーとTOKYO-BAY②　かいだん広場,船橋市浜町2-1-1,約55㎡,屋内（風除室含む）,グラスト,"220,000","440,000",実施不可,,,,,,,,,,,
,ららぽーと,ららぽーとTOKYO-BAY③　1階光の広場階段下,船橋市浜町2-1-1,約6.3㎡,屋内（風除室含む）,グラスト,"55,000","110,000",実施不可,,,,,,,,,,,
,ららぽーと,ららぽーとTOKYO-BAY④　西の広場,船橋市浜町2-1-1,約50㎡,屋内（風除室含む）,グラスト,"330,000","660,000",実施不可,,,,,,,,,,,
,ららぽーと,ららぽーとTOKYO-BAY⑤　青のエスカレーター前(ダイニングテラス側),船橋市浜町2-1-1,約42㎡,屋内（風除室含む）,グラスト,"110,000","220,000",実施不可,,,,,,,,,,,
,ららぽーと,ららぽーとTOKYO-BAY⑥　青のエスカレーター下(東側)　,船橋市浜町2-1-1,約42㎡,屋内（風除室含む）,グラスト,"165,000","275,000",実施不可,,,,,,,,,,,
,ららぽーと,ららぽーとTOKYO-BAY⑦　中央広場上(西)　,船橋市浜町2-1-1,約30㎡,屋内（風除室含む）,グラスト,"110,000","220,000",実施不可,,,,,,,,,,,
,ららぽーと,ららぽーとTOKYO-BAY⑧　青のエスカレーター下,船橋市浜町2-1-1,約17.5㎡,屋内（風除室含む）,グラスト,"110,000","220,000",実施不可,,,,,,,,,,,
,ららぽーと,ららぽーとTOKYO-BAY⑨　青のエスカレーター前(西館側),船橋市浜町2-1-1,約14.2㎡,屋内（風除室含む）,グラスト,"110,000","220,000",実施不可,,,,,,,,,,,
,ららぽーと,ららぽーとTOKYO-BAY⑩　南館北館連絡通路前,船橋市浜町2-1-1,約12㎡,屋内（風除室含む）,グラスト,"110,000","220,000",実施不可,,,,,,,,,,,
,ららぽーと,ららぽーとTOKYO-BAY⑪　中央広場ステージ裏,船橋市浜町2-1-1,約9.3㎡,屋内（風除室含む）,グラスト,"55,000","110,000",実施不可,,,,,,,,,,,
,ららぽーと,ららぽーとTOKYO-BAY⑫　中央広場上(南),船橋市浜町2-1-1,約9.1㎡,屋内（風除室含む）,グラスト,"55,000","110,000",実施不可,,,,,,,,,,,
,ららぽーと,ららぽーとTOKYO-BAY⑬　中央広場上(東),船橋市浜町2-1-1,約7.5㎡,屋内（風除室含む）,グラスト,"55,000","110,000",実施不可,,,,,,,,,,,
,ららぽーと,ららぽーとTOKYO-BAY⑭　西館2階エスカレーター付近,船橋市浜町2-1-1,約5.6㎡,屋内（風除室含む）,グラスト,"110,000","220,000",実施不可,,,,,,,,,,,
,ららぽーと,ららぽーと柏の葉①　101区画前,柏市若柴175,約82㎡,屋内（風除室含む）,グラスト,"55,000","110,000",実施不可,,,,,,,,,,,
,ららぽーと,ららぽーと柏の葉②　クリスタルコート,柏市若柴175,約50㎡,屋内（風除室含む）,グラスト,"110,000","220,000",実施不可,,,,,,,,,,,
,ららぽーと,ららぽーと柏の葉③　ベビーエリア横,柏市若柴175,約40㎡,屋内（風除室含む）,グラスト,"55,000","110,000",実施不可,,,,,,,,,,,
,ららぽーと,ららぽーと柏の葉④　フードコート横①　,柏市若柴175,約40㎡,屋内（風除室含む）,グラスト,"55,000","110,000",実施不可,,,,,,,,,,,
,ららぽーと,ららぽーと柏の葉⑤　フードコート横②,柏市若柴175,約32㎡,屋内（風除室含む）,グラスト,"55,000","110,000",実施不可,,,,,,,,,,,
,ららぽーと,ららぽーと柏の葉⑥　118区画前,柏市若柴175,約30㎡,屋内（風除室含む）,グラスト,"88,000","165,000",実施不可,,,,,,,,,,,
,ららぽーと,ららぽーと柏の葉⑦　125区画前,柏市若柴175,約24㎡,屋内（風除室含む）,グラスト,"55,000","110,000",実施不可,,,,,,,,,,,
,ららぽーと,ららぽーと柏の葉⑧　206区画前,柏市若柴175,約16.5㎡,屋内（風除室含む）,グラスト,"55,000","110,000",実施不可,,,,,,,,,,,
,ららぽーと,ららぽーと柏の葉⑨　キッズプレイエリア前,柏市若柴175,約14.58㎡,屋内（風除室含む）,グラスト,"55,000","110,000",実施不可,,,,,,,,,,,
,ららぽーと,ららぽーと柏の葉⑩　315区画横エスカレーター脇,柏市若柴175,約10㎡,屋内（風除室含む）,グラスト,"55,000","110,000",実施不可,,,,,,,,,,,
,ららぽーと,ららぽーと柏の葉⑪　ストレートゾーン(242区画前),柏市若柴175,約9.2㎡,屋内（風除室含む）,グラスト,"55,000","110,000",実施不可,,,,,,,,,,,
,三井アウトレットパーク,三井アウトレットパーク幕張①　D-SITE1階階段下,千葉市美浜区ひび野2丁目6-1,約13.2㎡,屋内（風除室含む）,場所とる,"108,000","158,000",要確認,,,,,,,,,,,
,三井アウトレットパーク,三井アウトレットパーク幕張②　C-SITE1階総合案内所横,千葉市美浜区ひび野2丁目6-1,約6㎡,屋内（風除室含む）,場所とる,"108,000","158,000",要確認,,,,,,,,,,,
,三井アウトレットパーク,三井アウトレットパーク幕張③　A-SITEイベントスペース,千葉市美浜区ひび野2丁目6-1,約40㎡,屋内（風除室含む）,場所とる,"108,000","158,000",要確認,,,,,,,,,,,
,三井アウトレットパーク,三井アウトレットパーク幕張④　C-SITE1階ブリッジ側エスカレーター横,千葉市美浜区ひび野2丁目6-1,約38.8㎡,屋内（風除室含む）,場所とる,"108,000","208,000",要確認,,,,,,,,,,,
,三井アウトレットパーク,三井アウトレットパーク幕張⑤　B-SITE2階イベントステージ,千葉市美浜区ひび野2丁目6-1,約30㎡,屋内（風除室含む）,場所とる,"108,000","158,000",要確認,,,,,,,,,,,
,三井アウトレットパーク,三井アウトレットパーク幕張⑥　C-SITE1階総合案内所前,千葉市美浜区ひび野2丁目6-1,約28㎡,屋内（風除室含む）,場所とる,"108,000","158,000",要確認,,,,,,,,,,,
,三井アウトレットパーク,三井アウトレットパーク幕張⑦　D-SITE1階エレベーター前,千葉市美浜区ひび野2丁目6-1,約27㎡,屋内（風除室含む）,場所とる,"108,000","158,000",要確認,,,,,,,,,,,
,三井アウトレットパーク,三井アウトレットパーク幕張⑧　C-SITE1階中央スぺース,千葉市美浜区ひび野2丁目6-1,約12㎡,屋内（風除室含む）,場所とる,"108,000","158,000",要確認,,,,,,,,,,,
,三井アウトレットパーク,三井アウトレットパーク幕張⑨　B-SITE1階エレベーター横,千葉市美浜区ひび野2丁目6-1,約12㎡,屋内（風除室含む）,場所とる,"108,000","158,000",要確認,,,,,,,,,,,
,三井アウトレットパーク,三井アウトレットパーク幕張⑩　C-SITE1階総合案内所前柱まわり,千葉市美浜区ひび野2丁目6-1,約4.8㎡,屋内（風除室含む）,場所とる,"108,000","158,000",要確認,,,,,,,,,,,
,三井アウトレットパーク,三井アウトレットパーク木更津①　ピアストリート(フードコート側植栽前),木更津市金田東3丁目1-1,約78.0㎡,屋内（風除室含む）,場所とる,"208,000","308,000",要確認,,,,,,,,,,,
,三井アウトレットパーク,三井アウトレットパーク木更津②　ピアストリート内 (ステージ側),木更津市金田東3丁目1-1,約66.0㎡,屋内（風除室含む）,場所とる,"108,000","208,000",要確認,,,,,,,,,,,
,三井アウトレットパーク,三井アウトレットパーク木更津③　グリーンゾーン通路,木更津市金田東3丁目1-1,約48.0㎡,屋外,場所とる,"108,000","208,000",要確認,,,,,,,,,,,
,三井アウトレットパーク,三井アウトレットパーク木更津④　アーバンゾーン通路,木更津市金田東3丁目1-1,約48.0㎡,屋外,場所とる,"108,000","208,000",要確認,,,,,,,,,,,
,三井アウトレットパーク,三井アウトレットパーク木更津⑤　インモール免税カウンター跡地,木更津市金田東3丁目1-1,約36.15㎡,屋内（風除室含む）,グラスト,"110,000","220,000",要確認,,,,,,,,,,,
,三井アウトレットパーク,三井アウトレットパーク木更津⑥　インモールフードコート側,木更津市金田東3丁目1-1,約32.45㎡,屋内（風除室含む）,場所とる,"208,000","308,000",要確認,,,,,,,,,,,
,三井アウトレットパーク,三井アウトレットパーク木更津⑦　インモール入口側,木更津市金田東3丁目1-1,約32.45㎡,屋内（風除室含む）,場所とる,"208,000","308,000",要確認,,,,,,,,,,,
,三井アウトレットパーク,三井アウトレットパーク木更津⑧　イースト3ゲート施設内植栽前,木更津市金田東3丁目1-1,約15.0㎡,屋内（風除室含む）,グラスト,"110,000","220,000",要確認,,,,,,,,,,,
,三井アウトレットパーク,三井アウトレットパーク木更津⑨　ウェルカムホール前,木更津市金田東3丁目1-1,約15.0㎡,屋内（風除室含む）,グラスト,"110,000","220,000",要確認,,,,,,,,,,,
,三井アウトレットパーク,三井アウトレットパーク木更津⑩　プレイグランド奥,木更津市金田東3丁目1-1,約15.0㎡,屋内（風除室含む）,場所とる,"108,000","208,000",要確認,,,,,,,,,,,
,三井アウトレットパーク,三井アウトレットパーク木更津⑪　ステージ裏植栽前,木更津市金田東3丁目1-1,約15.0㎡,屋外,場所とる,"108,000","208,000",要確認,,,,,,,,,,,
,三井アウトレットパーク,三井アウトレットパーク木更津⑫　ピアストリート内(インモール側),木更津市金田東3丁目1-1,約15.0㎡,屋内（風除室含む）,場所とる,"108,000","208,000",要確認,,,,,,,,,,,
,三井アウトレットパーク,"三井アウトレットパーク木更津⑬　ステージ裏イベントスペース(A,B)",木更津市金田東3丁目1-1,約10.0㎡,屋外,場所とる,"108,000","208,000",要確認,,,,,,,,,,,
,三井アウトレットパーク,三井アウトレットパーク木更津⑭　イースト3ゲート前,木更津市金田東3丁目1-1,約9.0㎡,屋内（風除室含む）,グラスト,"110,000","220,000",要確認,,,,,,,,,,,
,三井アウトレットパーク,三井アウトレットパーク木更津⑮　インモール狭スペース,木更津市金田東3丁目1-1,約7.5㎡ ,屋内（風除室含む）,場所とる,"108,000","208,000",要確認,,,,,,,,,,,
,イオンモール,イオンモール幕張新都心グランドモール①　1F グランドコート,千葉市美浜区豊砂1-1幕張新都心グランドモール2階,70.2坪,屋内（風除室含む）,グラスト,"360,000","840,000",実施不可,,,,,,,,,,,
,イオンモール,イオンモール幕張新都心グランドモール②　1F ホビーコート,千葉市美浜区豊砂1-1幕張新都心グランドモール2階,38.9坪,屋内（風除室含む）,グラスト,"360,000","600,000",実施不可,,,,,,,,,,,
,イオンモール,イオンモール幕張新都心グランドモール③　1F ファミリコート,千葉市美浜区豊砂1-1幕張新都心グランドモール2階,36.9坪,屋内（風除室含む）,グラスト,"360,000","600,000",実施不可,,,,,,,,,,,
,イオンモール,イオンモール幕張新都心グランドモール④　1Fグランドスクエア,千葉市美浜区豊砂1-1幕張新都心グランドモール2階,105坪,屋内（風除室含む）,グラスト,"360,000","600,000",実施不可,,,,,,,,,,,
,イオンモール,イオンモール幕張新都心グランドモール⑤　2Fグランドダイナーズ入口(Pandora House idee marche前),千葉市美浜区豊砂1-1幕張新都心グランドモール2階,18.2坪,屋内（風除室含む）,グラスト,"120,000","360,000",実施不可,,,,,,,,,,,
,イオンモール,イオンモール幕張新都心グランドモール⑥　2Fイベントスペースとみや前,千葉市美浜区豊砂1-1幕張新都心グランドモール2階,15.9坪,屋内（風除室含む）,グラスト,"60,000","240,000",実施不可,,,,,,,,,,,
,イオンモール,イオンモール幕張新都心グランドモール⑦　2Fイベントスペース リビングハウス前,千葉市美浜区豊砂1-1幕張新都心グランドモール2階,11.4坪,屋内（風除室含む）,グラスト,"60,000","240,000",実施不可,,,,,,,,,,,
,イオンモール,イオンモール幕張新都心グランドモール⑧　2Fイベントスペース ラウレア前,千葉市美浜区豊砂1-1幕張新都心グランドモール2階,9.0坪（29.7m²）,屋内（風除室含む）,グラスト,"120,000","360,000",実施不可,,,,,,,,,,,
,イオンモール,イオンモール幕張新都心グランドモール⑨　2FイベントスペースPLAZA前,千葉市美浜区豊砂1-1幕張新都心グランドモール2階,14.7坪（48.5m²）,屋内（風除室含む）,グラスト,"60,000","240,000",実施不可,,,,,,,,,,,
,イオンモール,イオンモール幕張新都心グランドモール⑩　2Fイベントスペース　アクタス前,千葉市美浜区豊砂1-1幕張新都心グランドモール2階,3.6坪（12m²）,屋内（風除室含む）,グラスト,"60,000","180,000",実施不可,,,,,,,,,,,
,イオンモール,イオンモール幕張新都心グランドモール⑪　3Fイベントスペース　3COINS+plus前,千葉市美浜区豊砂1-1幕張新都心グランドモール2階,10坪（32.9m²）,屋内（風除室含む）,グラスト,"60,000","180,000",実施不可,,,,,,,,,,,
,イオンモール,イオンモール幕張新都心グランドモール⑫　3Fイベントスペース　DAISO前,千葉市美浜区豊砂1-1幕張新都心グランドモール2階,約10坪（33.2m²）,屋内（風除室含む）,グラスト,"60,000","180,000",実施不可,,,,,,,,,,,
,イオンモール,イオンモール幕張新都心ファミリーモール,千葉市美浜区豊砂1-1幕張新都心ファミリーモール1階,9.7坪（32m²）,屋内（風除室含む）,グラスト,"60,000","180,000",実施不可,,,,,,,,,,,
,イオンモール,イオンモール成田①　1F 和み広場,成田市ウイング土屋24,146㎡,屋内（風除室含む）,場所とる,"208,000","408,000",要確認,,,,備品使用料別途,,,,,,,
,イオンモール,イオンモール成田②　1F うなりくん広場,成田市ウイング土屋24,102㎡,屋内（風除室含む）,場所とる,"208,000","408,000",要確認,,,,備品使用料別途,,,,,,,
,イオンモール,イオンモール成田③　2F ブリッジスペースAorG,成田市ウイング土屋24,13～16㎡,屋内（風除室含む）,場所とる,"88,000","208,000",要確認,,,,備品使用料別途,,,,,,,
,イオンモール,イオンモール成田⑩　2F ブリッジスペースBorCorDorEorI,成田市ウイング土屋24,11～23㎡,屋内（風除室含む）,場所とる,"48,000","188,000",要確認,,,,備品使用料別途,,,,,,,
,イオンモール,イオンモール成田④　1F ブリッジスペースH,成田市ウイング土屋24,3.75㎡,屋内（風除室含む）,グラスト,"72,000","180,000",要確認,,,,備品使用料別途,,,,,,,
,イオンモール,イオンモール成田⑤　2FブリッジスペースI,成田市ウイング土屋24,5㎡,屋内（風除室含む）,グラスト,"50,000","156,000",要確認,,,,備品使用料別途,,,,,,,
,イオンモール,イオンモール成田⑥　2FブリッジスペースJ,成田市ウイング土屋24,16㎡,屋内（風除室含む）,グラスト,"72,000","180,000",要確認,,,,備品使用料別途,,,,,,,
,イオンモール,イオンモール成田⑦　1FブリッジスペースJ,成田市ウイング土屋24,16㎡,屋内（風除室含む）,場所とる,"88,000","208,000",要確認,,,,備品使用料別途,,,,,,,
,イオンモール,イオンモール成田⑧　1FブリッジスペースL,成田市ウイング土屋24,52.8㎡程度,屋内（風除室含む）,場所とる,"108,000","208,000",要確認,,,,備品使用料別途,,,,,,,
,イオンモール,イオンモール成田⑨　2Fイオンホール,成田市ウイング土屋24,276㎡程度,屋内（風除室含む）,場所とる,"58,000","108,000",要確認,,,,備品使用料別途,,,,,,,
,イオンモール,イオンモール千葉ニュータウン①　モール棟1階　コスモスコート,印西市中央北3-2,約48㎡,屋内（風除室含む）,グラスト,"144,000","288,000",実施不可,,,,,,,,,,,
,イオンモール,イオンモール千葉ニュータウン②　モール棟1階　ガーデンコート,印西市中央北3-2,18.3坪（60.5m²）,屋内（風除室含む）,グラスト,"120,000","240,000",実施不可,,,,,,,,,,,
,イオンモール,イオンモール千葉ニュータウン③　モール棟1階　中央十字路,印西市中央北3-2,4.2坪（14.1m²）,屋内（風除室含む）,グラスト,"84,000","168,000",実施不可,,,,,,,,,,,
,イオンモール,イオンモール千葉ニュータウン④　シネマ・スポーツ棟1階西入口前,印西市中央北3-2,約49㎡,屋内（風除室含む）,グラスト,"60,000","120,000",実施不可,,,,,,,,,,,
,イオンモール,イオンモール千葉ニュータウン⑤　モール棟2階　東エスカレーター前,印西市中央北3-2,"""	6.8坪（22.5m²）""",屋内（風除室含む）,グラスト,"60,000","120,000",実施不可,,,,,,,,,,,
,イオンモール,イオンモール千葉ニュータウン⑥　モール棟2階　中央十字路,印西市中央北3-2,28㎡,屋内（風除室含む）,グラスト,"72,000","144,000",実施不可,,,,,,,,,,,
,イオンモール,イオンモール千葉ニュータウン⑦　モール棟2階　西入口前,印西市中央北3-2,約25㎡,屋内（風除室含む）,グラスト,"60,000","120,000",実施不可,,,,,,,,,,,
,イオンモール,イオンモール千葉ニュータウン⑧　モール棟2階　西エスカレータ前,印西市中央北3-2,7.4坪（24.5m²）,屋内（風除室含む）,グラスト,"60,000","120,000",実施不可,,,,,,,,,,,
,イオンモール,イオンモール千葉ニュータウン⑨　モール棟3階　東ブリッジ,印西市中央北3-2,約8㎡,屋内（風除室含む）,グラスト,"84,000","168,000",実施不可,,,,,,,,,,,
,イオンモール,イオンモール千葉ニュータウン⑩　モール棟3階　東入口前,印西市中央北3-2,1.1坪（3.8m²）,屋内（風除室含む）,グラスト,"84,000","168,000",実施不可,,,,,,,,,,,
,イオンモール,イオンモール千葉ニュータウン⑪　モール棟3階　中央東ブリッジ,印西市中央北3-2,7.8坪（26m²）,屋内（風除室含む）,グラスト,"84,000","168,000",実施不可,,,,,,,,,,,
,イオンモール,イオンモール千葉ニュータウン⑫　モール棟3階　西入口前,印西市中央北3-2,12.1坪（40m²）,屋内（風除室含む）,グラスト,"60,000","120,000",実施不可,,,,,,,,,,,
,イオンモール,イオンモール富津①　1階アゼリアコート,富津市青木1丁目5番地1,59.4坪,屋内（風除室含む）,グラスト,"120,000","240,000",実施不可,,,,,,,,,,,
,イオンモール,イオンモール富津②　1F東エレベーター前A,富津市青木1丁目5番地1,2.11坪,屋内（風除室含む）,グラスト,"40,000","60,000",実施不可,,,,,,,,,,,
,イオンモール,イオンモール富津③　1F東エレベーター前B,富津市青木1丁目5番地1,2.11坪,屋内（風除室含む）,グラスト,"40,000","60,000",実施不可,,,,,,,,,,,
,イオンモール,イオンモール富津④　1F中央入口横,富津市青木1丁目5番地1,1.67坪,屋内（風除室含む）,グラスト,"40,000","60,000",実施不可,,,,,,,,,,,
,イオンモール,イオンモール富津⑤　1階中央エスカレーター横,富津市青木1丁目5番地1,2.3坪,屋内（風除室含む）,グラスト,"40,000","60,000",実施不可,,,,,,,,,,,
,イオンモール,イオンモール富津⑥　1Fおまつり広場,富津市青木1丁目5番地1,39坪,屋内（風除室含む）,グラスト,"60,000","60,000",実施不可,,,,,,,,,,,
,イオンモール,イオンモール富津⑦　1Fしおかぜマート前,富津市青木1丁目5番地1,2.42坪,屋内（風除室含む）,グラスト,"40,000","60,000",実施不可,,,,,,,,,,,
,イオンモール,イオンモール富津⑧　1Fしおかぜマート中央,富津市青木1丁目5番地1,1.82坪,屋内（風除室含む）,グラスト,"60,000","60,000",実施不可,,,,,,,,,,,
,イオンモール,イオンモール富津⑨　1Fしおかぜマート入り口横,富津市青木1丁目5番地1,5坪,屋内（風除室含む）,グラスト,"60,000","60,000",実施不可,,,,,,,,,,,
,イオンモール,イオンモール富津⑩　1Fしおかぜマート外,富津市青木1丁目5番地1,4.54坪,屋内（風除室含む）,グラスト,"60,000","60,000",実施不可,,,,,,,,,,,
,イオンモール,イオンモール富津⑪　2F中央エスカレーター横,富津市青木1丁目5番地1,10.77坪,屋内（風除室含む）,グラスト,"40,000","60,000",実施不可,,,,,,,,,,,
,イオンモール,イオンモール富津⑫　2F西吹抜前,富津市青木1丁目5番地1,8.32坪,屋内（風除室含む）,グラスト,"40,000","60,000",実施不可,,,,,,,,,,,
,イオンモール,イオンモール富津⑬　2F西中央,富津市青木1丁目5番地1,15.97坪,屋内（風除室含む）,グラスト,"40,000","60,000",実施不可,,,,,,,,,,,
,イオンモール,イオンモール富津⑭　2F西エスカレーター前,富津市青木1丁目5番地1,5.43坪,屋内（風除室含む）,グラスト,"40,000","60,000",実施不可,,,,,,,,,,,
,イオンモール,イオンモール富津⑮　3F西吹抜前,富津市青木1丁目5番地1,8.32坪,屋内（風除室含む）,グラスト,"40,000","60,000",実施不可,,,,,,,,,,,
,イオンモール,イオンモール木更津①　アクアパーク(屋外),木更津市築地1-4,398㎡,屋外,グラスト,"480,000","720,000",実施不可,,,,,,,,,,,
,イオンモール,イオンモール木更津②　ライブパーク(屋外),木更津市築地1-4,548㎡,屋外,グラスト,"360,000","600,000",実施不可,,,,,,,,,,,
,イオンモール,イオンモール木更津③　キッズパーク(屋外),木更津市築地1-4,221坪,屋外,グラスト,"240,000","480,000",実施不可,,,,,,,,,,,
,イオンモール,イオンモール木更津④　1階ノースアトリウム,木更津市築地1-4,95㎡,屋内（風除室含む）,グラスト,"300,000","600,000",実施不可,,,,,,,,,,,
,イオンモール,イオンモール木更津⑤　1階センターアトリウム,木更津市築地1-4,34.6坪（114.5m²）,屋内（風除室含む）,グラスト,"270,000","540,000",実施不可,,,,,,,,,,,
,イオンモール,イオンモール木更津⑥　1階サウスアトリウム,木更津市築地1-4,"""	約42坪（140m²）""",屋内（風除室含む）,グラスト,"180,000","360,000",実施不可,,,,,,,,,,,
,イオンモール,イオンモール木更津⑦　1FA2入口エスカレーター横,木更津市築地1-4,2坪,屋内（風除室含む）,場所とる,"33,000","45,000",実施不可,,,,,,,,,,,
,イオンモール,イオンモール木更津⑧　2FノースブリッジB,木更津市築地1-4,3.3坪（11m²）,屋内（風除室含む）,場所とる,"63,000","118,000",要確認,,,,,,,,,,,
,イオンモール,イオンモール木更津⑨　2Fセンターブリッジ,木更津市築地1-4,4坪,屋内（風除室含む）,グラスト,"72,000","144,000",実施不可,,,,,,,,,,,
,イオンモール,イオンモール木更津⑩　2Fフードコート前ブリッジ,木更津市築地1-4,4坪,屋内（風除室含む）,グラスト,"72,000","144,000",実施不可,,,,,,,,,,,
,イオンモール,イオンモール木更津⑪　2FサウスブリッジA,木更津市築地1-4,4坪,屋内（風除室含む）,場所とる,"68,000","128,000",要確認,,,,,,,,,,,
,イオンモール,イオンモール木更津⑫　2FサウスブリッジB,木更津市築地1-4,4坪,屋内（風除室含む）,場所とる,"68,000","128,000",要確認,,,,,,,,,,,
,イオンモール,イオンモール津田沼①　1F さくら公園コート,習志野市津田沼1-23-1,64㎡,屋内（風除室含む）,グラスト,"150,000","300,000",実施不可,,,,,,,,,,,
,イオンモール,イオンモール津田沼②　1F 東側エスカレーター前コート,習志野市津田沼1-23-1,31.5㎡,屋内（風除室含む）,グラスト,"90,000","180,000",実施不可,,,,,,,,,,,
,イオンモール,イオンモール津田沼③　1F フードガーデン前コート,習志野市津田沼1-23-1,34㎡,屋内（風除室含む）,グラスト,"90,000","180,000",実施不可,,,,,,,,,,,
,イオンモール,イオンモール津田沼④　1F Dスペース,習志野市津田沼1-23-1,4.84坪,屋内（風除室含む）,グラスト,"60,000","120,000",実施不可,,,,,,,,,,,
,イオンモール,イオンモール津田沼⑤　1F Cスペース,習志野市津田沼1-23-1,4.76坪,屋内（風除室含む）,グラスト,"60,000","120,000",実施不可,,,,,,,,,,,
,イオンモール,イオンモール津田沼⑥　1F Bスペース,習志野市津田沼1-23-1,2.86坪,屋内（風除室含む）,グラスト,"50,000","96,000",実施不可,,,,,,,,,,,
,イオンモール,イオンモール津田沼⑦　1F Aスペース,習志野市津田沼1-23-1,2.42坪,屋内（風除室含む）,グラスト,"50,000","96,000",実施不可,,,,,,,,,,,
,イオンモール,イオンモール八千代緑が丘①　ローズ広場,八千代市緑が丘2丁目1番3,20坪,屋内（風除室含む）,グラスト,"180,000","300,000",実施不可,,,,,,,,,,,
,イオンモール,イオンモール八千代緑が丘②　アゼリア広場 AorB,八千代市緑が丘2丁目1番3,20～25坪,屋内（風除室含む）,グラスト,"240,000","360,000",実施不可,,,,,,,,,,,
,イオンモール,イオンモール八千代緑が丘③　カルディ前,八千代市緑が丘2丁目1番3,4坪,屋内（風除室含む）,グラスト,"96,000","240,000",実施不可,,,,,,,,,,,
,イオンモール,イオンモール八千代緑が丘④　スターバックス前通路,八千代市緑が丘2丁目1番3,5坪,屋内（風除室含む）,グラスト,"96,000","240,000",実施不可,,,,,,,,,,,
,イオンモール,イオンモール八千代緑が丘⑤　イルーシー300前,八千代市緑が丘2丁目1番3,5坪,屋内（風除室含む）,グラスト,"96,000","240,000",実施不可,,,,,,,,,,,
,イオンモール,イオンモール八千代緑が丘⑥　ティップトップ+ポケット前　,八千代市緑が丘2丁目1番3,5坪,屋内（風除室含む）,グラスト,"60,000","120,000",実施不可,,,,,,,,,,,
,イオンモール,イオンモール八千代緑が丘⑦　チェルシーニューヨーク前,八千代市緑が丘2丁目1番3,5坪,屋内（風除室含む）,グラスト,"60,000","120,000",実施不可,,,,,,,,,,,
,イオンモール,イオンモール八千代緑が丘⑧　チュチュアンナ前 ,八千代市緑が丘2丁目1番3,5坪,屋内（風除室含む）,グラスト,"60,000","120,000",実施不可,,,,,,,,,,,
,イオンモール,イオンモール八千代緑が丘⑨　イオンほけん相談前ブリッジ ,八千代市緑が丘2丁目1番3,4坪,屋内（風除室含む）,グラスト,"60,000","120,000",実施不可,,,,,,,,,,,
,イオンモール,イオンモール八千代緑が丘⑩　タカキュー前ブリッジ,八千代市緑が丘2丁目1番3,5坪,屋内（風除室含む）,グラスト,"60,000","120,000",実施不可,,,,,,,,,,,
,イオンモール,イオンモール八千代緑が丘⑪　スポーツオーソリティー前ブリッジ,八千代市緑が丘2丁目1番3,4坪,屋内（風除室含む）,グラスト,"60,000","120,000",実施不可,,,,,,,,,,,
,イオンモール,イオンモール八千代緑が丘⑫　さくら平安堂前ブリッジ,八千代市緑が丘2丁目1番3,5坪,屋内（風除室含む）,グラスト,"60,000","120,000",実施不可,,,,,,,,,,,
,イオンモール,イオンモール八千代緑が丘⑬　ナムコ前ブリッジ,八千代市緑が丘2丁目1番3,4坪,屋内（風除室含む）,グラスト,"60,000","120,000",実施不可,,,,,,,,,,,
,イオンモール,イオンモール八千代緑が丘⑭　ジュエルカフェ前ブリッジ ,八千代市緑が丘2丁目1番3,4坪,屋内（風除室含む）,グラスト,"60,000","120,000",実施不可,,,,,,,,,,,
,イオンモール,イオンモール八千代緑が丘⑮　駅側正面入口,八千代市緑が丘2丁目1番3,4坪,屋内（風除室含む）,グラスト,"60,000","120,000",実施不可,,,,,,,,,,,
,イオンモール,イオンモール柏①　１F　センターコート,柏市豊町2-5-25,"99,20㎡",屋内（風除室含む）,場所とる,"158,000","308,000",要確認,,,,備品使用料別途,,,,,,,
,イオンモール,イオンモール柏②　1F センターコート前通路,柏市豊町2-5-25,約3坪,屋内（風除室含む）,グラスト,"50,000","84,000",要確認,,,,備品使用料別途,,,,,,,
,イオンモール,イオンモール柏③　１F　レストランコート,柏市豊町2-5-25,"43,61㎡",屋内（風除室含む）,場所とる,"88,000","158,000",要確認,,,,備品使用料別途,,,,,,,
,イオンモール,イオンモール柏④　1F中央催事場AorBorC,柏市豊町2-5-25,3.9坪,屋内（風除室含む）,グラスト,"50,000","84,000",要確認,,,,備品使用料別途,,,,,,,
,イオンモール,イオンモール柏⑤　2Fノースブリッジ,柏市豊町2-5-25, 約9.53坪,屋内（風除室含む）,グラスト,"72,000","108,000",要確認,,,,備品使用料別途,,,,,,,
,イオンモール,イオンモール銚子①　1F 太陽の広場,柏市豊町2-5-25,約4坪,屋内（風除室含む）,グラスと,"30,000","60,000",要確認,,,,備品使用料別途／SB開催不可,,,,,,,
,イオンモール,イオンモール銚子②　1F イルカの広場,柏市豊町2-5-25,約25坪,屋内（風除室含む）,場所とる,"88,000","188,000",要確認,,,,備品使用料別途／SB開催不可,,,,,,,
,イオンモール,イオンモール銚子③　1F 風の広場,柏市豊町2-5-25,約8坪,屋内（風除室含む）,場所とる,"88,000","188,000",要確認,,,,備品使用料別途／SB開催不可,,,,,,,
,イオンモール,イオンモール銚子④　2F アズビー前ブリッジスペース,柏市豊町2-5-25,約8坪,屋内（風除室含む）,グラスト,"50,000","96,000",要確認,,,,備品使用料別途／SB開催不可,,,,,,,
,イオンモール,イオンモール銚子⑤　1階風の広場横,柏市豊町2-5-25,長机2台分程,屋内（風除室含む）,場所とる,"48,000","128,000",要確認,,,,備品使用料別途／SB開催不可,,,,,,,
,イオンモール,イオンモール銚子⑥　1階中央エスカレーター横,柏市豊町2-5-25,2.4m×3.6m程度,屋内（風除室含む）,場所とる,"38,000","68,000",要確認,,,,備品使用料別途／SB開催不可,,,,,,,
,イオンモール,イオンモール銚子⑦　2階ABCマート前ブリッジ,柏市豊町2-5-25,3m×10m程度,屋内（風除室含む）,場所とる,"38,000","128,000",要確認,,,,備品使用料別途／SB開催不可,,,,,,,
,イオンモール,イオンモール銚子⑧　2階GIGO前ブリッジ,柏市豊町2-5-25,3m×6m程度,屋内（風除室含む）,場所とる,"48,000","88,000",要確認,,,,備品使用料別途／SB開催不可,,,,,,,
,イオンモール,イオンモール銚子⑨　2階ダイソー前ブリッジ,柏市豊町2-5-25,3m×6m程度,屋内（風除室含む）,場所とる,"48,000","88,000",要確認,,,,備品使用料別途／SB開催不可,,,,,,,
,イオンモール,イオンモール銚子⑩　2階フードコートPALO横,柏市豊町2-5-25,5m×5m程度,屋内（風除室含む）,場所とる,"38,000","128,000",要確認,,,,備品使用料別途／SB開催不可,,,,,,,
,イオンモール,イオンモール銚子⑪　2階リプリーズ前ブリッジ,柏市豊町2-5-25,3m×6m程度,屋内（風除室含む）,場所とる,"48,000","88,000",要確認,,,,備品使用料別途／SB開催不可,,,,,,,
,イオンモール,イオンモール船橋①　1F イオンバイク前,船橋市山手1丁目1番8号,約42㎡,屋内（風除室含む）,グラスト,"144,000","420,000",実施不可,,,,,,,,,,,
,イオンモール,イオンモール船橋②　1F 光の広場,船橋市山手1丁目1番8号,約50㎡,屋内（風除室含む）,グラスト,"144,000","420,000",実施不可,,,,,,,,,,,
,イオンモール,イオンモール船橋③　1F メイン通路,船橋市山手1丁目1番8号,約18m²,屋内（風除室含む）,グラスト,"84,000","216,000",実施不可,,,,,,,,,,,
,イオンモール,イオンモール船橋④　2F スポーツオーソリティ前,船橋市山手1丁目1番8号,約13m²,屋内（風除室含む）,グラスト,"60,000","120,000",実施不可,,,,,,,,,,,
,イオンモール,イオンモール船橋⑤　2F 光の広場側,船橋市山手1丁目1番8号,約9m² ,屋内（風除室含む）,グラスト,"60,000","120,000",実施不可,,,,,,,,,,,
,イオンモール,イオンモール船橋⑥　2F島村楽器前,船橋市山手1丁目1番8号,3.5坪,屋内（風除室含む）,グラスト,"60,000","120,000",実施不可,,,,,,,,,,,
,イオンモール,イオンモール船橋⑦　3FPIVOT前,船橋市山手1丁目1番8号,6坪(21㎡),屋内（風除室含む）,グラスト,"72,000","144,000",実施不可,,,,,,,,,,,
,イオンモール,イオンモール船橋⑧　3FauSHOP前,船橋市山手1丁目1番8号,3.5坪,屋内（風除室含む）,グラスト,"72,000","144,000",実施不可,,,,,,,,,,,
,イオンモール,イオンモール船橋⑨　3Fフードコート前光の広場側,船橋市山手1丁目1番8号,3坪,屋内（風除室含む）,グラスト,"72,000","180,000",実施不可,,,,,,,,,,,
,イオンモール,イオンモール船橋⑩　3FJINS前,船橋市山手1丁目1番8号,3.5坪,屋内（風除室含む）,グラスト,"72,000","144,000",実施不可,,,,,,,,,,,
,イオンモール,ゆみーる鎌取ショッピングセンター,千葉市緑区おゆみ野3-16　JR外房線鎌取駅前,3坪～10坪,屋内（風除室含む）,グラスト,"72,000","144,000",要確認,,,,,,,,,,,
,イオン,イオン稲毛,千葉市稲毛区小仲台1-4-20,1.8m×1.8m～,屋内（風除室含む）,ダイエースペース,"40,000","50,000",要確認,,,,,,,,,,,
,イオンスタイル,イオンスタイル鎌取,千葉市緑区おゆみ野3-16-1,1.8m×1.8m～,屋内（風除室含む）,グラスト,"40,000","60,000",要確認,,,,,,,,,,,
,イオン,イオン銚子,銚子市三崎町2-2660-1,1.8m×1.8m～,屋内（風除室含む）,グラスト,"40,000","60,000",要確認,,,,,,,,,,,
,イオン,イオン南行徳,市川市南行徳2-20-25,3.6m×1.2m,屋内（風除室含む）,グラスト,"40,000","60,000",実施不可,,,,,,,,,,,
,イオン,イオン高根木戸①　1F駅側出入口,船橋市習志野台1-1-3,長机2台分程,屋内（風除室含む）,グラスト,"25,000","25,000",要確認,,,,,,,,,,,
,イオン,イオン高根木戸②　2F美容室前,船橋市習志野台1-1-3,長机1～2台分程,屋内（風除室含む）,グラスト,"20,000","20,000",要確認,,,,,,,,,,,
,イオン,イオン船橋,船橋市山手1-1-8,1.8m×1.8m～,屋内（風除室含む）,グラスト,"40,000","60,000",要確認,,,,,,,,,,,
,イオン,イオン館山,館山市八幡545-1,1.8m×1.8m～,屋内（風除室含む）,グラスト,"40,000","60,000",要確認,,,,,,,,,,,
,イオンスタイル,イオンスタイル木更津,木更津市築地1-4,長机2.3台分程,屋内（風除室含む）,グラスト,"40,000","50,000",要確認,,,,,,,,,,,
,イオン,イオン北小金①　2階駅側入口(マクドナルドの手前),松戸市小金1,長机1~2台分程,屋内（風除室含む）,グラスト,"40,000","40,000",要確認,,,,,,,,,,,
,イオン,イオン北小金②　2階エレベーター前,松戸市小金1,約13坪,屋内（風除室含む）,グラスト,"50,000","50,000",要確認,,,,,,,,,,,
,イオン,イオン新浦安ショッピングセンター①　1階プラザ催事場A,浦安市入船1-4-1,16.8m×8.4m程度,屋内（風除室含む）,場所とる,"308,000","608,000",要確認,,,,,,,,,,,
,イオン,イオン新浦安ショッピングセンター②　1階プラザ催事場C,浦安市入船1-4-1,8.4m×8.6m程度,屋内（風除室含む）,場所とる,"158,000","308,000",要確認,,,,,,,,,,,
,イオン,イオン新浦安ショッピングセンター③　2階ファッションゾーン通路,浦安市入船1-4-1,1.6m×41m程度,屋内（風除室含む）,場所とる,"74,000","118,000",要確認,,,,,,,,,,,
,イオン,イオン新浦安ショッピングセンター④　2階プラザエスカレーター前(全面),浦安市入船1-4-1,11.8m×5.6m程度,屋内（風除室含む）,場所とる,"74,000","118,000",要確認,,,,,,,,,,,
,イオン,イオン新浦安ショッピングセンター⑤　2階プラザエスカレーター前(半面),浦安市入船1-4-1,16.5㎡程度,屋内（風除室含む）,場所とる,"41,000","63,000",要確認,,,,,,,,,,,
,イオン,イオン新浦安ショッピングセンター⑥　2階ペデストリアンデッキ,浦安市入船1-4-1,16.8m×4m程度,屋内（風除室含む）,場所とる,"74,000","118,000",要確認,,,,,,,,,,,
,イオン,イオン新浦安ショッピングセンター⑦　2階専門店エスカレーター前,浦安市入船1-4-1,10.2坪程度,屋内（風除室含む）,場所とる,"30,000","46,500",要確認,,,,,,,,,,,
,イオン,イオン新浦安ショッピングセンター⑧　3階こどものあそびば横,浦安市入船1-4-1,20.5m×8.5m程度,屋内（風除室含む）,場所とる,"30,000","46,500",要確認,,,,,,,,,,,
,イオン,イオン新浦安ショッピングセンター⑨　3階プラザエスカレーター前,浦安市入船1-4-1,5.9m×2.8m程度,屋内（風除室含む）,場所とる,"30,000","46,500",要確認,,,,,,,,,,,
,イオン,イオン新浦安ショッピングセンター⑩　4階大型ビジョン前,浦安市入船1-4-1,20坪程度,屋内（風除室含む）,場所とる,"41,000","63,000",要確認,,,,,,,,,,,
,イオン,イオン新浦安ショッピングセンター⑪　1階正面出入口横,浦安市入船1-4-1,5m×4m程度,屋外,場所とる,"74,000","118,000",要確認,,,,,,,,,,,
,イオンタウン,イオンタウン市川大和田,市川市大和田1丁目1-1,長机1～2台程度,屋内（風除室含む）,場所とる,"25,000","25,000",要確認,,,,,,,,,,,
,イオンタウン,イオンタウン旭①　1階ATM前,旭市イ4337番1,2m×2m程度,屋内（風除室含む）,場所とる,"25,000","35,000",要確認,,,,,,,,,,,
,イオンタウン,イオンタウン旭②　1階屋内ロッカー横,旭市イ4337番1,2m×2m程度,屋内（風除室含む）,場所とる,"25,000","35,000",要確認,,,,,,,,,,,
,イオンタウン,イオンタウン旭③　1階屋内階段横,旭市イ4337番1,2.0m×2.0m程度,屋内（風除室含む）,場所とる,"25,000","35,000",要確認,,,,,,,,,,,
,イオンタウン,イオンタウン旭④　1階みらい広場1(屋根なし),旭市イ4337番1,2.5m×4m程度,屋外,場所とる,"35,000","65,000",要確認,,,,,,,,,,,
,イオンタウン,イオンタウン旭⑤　1階みらい広場2,旭市イ4337番1,2.5m×4m程度,屋外,場所とる,"35,000","65,000",要確認,,,,,,,,,,,
,イオンタウン,イオンタウン旭⑥　1階みらい広場3,旭市イ4337番1,13.7m×15.0m程度,屋外,場所とる,"55,000","105,000",要確認,,,,,,,,,,,
,イオンスタイル,イオンスタイル成田,成田市ウイング土屋24,1.8m×1.8m～,屋内（風除室含む）,グラスト,"40,000","60,000",要確認,,,,,,,,,,,
,イオン,イオン臼井①　1F駅側エスカ上り口,佐倉市王子台1-23,長机1台分程,屋内（風除室含む）,グラスト,"25,000","25,000",要確認,,,,,,,,,,,
,イオン,イオン臼井②　1Fイオンバイク側エスカ上り口,佐倉市王子台1-23,長机2台分程,屋内（風除室含む）,グラスト,"25,000","25,000",要確認,,,,,,,,,,,
,イオンスタイル,イオンスタイルユーカリが丘,佐倉市西ユーカリが丘6-12-3,1.8m×1.8m～,屋内（風除室含む）,グラスト,"40,000","60,000",要確認,,,,,,,,,,,
,イオン,イオン東金,東金市東岩崎8-10,1.8m×1.8m～,屋内（風除室含む）,グラスト,"40,000","60,000",要確認,,,,,,,,,,,
,イオン,イオン津田沼,習志野市津田沼1-23-1,1.8m×1.8m～,屋内（風除室含む）,グラスト,"40,000","60,000",要確認,,,,,,,,,,,
,イオン,イオン柏,柏市豊町2-5-25,1.8m×1.8m～,屋内（風除室含む）,グラスト,"40,000","60,000",要確認,,,,,,,,,,,
,イオン,イオン八千代緑が丘,八千代市緑が丘2-1-3,1.8m×1.8m～,屋内（風除室含む）,グラスト,"40,000","60,000",要確認,,,,,,,,,,,
,イオン,イオン鎌ヶ谷①　B催事場(レジ裏スペース),鎌ケ谷市新鎌ヶ谷2-7-1,2～3坪程,屋内（風除室含む）,グラスト,"40,000","60,000",実施不可,,,,,,,,,,,
,イオン,イオン鎌ヶ谷②　A催事場,鎌ケ谷市新鎌ヶ谷2-7-1,約8坪,屋内（風除室含む）,グラスト,"60,000","84,000",実施不可,,,,,,,,,,,
,イオンスタイル,イオンスタイル君津,君津市中野5-17-1,1.8m×1.8m～,屋内（風除室含む）,グラスト,"40,000","60,000",実施不可,,,,,,,,,,,
,イオンスタイル,イオンスタイル幕張ベイパーク,美浜区若葉３丁目２－１６,要確認,屋内（風除室含む）,ダイエースペース,"15,000","20,000",要確認,,,,,,,,,,,
,イオン,イオン富津,富津市青木1-5-1,長机2～3台分程,屋内（風除室含む）,ダイエースペース,"20,000","25,000",要確認,,,,,,,,,,,
,イオンスタイル,イオンスタイル新浦安①　2階エスカレーター横,浦安市入船1-4-1,約2坪,屋内（風除室含む）,グラスト,"50,000","50,000",要確認,,,,,,,,,,,
,イオンスタイル,イオンスタイル新浦安②　2FCOMME CA ISM前,浦安市入船1-4-1,長机2台分程,屋内（風除室含む）,グラスト,"35,000","50,000",要確認,,,,,,,,,,,
,イオンスタイル,イオンスタイル新浦安③　2Fホテルショコラ前,浦安市入船1-4-1,長机2台分程,屋内（風除室含む）,グラスト,"35,000","50,000",要確認,,,,,,,,,,,
,イオンスタイル,イオンスタイル新浦安④　2FORBENE前,浦安市入船1-4-1,長机2台分程,屋内（風除室含む）,グラスト,"35,000","50,000",要確認,,,,,,,,,,,
,イオンスタイル,イオンスタイル新浦安⑤　4Fエスカレーター前,浦安市入船1-4-1,長机2台分程,屋内（風除室含む）,グラスト,"25,000","40,000",要確認,,,,,,,,,,,
,イオンスタイル,イオンスタイル新浦安⑥　2Fリーガルシューズ前,浦安市入船1-4-1,長机2台分程,屋内（風除室含む）,グラスト,"35,000","50,000",要確認,,,,,,,,,,,
,イオンスタイル,イオンスタイル新浦安⑦　1F入口付近,浦安市入船1-4-1,長机2台分程,屋内（風除室含む）,グラスト,"40,000","60,000",要確認,,,,,,,,,,,
,イオンスタイル,イオンスタイル新浦安⑧　1Fインストアベーカリー前,浦安市入船1-4-1,長机2台分程,屋内（風除室含む）,グラスト,"40,000","60,000",要確認,,,,,,,,,,,
,イオンスタイル,イオンスタイル新浦安MONA,浦安市入船1-5-1,1.8m×1.8m～,屋内（風除室含む）,グラスト,"40,000","60,000",要確認,,,,,,,,,,,
,イオン,イオン長浦,袖ケ浦市長浦駅前1-7,長机1～2台分程,屋内（風除室含む）,ダイエースペース,"15,000","20,000",要確認,,,,,,,,,,,
,イオン,イオン八街,八街市文違301,1.8m×1.8m,屋内（風除室含む）,ダイエースペース,"15,000","20,000",要確認,,,,,,,,,,,
,イオン,イオン千葉ニュータウン,印西市中央北3-1-1,,屋内（風除室含む）,グラスト,"40,000","60,000",要確認,,,,,,,,,,,
,イオン,イオン大網白里,大網白里市みやこ野1-1-2,長机1台分程,屋内（風除室含む）,ダイエースペース,"15,000","20,000",要確認,,,,,,,,,,,
,プレミアム・アウトレット,酒々井プレミアム・アウトレット①　メイン・イベントスペース①,印旛郡酒々井町飯積2-4-1,7m×4m,屋内（風除室含む）,グラスト,"456,000","672,000",要確認,,,,,,,,,,,
,プレミアム・アウトレット,酒々井プレミアム・アウトレット②　メイン・イベントスペース②,印旛郡酒々井町飯積2-4-1,5m×3.5m,屋内（風除室含む）,グラスト,"456,000","672,000",要確認,,,,,,,,,,,
,プレミアム・アウトレット,酒々井プレミアム・アウトレット③　メイン・イベントスペース③,印旛郡酒々井町飯積2-4-1,6.5m×6.5m,屋内（風除室含む）,グラスト,"456,000","672,000",要確認,,,,,,,,,,,
,プレミアム・アウトレット,酒々井プレミアム・アウトレット④　メイン・イベントスペース④,印旛郡酒々井町飯積2-4-1,5m×5m,屋内（風除室含む）,グラスト,"456,000","672,000",要確認,,,,,,,,,,,
,プレミアム・アウトレット,酒々井プレミアム・アウトレット⑤　メイン・イベントスペース⑤,印旛郡酒々井町飯積2-4-1,5m×5m,屋内（風除室含む）,グラスト,"456,000","672,000",要確認,,,,,,,,,,,
,プレミアム・アウトレット,酒々井プレミアム・アウトレット⑥　メイン・イベントスペース⑥,印旛郡酒々井町飯積2-4-1,5m×5m,屋内（風除室含む）,グラスト,"456,000","672,000",要確認,,,,,,,,,,,
,プレミアム・アウトレット,酒々井プレミアム・アウトレット⑦　メイン・イベントスペース⑦,印旛郡酒々井町飯積2-4-1,6m×6m,屋内（風除室含む）,グラスト,"456,000","672,000",要確認,,,,,,,,,,,
,プレミアム・アウトレット,酒々井プレミアム・アウトレット⑧　メイン・イベントスペース⑧,印旛郡酒々井町飯積2-4-1,6m×6m,屋内（風除室含む）,グラスト,"456,000","672,000",要確認,,,,,,,,,,,
,プレミアム・アウトレット,酒々井プレミアム・アウトレット⑨　メイン・イベントスペース⑨,印旛郡酒々井町飯積2-4-1,5.5m×5.5m,屋内（風除室含む）,グラスト,"456,000","672,000",要確認,,,,,,,,,,,
,プレミアム・アウトレット,酒々井プレミアム・アウトレット⑩　メイン・イベントスペース⑩,印旛郡酒々井町飯積2-4-1,5m×9m,屋内（風除室含む）,グラスト,"456,000","672,000",要確認,,,,,,,,,,,
,プレミアム・アウトレット,酒々井プレミアム・アウトレット⑪　メイン・イベントスペース⑪,印旛郡酒々井町飯積2-4-1,9m×18m,屋内（風除室含む）,グラスト,"456,000","672,000",要確認,,,,,,,,,,,
,プレミアム・アウトレット,酒々井プレミアム・アウトレット⑫　サブ・イベントスペースAorBorCorDorEorForGorHorI,印旛郡酒々井町飯積2-4-1,2.5m×3.5m,屋内（風除室含む）,グラスト,"156,000","252,000",要確認,,,,,,,,,,,
,Ario,アリオ蘇我①　1階サンコートイベント広場,千葉市中央区川崎町52-7,約30坪,屋内（風除室含む）,グラスト,"96,000","180,000",実施不可,,,,,,,,,,,
,Ario,アリオ蘇我②　1階アリオモールエスカレーター前,千葉市中央区川崎町52-7,約3坪,屋内（風除室含む）,グラスト,"60,000","120,000",実施不可,,,,,,,,,,,
,Ario,アリオ蘇我③　1階屋外イベント広場,千葉市中央区川崎町52-7,約50坪,屋内（風除室含む）,グラスト,"60,000","120,000",実施不可,,,,,,,,,,,
,Ario,アリオ蘇我④　1階ふねのゲート側催事場,千葉市中央区川崎町52-7,約3坪,屋内（風除室含む）,グラスト,"60,000","120,000",実施不可,,,,,,,,,,,
,Ario,アリオ蘇我⑤　1階サンコートエスカレーター前,千葉市中央区川崎町52-7,約6坪,屋内（風除室含む）,グラスト,"60,000","120,000",実施不可,,,,,,,,,,,
,Ario,アリオ蘇我⑥　2階アリオモールエスカレーター前,千葉市中央区川崎町52-7,約7坪,屋内（風除室含む）,グラスト,"60,000","120,000",実施不可,,,,,,,,,,,
,Ario,アリオ蘇我⑦　2階オーシャンプラザエスカレーター前,千葉市中央区川崎町52-7,約4坪,屋内（風除室含む）,グラスト,"60,000","120,000",実施不可,,,,,,,,,,,
,Ario,アリオ市原①　サンシャインコート屋内,市原市更級4丁目3番2,20坪,屋内（風除室含む）,グラスト,"120,000","240,000",実施不可,,,,,,,,,,,
,Ario,アリオ市原②　サンシャインコート屋外（屋根あり）,市原市更級4丁目3番2,40坪,屋外,グラスト,"180,000","360,000",実施不可,,,,,,,,,,,
,Ario,アリオ市原③　1階サンシャインコート（屋内）右側柱,市原市更級4丁目3番2,約2坪,屋内（風除室含む）,グラスト,"96,000","180,000",実施不可,,,,,,,,,,,
,Ario,アリオ市原④　1階サンシャインコート（屋内）左側柱,市原市更級4丁目3番2,約2坪,屋内（風除室含む）,グラスト,"96,000","180,000",実施不可,,,,,,,,,,,
,Ario,アリオ市原⑤　1階キッズパーク側,市原市更級4丁目3番2,約1.5坪,屋内（風除室含む）,グラスト,"96,000","180,000",実施不可,,,,,,,,,,,
,Ario,セブンパークアリオ柏①　1Fイースト・コートイベントステージ,柏市大島田1丁目6番地1,76坪,屋内（風除室含む）,場所とる,"408,000","808,000",要確認,,,,,,,,,,,
,Ario,セブンパークアリオ柏②　1FグリーンES下,柏市大島田1丁目6番地1,3坪,屋内（風除室含む）,場所とる,"130,500","253,000",要確認,,,,,,,,,,,
,Ario,セブンパークアリオ柏③　1Fフードバザール入口,柏市大島田1丁目6番地1,1.3坪,屋内（風除室含む）,場所とる,"130,500","253,000",要確認,,,,,,,,,,,
,Ario,セブンパークアリオ柏④　1FグリーンEV前1,柏市大島田1丁目6番地1,4坪,屋内（風除室含む）,場所とる,"130,500","253,000",要確認,,,,,,,,,,,
,Ario,セブンパークアリオ柏⑤　2F中央吹抜通路,柏市大島田1丁目6番地1,5坪,屋内（風除室含む）,場所とる,"100,500","193,000",要確認,,,,,,,,,,,
,Ario,セブンパークアリオ柏⑥　2FイエローES横,柏市大島田1丁目6番地1,5坪,屋内（風除室含む）,場所とる,"100,500","193,000",要確認,,,,,,,,,,,
,Ario,セブンパークアリオ柏⑦　サンサンバルコニー前,柏市大島田1丁目6番地1,4坪,屋内（風除室含む）,場所とる,"100,500","193,000",要確認,,,,,,,,,,,
,Ario,セブンパークアリオ柏⑧　3Fスカイキッズ前,柏市大島田1丁目6番地1,4坪,屋内（風除室含む）,場所とる,"73,000","138,000",要確認,,,,,,,,,,,
,Ario,セブンパークアリオ柏⑨　3F中央吹抜通路,柏市大島田1丁目6番地1,2坪,屋内（風除室含む）,場所とる,"73,000","138,000",要確認,,,,,,,,,,,
,Ario,セブンパークアリオ柏⑩　3FイエローES横,柏市大島田1丁目6番地1,4坪,屋内（風除室含む）,場所とる,"73,000","138,000",要確認,,,,,,,,,,,
,Ario,セブンパークアリオ柏⑪　さくらステージ(屋外),柏市大島田1丁目6番地1,61坪,屋外,場所とる,"118,000","228,000",要確認,,,,,,,,,,,
,Ario,セブンパークアリオ柏⑫　スマイルパーク(屋外),柏市大島田1丁目6番地1,484坪,屋外,場所とる,"2,208,000","5,508,000",要確認,,,,,,,,,,,
,Ario,セブンパークアリオ柏⑬　H&M側面(屋外),柏市大島田1丁目6番地1,61坪,屋内（風除室含む）,場所とる,"173,000","338,000",要確認,,,,,,,,,,,
,Ario,セブンパークアリオ柏⑭　南東側イーストモール口(屋外),柏市大島田1丁目6番地1,,屋外,場所とる,"173,000","338,000",要確認,,,,,,,,,,,
,Ario,セブンパークアリオ柏⑮　シャベル横(屋外),柏市大島田1丁目6番地1,,屋外,場所とる,"283,000","558,000",要確認,,,,,,,,,,,
,フルルガーデン,フルルガーデン八千代①　1Fフードコート横中央通り,八千代市村上南１丁目４−１,長机3～4台分程,屋内（風除室含む）,グラスト,"120,000","240,000",要確認,,,,,,,,,,,
,フルルガーデン,フルルガーデン八千代②　2Fブリッジ,八千代市村上南１丁目４−１,長机3～4台分程,屋内（風除室含む）,グラスト,"84,000","120,000",要確認,,,,,,,,,,,
,フルルガーデン,フルルガーデン八千代③　1Fフードコート横中央通り,八千代市村上南１丁目４−１,長机3～4台分程,屋内（風除室含む）,グラスト,"84,000","120,000",要確認,,,,,,,,,,,
,フルルガーデン,フルルガーデン八千代④　2Fブリッジ,八千代市村上南１丁目４−１,長机3～4台分程,屋内（風除室含む）,グラスト,"60,000","84,000",要確認,,,,,,,,,,,
,ダイエー,ダイエー松戸西口①　1階エスカレーター横(片面),松戸市根本4-2,長机3~4台分程,屋内（風除室含む）,グラスト,"25,000","30,000",要確認,,,,,,,,,,,
,ダイエー,ダイエー松戸西口②　1階エスカレーター横(全面),松戸市根本4-2,長机3~4台分程,屋内（風除室含む）,グラスト,"34,000","45,000",要確認,,,,,,,,,,,
,ダイエー,ダイエーいちかわコルトンプラザ,市川市鬼高1-1-1,3.6m×1.5m,屋内（風除室含む）,グラスト,"30,000","40,000",要確認,,,,,,,,,,,
,西友,西友薬円台,船橋市薬園台6-6-7,2.4m×1.8m,屋内（風除室含む）,場所とる,"20,000","20,000",要確認,,,,,,,,,,,
,西友,西友常盤平,松戸市常盤平３丁目11−１,L字で長机2台分程,屋内（風除室含む）,グラスト,"20,000","25,000",実施不可,,,,前日搬入・翌日搬出・バックヤード保管 不可,,,,,,,
,西友,西友新浜,市川市行徳駅前4丁目12-4,6.61㎡程度,屋内（風除室含む）,場所とる,"21,000","21,000",要確認,,,,,,,,,,,
,西友,西友西千葉,千葉市中央区春日2丁目20-9,6.61㎡程度,屋外,場所とる,"27,000","27,000",要確認,,,,,,,,,,,
,西友,西友都賀①　1階入口横,千葉市若葉区西都賀2丁目2-2,6.6㎡程度,屋外,場所とる,"20,000","35,000",要確認,,,,,,,,,,,
,西友,西友都賀②　2階エスカレーター前,千葉市若葉区西都賀2丁目2-2,6.6㎡程度,屋外,場所とる,"20,000","35,000",要確認,,,,,,,,,,,
,西友,西友北習志野,船橋市習志野台2丁目49-1,要確認,,場所とる,"20,000","25,000",要確認,,,,,,,,,,,
,マルエツ,マルエツ蘇我南町,千葉市中央区南町3-16-26,2m×1.5m～,屋内（風除室含む）,ダイエースペース,"15,000","20,000",要確認,,,,,,,,,,,
,マルエツ,マルエツ宮野木,千葉市花見川区朝日が丘1-28-9,2m×1.5m～,屋内（風除室含む）,ダイエースペース,"15,000","20,000",要確認,,,,,,,,,,,
,マルエツ,マルエツ稲毛,千葉市稲毛区小仲台7-2-1,2.4m×1.5m,屋内（風除室含む）,ダイエースペース,"15,000","20,000",要確認,,,,,,,,,,,
,マルエツ,マルエツ小金原,松戸市小金原7-18-3,1.8m×1.2m,屋内（風除室含む）,ダイエースペース,"15,000","20,000",要確認,,,,,,,,,,,
,マルエツ,マルエツみやぞの,流山市宮園1-9,1.8m×1.2m,屋内（風除室含む）,グラスト,"25,000","30,000",要確認,,,,,,,,,,,
,マルエツ,マルエツ天王台,我孫子市天王台4-15-8,3.6m×1.8m,屋内（風除室含む）,グラスト,"25,000","30,000",要確認,,,,,,,,,,,
,マルエツ,マルエツ西白井,白井市清水口1-1-1,1.8m×1.2m,屋内（風除室含む）,ダイエースペース,"15,000","20,000",要確認,,,,,,,,,,,
,マルエツ,マルエツ高塚,松戸市高塚新田165-1,1.2m×1.2m,屋内（風除室含む）,グラスト,"25,000","30,000",要確認,,,,,,,,,,,
,マルエツ,マルエツ牧の原,松戸市牧の原2-10,2.4m×1.5m,屋内（風除室含む）,ダイエースペース,"15,000","20,000",要確認,,,,,,,,,,,
,マルエツ,マルエツ栄町,松戸市栄町6-384,1.8m×1.2m,屋内（風除室含む）,ダイエースペース,"15,000","20,000",要確認,,,,,,,,,,,
,マルエツ,マルエツ行徳,市川市行徳駅前2-11-2,1.8m×1.2m,屋内（風除室含む）,ダイエースペース,"15,000","20,000",要確認,,,,,,,,,,,
,マルエツ,マルエツ馬込沢①　ATM横,鎌ケ谷市東道野辺7-19-16,3.6m×1.8m,屋内（風除室含む）,ダイエースペース,"15,000","20,000",要確認,,,,,,,,,,,
,マルエツ,マルエツ馬込沢②　駐車場区画,鎌ケ谷市東道野辺7-19-16,都度確認,屋内（風除室含む）,グラスト,"25,000","30,000",要確認,,,,,,,,,,,
,マルエツ,マルエツ鎌ヶ谷大仏,鎌ケ谷市東初富4-35-1,3.6m×1.8m,屋内（風除室含む）,ダイエースペース,"15,000","20,000",要確認,,,,,,,,,,,
,マルエツ,マルエツ金杉,船橋市金杉7-5-1,1.8m×1.2m,屋内（風除室含む）,ダイエースペース,"15,000","20,000",要確認,,,,,,,,,,,
,マルエツ,マルエツ東習志野,船橋市習志野5-2-1,"長机1,2台分程",屋内（風除室含む）,ダイエースペース,"15,000","20,000",要確認,,,,,,,,,,,
,マルエツ,マルエツ二和向台,船橋市咲が丘3-1-22,2m×1.5m～,屋内（風除室含む）,グラスト,"25,000","30,000",要確認,,,,,,,,,,,
,マルエツ,マルエツ北柏,柏市松葉町4-5,2.4m×1.5m,屋内（風除室含む）,ダイエースペース,"15,000","20,000",要確認,,,,,,,,,,,
,マルエツ,マルエツ新志津,佐倉市西志津4-1-1,長机2台分程,屋内（風除室含む）,ダイエースペース,"15,000","20,000",要確認,,,,買取催事不可,,,,,,,
,モラージュ,モラージュ柏,柏市大山台2丁目3番地,2.1m×9.5m,屋内（風除室含む）,グラスト,"96,000","120,000",要確認,,,,,,,,,,,
,あすみが丘ブランニューモール,あすみが丘ブランニューモール,千葉市緑区あすみが丘7丁目1番,10～15坪程,屋内（風除室含む）,グラスト,"65,000","120,000",要確認,,,,"電気代1,000円/日",,,,,,,
,フレスポ,フレスポ稲毛①　イーストモール正面入り口,千葉市稲毛区長沼原町731-17,1.5坪,屋内（風除室含む）,グラスト,"35,000","45,000",実施不可,,,,,,,,,,,
,フレスポ,フレスポ稲毛②　イーストモール西口前,千葉市稲毛区長沼原町731-17,1.5坪,屋内（風除室含む）,グラスト,"35,000","45,000",実施不可,,,,,,,,,,,
,ファンタジーキッズリゾート,ファンタジーキッズリゾート船橋①　屋内スペース①,船橋市浜町2-2-7 ViVit南船橋4階,2m×2m,屋内（風除室含む）,グラスト,"20,000","30,000",要確認,,,,施設カレンダーにより料金変動、契約行為不可,,,,,,,
,ファンタジーキッズリゾート,ファンタジーキッズリゾート船橋②　屋内スペース②,船橋市浜町2-2-7 ViVit南船橋4階,2m×4m,屋内（風除室含む）,グラスト,"23,000","36,000",要確認,,,,施設カレンダーにより料金変動、契約行為不可,,,,,,,
,ファンタジーキッズリゾート,ファンタジーキッズリゾート船橋③　屋内スペース③,船橋市浜町2-2-7 ViVit南船橋4階,2m×6m,屋内（風除室含む）,グラスト,"28,000","46,000",要確認,,,,施設カレンダーにより料金変動、契約行為不可,,,,,,,
,ファンタジーキッズリゾート,ファンタジーキッズリゾート印西①　屋内スペース①,印西市原1-2 BIGHOP ガーデンモール印西 バリューモール2F,2m×2m,屋内（風除室含む）,グラスト,"20,000","30,000",要確認,,,,※毎週木曜定休日、施設カレンダーにより料金変動、契約行為不可,,,,,,,
,ファンタジーキッズリゾート,ファンタジーキッズリゾート印西②　屋内スペース②,印西市原1-2 BIGHOP ガーデンモール印西 バリューモール2F,2m×4m,屋内（風除室含む）,グラスト,"23,000","36,000",要確認,,,,※毎週木曜定休日、施設カレンダーにより料金変動、契約行為不可,,,,,,,
,ファンタジーキッズリゾート,ファンタジーキッズリゾート印西③　屋内スペース③,印西市原1-2 BIGHOP ガーデンモール印西 バリューモール2F,2m×6m,屋内（風除室含む）,グラスト,"28,000","46,000",要確認,,,,※毎週木曜定休日、施設カレンダーにより料金変動、契約行為不可,,,,,,,
,mina,ミーナ津田沼,習志野市津田沼1-3-1,都度確認,屋内（風除室含む）,グラスト,"30,000","40,000",要確認,,,,,,,,,,,
,オーケー,オーケー新浦安,浦安市高洲5-3-1,1坪,屋内（風除室含む）,場所とる,"23,000","23,000",要確認,,,,,,,,,,,
,オーケー,オーケー船橋競馬場,船橋市若松1-2-30,1坪,屋内（風除室含む）,場所とる,"23,000","23,000",要確認,,,,,,,,,,,
,オーケー,オーケー八千代緑が丘,八千代市緑が丘1-3-9,1坪,屋内（風除室含む）,場所とる,"23,000","23,000",要確認,,,,,,,,,,,
,オーケー,オーケー海神南,船橋市海神町南１丁目１５５６−２,1坪,屋内（風除室含む）,場所とる,"23,000","23,000",要確認,,,,,,,,,,,
,オーケー,オーケー千葉幸町,美浜区幸町２丁目２１−１１,1坪,屋内（風除室含む）,場所とる,"23,000","23,000",要確認,,,,,,,,,,,
,オーケー,オーケー市川田尻①　1階空きスペース,市川市田尻3丁目2-25,長机1台分程,屋内（風除室含む）,場所とる,"23,000","23,000",要確認,,,,,,,,,,,
,オーケー,オーケー市川田尻①　2階空きスペース,市川市田尻3丁目2-25,,屋内（風除室含む）,場所とる,"23,000","23,000",要確認,,,,,,,,,,,
,アピタ,アピタ木更津,木更津市ほたる野4丁目2番48,長机1～2台分程,屋内（風除室含む）,場所とる,"20,000","25,000",要確認,,,,,,,,,,,
,アピタ,アピタ君津,君津市久保1-1-1,6.8㎡程度,屋内（風除室含む）,場所とる,"25,000","35,000",要確認,,,,ドコモNG,,,,,,,
,東急ストア,東急ストアららぽーと柏の葉,柏市若柴175,長机2台程,屋内（風除室含む）,グラスト,"50,000","50,000",実施不可,,,,,,,,,,,
,オリンピック,オリンピック千葉桜木,千葉市若葉区桜木北1-2-4,長机1～2台程,屋内（風除室含む）,場所とる,"18,000","23,000",要確認,,,,,,,,,,,
,オリンピック,オリンピック千葉東,千葉市中央区星久喜170-1,長机1～2台程,屋内（風除室含む）,場所とる,"18,000","23,000",要確認,,,,,,,,,,,
,オリンピック,オリンピック馬橋,松戸市栄町8-691-1,長机1～2台程,屋内（風除室含む）,場所とる,"18,000","23,000",要確認,,,,,,,,,,,
,オリンピック,オリンピック柏花野井①　店頭軒下,柏市花野井738-12,机1台程度,屋外,場所とる,"18,000","23,000",要確認,,,,,,,,,,,
,オリンピック,オリンピック柏花野井②　1階駐車場スペース,柏市花野井738-12,要確認,屋外,場所とる,"18,000","23,000",要確認,,,,,,,,,,,
,ミスターマックス,ミスターマックス千葉美浜,千葉市美浜区新港32番11号,長机2台程,屋内（風除室含む）,場所とる,"20,000","30,000",要確認,,,,奇数月のみ開催可能,,,,,,,
,アクロスモール,アクロスモール新鎌ヶ谷①　1階エレベーター前(スーパー側),鎌ケ谷市新鎌ケ谷２丁目１２−１,1～2坪程,屋内（風除室含む）,グラスト,"72,000","72,000",要確認,,,,,,,,,,,
,アクロスモール,アクロスモール新鎌ヶ谷②　1階センターエスカレーター下(スーパー側),鎌ケ谷市新鎌ケ谷２丁目１２−１,1～2坪程,屋内（風除室含む）,グラスト,"72,000","72,000",要確認,,,,,,,,,,,
,アクロスモール,アクロスモール新鎌ヶ谷③　1階駅側エスカレーター下(ライトオン前),鎌ケ谷市新鎌ケ谷２丁目１２−１,1～2坪程,屋内（風除室含む）,グラスト,"72,000","72,000",要確認,,,,,,,,,,,
,アクロスモール,アクロスモール新鎌ヶ谷④　2階Y!モバイル前,鎌ケ谷市新鎌ケ谷２丁目１２−１,1～2坪程,屋内（風除室含む）,グラスト,"72,000","72,000",要確認,,,,,,,,,,,
,アクロスモール,アクロスモール新鎌ヶ谷⑤　2階こども広場前,鎌ケ谷市新鎌ケ谷２丁目１２−１,1～2坪程,屋内（風除室含む）,グラスト,"72,000","72,000",要確認,,,,,,,,,,,
,アクロスモール,アクロスモール新鎌ヶ谷⑥　2階センター広場前,鎌ケ谷市新鎌ケ谷２丁目１２−１,1～2坪程,屋内（風除室含む）,グラスト,"72,000","72,000",要確認,,,,,,,,,,,
,アクロスプラザ,アクロスプラザ流山,流山市向小金1丁目241−1,4.45m×1.2m,屋内（風除室含む）,グラスト,"25,000","30,000",要確認,,,,,,,,,,,
,マミーマート,マミーマートあけぼの①　催事スペース(屋外),柏市あけぼの3-8-37,長机1～2本程,屋外,グラスト,"28,000","28,000",要確認,,,,,,,,,,,
,マミーマート,マミーマートあけぼの②　屋外軒下スペース,柏市あけぼの3-8-37,長机1～2本程,屋外,グラスト,"28,000","28,000",要確認,,,,,,,,,,,
,マミーマート,マミーマート稲毛長沼,千葉市稲毛区長沼原町731-17,長机1～2本程,屋内（風除室含む）,グラスト,"28,000","28,000",要確認,,,,,,,,,,,
,マミーマート,マミーマート高塚,松戸市高塚新田字木戸前160-45,長机1本,屋内（風除室含む）,グラスト,"28,000","28,000",要確認,,,,,,,,,,,
,マミーマート,マミーマート松戸新田,松戸市松戸新田30-1,長机1～2本程,屋外,場所とる,"21,000","21,000",要確認,,,,,,,,,,,
,マミーマート,マミーマート新夏見,船橋市夏見3-28-1,長机1～2本程,屋内（風除室含む）,グラスト,"28,000","28,000",要確認,,,,,,,,,,,
,マミーマート,マミーマート仁戸名,千葉市中央区仁戸名町720-34,長机1～2本程,屋外,場所とる,"21,000","21,000",要確認,,,,,,,,,,,
,マミーマート,マミーマート柏の葉,柏市十余二380-35　中央211街区13,長机1～2本程,屋外,グラスト,"28,000","28,000",要確認,,,,,,,,,,,
,マミーマート,マミーマート柏根戸,柏市根戸386-13,長机1～2本程,屋内（風除室含む）,グラスト,"28,000","28,000",要確認,,,,都度確認,,,,,,,
,マミーマート,マミーマート柏若葉町,柏市若葉町3-41,長机1～2本程,屋外,グラスト,"28,000","28,000",要確認,,,,,,,,,,,
,マミーマート,マミーマート飯山満駅前①　1F入口横ガラス面(店内),船橋市芝山3丁目12-51,長机1～2本程,屋内（風除室含む）,場所とる,"21,000","21,000",要確認,,,,単日開催のみ可,,,,,,,
,マミーマート,マミーマート飯山満駅前②　１F エスカレーター横,船橋市芝山3丁目12-51,長机1～2本程,屋内（風除室含む）,場所とる,"21,000","21,000",要確認,,,,,,,,,,,
,マミーマート,マミーマート飯山満駅前③　１F軒下,船橋市芝山3丁目12-51,長机1本程,屋外,場所とる,"21,000","21,000",要確認,,,,,,,,,,,
,マミーマート,マミーマート誉田,千葉市緑区大膳野町3-4,長机1～2本程,屋外,場所とる,"21,000","21,000",要確認,,,,,,,,,,,
,マミーマート,マミーマート流山セントラルパーク,流山市中61-2,長机1～2本程,屋内（風除室含む）,グラスト,"28,000","28,000",要確認,,,,,,,,,,,
,マミーマート,マミーマート船橋日大前,船橋市坪井東3-6-1,長机1～2本程,屋外,グラスト,"28,000","28,000",要確認,,,,,,,,,,,
,マミーマート,マミーマート柏旭町,柏市旭町8-1-4,長机1.5台分,屋外,場所とる,"21,000","21,000",要確認,,,,,,,,,,,
,マミーマート,マミープラス西平井,流山市西平井3丁目1-3,長机1台程度,屋外,場所とる,"21,000","21,000",要確認,,,,,,,,,,,
,マミーマート,マミープラス柏根戸,柏市根戸386-13,長机1～2本程,屋外,場所とる,"21,000","21,000",要確認,,,,,,,,,,,
,プラーレ松戸,プラーレ松戸,松戸市松戸1149-1,長机3台分程,屋内（風除室含む）,グラスト,"60,000","60,000",要確認,,,,都度確認,,,,,,,
,セブンタウン,セブンタウン常盤平,松戸市常盤平3-10-1,0.8m×1.5m,屋内（風除室含む）,グラスト,"30,000","30,000",要確認,,,,,,,,,,,
,ショッピングプラザ鎌ヶ谷,ショッピングプラザ鎌ヶ谷①　1階屋外庇下（入口付近）,鎌ケ谷市富岡1丁目1番3号,7m×3m,屋内（風除室含む）,グラスト,"40,000","50,000",実施不可,,,,,,,,,,,
,ショッピングプラザ鎌ヶ谷,ショッピングプラザ鎌ヶ谷②　1階エレベーター前,鎌ケ谷市富岡1丁目1番3号,5m×3m,屋内（風除室含む）,グラスト,"40,000","50,000",実施不可,,,,,,,,,,,
,ダイエー,ダイエー浦安駅前,浦安市北栄3-27-13,長机1台半程,屋内（風除室含む）,ダイエースペース,"15,000","20,000",要確認,,,,,,,,,,,
,ボンベルタ,ボンベルタ成田①　1階中央エスカレーター横(北側入り口側),成田市赤坂2丁目1-10,約20坪,屋内（風除室含む）,グラスト,"30,000","30,000",要確認,,,,,,,,,,,
,ボンベルタ,ボンベルタ成田②　1階中央エスカレーター横(KEYAKI CAFE側),成田市赤坂2丁目1-10,5～6坪,屋内（風除室含む）,グラスト,"30,000","30,000",要確認,,,,,,,,,,,
,ボンベルタ,ボンベルタ成田③　立体駐車場出入口付近,成田市赤坂2丁目1-10,長机2台分程,屋内（風除室含む）,グラスト,"30,000","30,000",要確認,,,,,,,,,,,
,ボンベルタ,ボンベルタ成田④　1Fマルエツ側風除室,成田市赤坂2丁目1-10,"長机1,2台分程",屋内（風除室含む）,グラスト,"30,000","30,000",要確認,,,,,,,,,,,
,アクロスプラザ,アクロスプラザ千葉ニュータウン西,白井市桜台1丁目1番13号,長机1~2台程,屋外,グラスト,"22,000","25,000",要確認,,,,,,,,,,,
,アクロスプラザ,アクロスプラザ市原更級①　アミューズ横(むさしの森珈琲側),市原市更級4丁目2-1,長机1~2台程,屋内（風除室含む）,グラスト,"30,000","35,000",要確認,,,,,,,,,,,
,アクロスプラザ,アクロスプラザ市原更級②　アミューズ横(クレモ側),市原市更級4丁目2-1,長机1~2台程,屋外,場所とる,"15,000","23,000",要確認,,,,,,,,,,,
,マスダ,マスダ湖北,我孫子市中里335-1,長机1～2台程,屋内（風除室含む）,グラスト,"25,000","25,000",要確認,,,,,,,,,,,
,TAIRAYA,TAIRAYA馬橋,松戸市馬橋字東条1890-1,長机1～2台程,屋内（風除室含む）,グラスト,"25,000","25,000",要確認,,,,,,,,,,,
,ユナイテッドシネマ,ユナイテッドシネマ幕張,千葉市美浜区ひび野1-8 メッセ・アミューズ・モール 内,要確認,屋内（風除室含む）,場所とる,"30,000","50,000",要確認,,,,,,,,,,,
,ルネサンス,スポーツクラブルネサンス土気あすみが丘,千葉市緑区あすみが丘1-18-1,長机1~2台分程,屋内（風除室含む）,グラスト,"35,000","35,000",要確認,,,,月曜日定休日・現在はコロナの影響で催事不可,,,,,,,
,ルネサンス,スポーツクラブ＆スパルネサンス稲毛,千葉市稲毛区小仲台１－１－１５,長机1~2台分程,屋内（風除室含む）,グラスト,"35,000","35,000",要確認,,,,月曜日定休日,,,,,,,
,ルネサンス,スイミングクラブルネサンス八日市場,匝瑳市八日市場ハの９６７－２,長机1~2台分程,屋内（風除室含む）,グラスト,"35,000","35,000",要確認,,,,月曜日定休日,,,,,,,
,ルネサンス,スポーツクラブルネサンス浦安,浦安市北栄２－６－１８,長机1~2台分程,屋内（風除室含む）,グラスト,"35,000","35,000",要確認,,,,金曜日定休日,,,,,,,
,ルネサンス,フィットネスクラブルネサンス新浦安,浦安市美浜１－９－２　パシフィックマークス新浦安　３F,長机1~2台分程,屋内（風除室含む）,グラスト,"35,000","35,000",要確認,,,,木曜日定休日,,,,,,,
,ルネサンス,スポーツクラブ＆スパルネサンス幕張,千葉市花見川区幕張町４－５４４－４１,長机1~2台分程,屋内（風除室含む）,グラスト,"35,000","35,000",要確認,,,,木曜日定休日,,,,,,,
,ルネサンス,スポーツクラブルネサンス・ユーカリが丘,佐倉市ユーカリが丘４-１-４　ユーカリプラザ３Ｆ,長机1~2台分程,屋内（風除室含む）,グラスト,"35,000","35,000",要確認,,,,火曜日定休日,,,,,,,
,ルネサンス,ルネサンス鷹之台テニスクラブ,千葉市花見川区横戸町８１０,長机1~2台分程,屋内（風除室含む）,グラスト,"35,000","35,000",要確認,,,,月曜日定休日,,,,,,,
,島忠ホームズ,"島忠ホームズ蘇我①　""1Fイベントスペース""",千葉市中央区川崎町55-3,W4.0m × D2.0m,屋内（風除室含む）,グラスト,"60,000","120,000",要確認,,,,,,,,,,,
,島忠ホームズ,"島忠ホームズ蘇我②　""２ＦイベントスペースＡ""",千葉市中央区川崎町55-3,W2.0m × D2.0m,屋内（風除室含む）,グラスト,"60,000","120,000",要確認,,,,,,,,,,,
,島忠ホームズ,"島忠ホームズ蘇我③　""２Ｆイベントスペース Ｂ""",千葉市中央区川崎町55-3,W2.0m × D2.0m,屋内（風除室含む）,グラスト,"60,000","120,000",要確認,,,,,,,,,,,
,島忠ホームズ,島忠ホームズ幕張①　1階FC側入口,習志野市芝園1-4-1,4m×2m,屋内（風除室含む）,グラスト,"60,000","120,000",要確認,,,,,,,,,,,
,島忠ホームズ,島忠ホームズ幕張②　3階EVホール,習志野市芝園1-4-1,4m×2.5m,屋内（風除室含む）,グラスト,"50,000","96,000",要確認,,,,,,,,,,,
,フィットネスクラブティップネス,フィットネスクラブティップネス蘇我,千葉市中央区川崎町50-2　ハーバーシティ蘇我内　アリオ蘇我隣,長机1～2台分程,屋内（風除室含む）,グラスト,"30,000","30,000",要確認,,,,,,,,,,,
,フィットネスクラブティップネス,フィットネスクラブティップネス船橋,船橋市本町6-4-21,長机1～2台分程,屋内（風除室含む）,グラスト,"30,000","30,000",要確認,,,,,,,,,,,
,フィットネスクラブティップネス,フィットネスクラブティップネス南行徳,市川市相之川4-9-10,長机1～2台分程,屋内（風除室含む）,グラスト,"30,000","30,000",要確認,,,,,,,,,,,
,ロピア,ロピア松戸,松戸市松戸1307-1,長机1～2台程,屋内（風除室含む）,グラスト,"32,000","32,000",要確認,,,,都度確認,,,,,,,
,ロピア,ロピア印西BIGHOP,印西市原1丁目2,要確認,屋内（風除室含む）,場所とる,"33,000","33,000",要確認,,,,都度確認,,,,,,,
,トライアル,メガセンタートライアル八千代①　店内２Fエスカレーター前,八千代市緑が丘西2丁目13番地3,6㎡,屋内（風除室含む）,グラスト,"25,000","27,000",要確認,,,,,,,,,,,
,トライアル,メガセンタートライアル八千代②　店内2Fレジアウトスペース,八千代市緑が丘西2丁目13番地3,6㎡,屋内（風除室含む）,グラスト,"25,000","27,000",要確認,,,,,,,,,,,
,トライアル,メガセンタートライアル八千代③　店内1Fエスカレーター前・入り口横,八千代市緑が丘西2丁目13番地3,2.7㎡,屋内（風除室含む）,グラスト,"35,000","40,000",要確認,,,,,,,,,,,
,トライアル,メガセンタートライアル八千代④　店内1Fレジアウト,八千代市緑が丘西2丁目13番地3,3.75㎡,屋内（風除室含む）,グラスト,"35,000","40,000",要確認,,,,,,,,,,,
,トライアル,スーパーセンタートライアル酒々井①　屋外スペース,印旛郡酒々井町本佐倉457-2,12㎡,屋外,グラスト,"25,000","30,000",要確認,,,,,,,,,,,
,トライアル,スーパーセンタートライアル酒々井②　店内入り口クリーニング前スペース,印旛郡酒々井町本佐倉457-2,10㎡,屋内（風除室含む）,場所とる,"25,000","30,000",要確認,,,,,,,,,,,
,イオンスタイル,イオンスタイル千葉みなと,千葉市中央区問屋町2-29,長机1～2台程,屋内（風除室含む）,グラスト,"40,000","60,000",要確認,,,,,,,,,,,
,イオンスタイル,イオンスタイル旭中央,旭市イ4337-1,長机1～2台程,屋内（風除室含む）,グラスト,"40,000","60,000",要確認,,,,,,,,,,,
,イオンスタイル,イオンスタイル検見川浜①　1階リカーショップ前,千葉市美浜区真砂4-2-6,1.5m×3.0m程度,屋内（風除室含む）,場所とる,"35,000","35,000",要確認,,,,,,,,,,,
,イオンスタイル,イオンスタイル検見川浜②　4階催事場,千葉市美浜区真砂4-2-6,11.0m×9.0m程度,屋内（風除室含む）,場所とる,"25,000","35,000",要確認,,,,,,,,,,,
,イオンスタイル,イオンスタイル検見川浜③　4階美浜カルチャーセンター前,千葉市美浜区真砂4-2-6,3.0m×5.0m程度,屋内（風除室含む）,場所とる,"15,000","25,000",要確認,,,,,,,,,,,
,イオンスタイル,イオンスタイル検見川浜④　地下1階フードコート跡地,千葉市美浜区真砂4-2-6,8.0m×10.0m程度,屋内（風除室含む）,場所とる,"25,000","30,000",要確認,,,,,,,,,,,
,イオンスタイル,イオンスタイル検見川浜⑤　1階検見川浜駅側入口横,千葉市美浜区真砂4-2-6,6.0m×1.5m程度,屋内（風除室含む）,場所とる,"20,000","25,000",要確認,,,,,,,,,,,
,イトーヨーカドー,イトーヨーカドー姉崎,市原市姉崎645-1,約10坪,屋内（風除室含む）,グラスト,"30,000","50,000",要確認,,,,,,,,,,,
,イトーヨーカドー,イトーヨーカドー我孫子南口①　1F正面入口側催事場,我孫子市本町3丁目2番1号,長机1～2台分程,屋内（風除室含む）,場所とる,"25,000","45,000",要確認,,,,,,,,,,,
,イトーヨーカドー,イトーヨーカドー我孫子南口②　1F食品青果前側柱前,我孫子市本町3丁目2番1号,約2坪,屋内（風除室含む）,グラスト,"30,000","60,000",要確認,,,,,,,,,,,
,イトーヨーカドー,イトーヨーカドー流山①　1階食品側入口脇,流山市流山9-800-2,約10坪,屋内（風除室含む）,グラスト,"30,000","60,000",実施不可,,,,買取催事不可,,,,,,,
,イトーヨーカドー,イトーヨーカドー流山②　2階平面駐車場入口横,流山市流山9-800-2,約10坪,屋内（風除室含む）,グラスト,"30,000","60,000",実施不可,,,,買取催事不可,,,,,,,
,イトーヨーカドー,イトーヨーカドー船橋①　1階東館店頭入口横,船橋市本町7-6-1,約5坪,屋内（風除室含む）,場所とる,"35,000","55,000",要確認,,,,買取・保険・不動産催事不可,,,,,,,
,イトーヨーカドー,イトーヨーカドー船橋②　2階西館店頭入口横,船橋市本町7-6-1,長机1台程度,屋内（風除室含む）,場所とる,"35,000","55,000",要確認,,,,買取・保険・不動産催事不可,,,,,,,
,イトーヨーカドー,イトーヨーカドー船橋③　5階東館エレベーター前,船橋市本町7-6-1,26㎡程度,屋内（風除室含む）,場所とる,"25,000","35,000",要確認,,,,買取・保険・不動産催事不可,,,,,,,
,イトーヨーカドー,イトーヨーカドー松戸①　2階フードコート前,松戸市松戸1149,長机2台程度,屋内（風除室含む）,場所とる,"35,000","55,000",要確認,,,,保険催事不可,,,,,,,
,イトーヨーカドー,イトーヨーカドー松戸②　2階フードコート横,松戸市松戸1149,長机2～3台程度,屋内（風除室含む）,場所とる,"45,000","65,000",要確認,,,,保険催事不可,,,,,,,
,イトーヨーカドー,イトーヨーカドー八柱①　地下1階フードコート横催事場,松戸市日暮1-15-8,要確認,屋内（風除室含む）,場所とる,"35,000","55,000",要確認,,,,買取・保険・英会話・カルチャー催事不可,,,,,,,
,イトーヨーカドー,イトーヨーカドー八柱②　1階サービスカウンター側入り口屋外,松戸市日暮1-15-8,長机1台程度,屋内（風除室含む）,場所とる,"20,000","25,000",要確認,,,,買取・保険・英会話・カルチャー催事不可,,,,,,,
,イトーヨーカドー,イトーヨーカドー四街道①　1階食品レジ前,四街道市中央５番地,長机L字で2台,屋内（風除室含む）,グラスト,"40,000","70,000",要確認,,,,1階フードコート前催事場は通信催事不可,,,,,,,
,イトーヨーカドー,イトーヨーカドー四街道②　1階フードコート前催事場,四街道市中央５番地,約10坪,屋内（風除室含む）,グラスト,"40,000","70,000",要確認,,,,1階フードコート前催事場は通信催事不可,,,,,,,
,イトーヨーカドー,イトーヨーカドー四街道③　1階学園通り側入口,四街道市中央５番地,約5坪,屋内（風除室含む）,グラスト,"40,000","70,000",要確認,,,,1階フードコート前催事場は通信催事不可,,,,,,,
,イトーヨーカドー,イトーヨーカドー柏①　1階正面入口手前柱間,柏市柏2-15,約5坪,屋内（風除室含む）,グラスト,"30,000","60,000",要確認,,,,買取・保険催事不可,,,,,,,
,イトーヨーカドー,イトーヨーカドー柏②　1階正面入口外,柏市柏2-15,約3坪,屋内（風除室含む）,グラスト,"30,000","60,000",要確認,,,,買取・保険催事不可,,,,,,,
,イトーヨーカドー,イトーヨーカドー柏③　1階駐車場側入口外,柏市柏2-15,約10坪,屋内（風除室含む）,グラスト,"30,000","60,000",要確認,,,,買取・保険催事不可,,,,,,,
,イトーヨーカドー,イトーヨーカドー津田沼①　7階フードコート横,習志野市津田沼1-10-30,約6坪,屋内（風除室含む）,グラスト,"30,000","50,000",要確認,,,,買取・保険催事不可,,,,,,,
,イトーヨーカドー,イトーヨーカドー津田沼②　1階店頭入口付近,習志野市津田沼1-10-30,約4坪,屋内（風除室含む）,グラスト,"30,000","50,000",要確認,,,,買取・保険催事不可,,,,,,,
,イトーヨーカドー,イトーヨーカドー津田沼③　2階催事場エスカレーター横,習志野市津田沼1-10-30,約10坪,屋内（風除室含む）,グラスト,"40,000","70,000",要確認,,,,買取・保険催事不可,,,,,,,
,イトーヨーカドー,イトーヨーカドー幕張①　1階国道側入口,千葉市花見川区幕張町4-417-25,長机2台程度,屋内（風除室含む）,場所とる,"55,000","115,000",要確認,,,,買取・保険催事不可,,,,,,,
,イトーヨーカドー,イトーヨーカドー幕張②　2階エスカレーター横吹き抜け,千葉市花見川区幕張町4-417-25,10㎡程度,屋内（風除室含む）,場所とる,"35,000","55,000",要確認,,,,買取・保険催事不可,,,,,,,
,ジョイフル本田,ジョイフル本田八千代①　1階入口側,八千代市村上2723-1,1.8m×1.5m,屋内（風除室含む）,場所とる,"38,000","68,000",要確認,,,,8/13～16、12/28～31は土日祝価格,,,,,,,
,ジョイフル本田,ジョイフル本田八千代②　生活館東口 外右側スペース,八千代市村上2723-1,"3,000×6,000mm",屋内（風除室含む）,グラスト,"35,000","80,000",要確認,,,,8/13～16、12/28～31は土日祝価格,,,,,,,
,ジョイフル本田,ジョイフル本田八千代③　ジャパンミート横通路,八千代市村上2723-1,"1,800×4,000mm",屋内（風除室含む）,グラスト,"35,000","80,000",要確認,,,,8/13～16、12/28～31は土日祝価格,,,,,,,
,ジョイフル本田,ジョイフル本田千葉①　1階入口側,千葉市稲毛区園生町368-1,3m×2m,屋内（風除室含む）,グラスト,"30,000","70,000",要確認,,,,8/13～16、12/28～31は土日祝価格,,,,,,,
,ジョイフル本田,ジョイフル本田千葉②　切花売場脇,千葉市稲毛区園生町368-1,1m×2.5m,屋内（風除室含む）,グラスト,"30,000","70,000",要確認,,,,8/13～16、12/28～31は土日祝価格,,,,,,,
,ジョイフル本田,ジョイフル本田千葉③　オートスロープ脇,千葉市稲毛区園生町368-1,,屋内（風除室含む）,グラスト,"30,000","70,000",要確認,,,,8/13～16、12/28～31は土日祝価格,,,,,,,
,ジョイフル本田,ジョイフル本田千葉④　2階レジ前催事スペース,千葉市稲毛区園生町368-1,長机2~3台分程,屋内（風除室含む）,グラスト,"30,000","70,000",要確認,,,,8/13～16、12/28～31は土日祝価格,,,,,,,
,ジョイフル本田,ジョイフル本田富里①　生活館内スペース,富里市七栄525-24,3.2m×3m,屋内（風除室含む）,グラスト,"40,000","100,000",要確認,,,,8/13～16、12/28～31は土日祝価格,,,,,,,
,ジョイフル本田,ジョイフル本田富里②　生活館店頭,富里市七栄525-24,1m×5m,屋内（風除室含む）,グラスト,"40,000","100,000",要確認,,,,8/13～16、12/28～31は土日祝価格,,,,,,,
,ジョイフル本田,ジョイフル本田富里③　ジャパンミート前ロビー,富里市七栄525-24,要確認,屋内（風除室含む）,場所とる,"43,000","98,000",要確認,,,,8/13～16、12/28～31は土日祝価格,,,,,,,
,ジョイフル本田,ジョイフル本田千葉ニュータウン①　1Fマクドナルド横,印西市牧の原2-1,7.5m×2.4m,屋内（風除室含む）,グラスト,"45,000","120,000",要確認,,,,8/13～16、12/28～31は土日祝価格,,,,,,,
,ジョイフル本田,ジョイフル本田千葉ニュータウン②　照明売場横,印西市牧の原2-1,4.5m×3m,屋内（風除室含む）,グラスト,"45,000","120,000",要確認,,,,8/13～16、12/28～31は土日祝価格,,,,,,,
,ジョイフル本田,ジョイフル本田千葉ニュータウン③　宝くじ売場,印西市牧の原2-1,1.8m×3m,屋内（風除室含む）,グラスト,"45,000","120,000",要確認,,,,8/13～16、12/28～31は土日祝価格,,,,,,,
,ジョイフル本田,ジョイフル本田君津①　ジャパンミート出口横(立体駐車場内),君津市外箕輪3-7,長机1～2台程度,屋外,場所とる,"38,000","68,000",要確認,,,,8/13～16、12/28～31は土日祝価格,,,,,,,
,ジョイフル本田,ジョイフル本田君津②　【チラシ配り専用スペース】　正面出入口付近,君津市外箕輪3-7,要確認,屋外,場所とる,"13,000","18,000",要確認,,,,8/13～16、12/28～31は土日祝価格,,,,,,,
,ジョイフル本田,ジョイフル本田市原①　西風除室,市原市五所1738-2,3m×5m程度,屋外,場所とる,"38,000","68,000",要確認,,,,8/13～16、12/28～31は土日祝価格,,,,,,,
,ジョイフル本田,ジョイフル本田市原②　【チラシ配り専用スペース】　宝くじ売り場出入口付近,市原市五所1738-2,要確認,屋内（風除室含む）,場所とる,"13,000","18,000",要確認,,,,8/13～16、12/28～31は土日祝価格,,,,,,,
,㈱ティ・ジョイ,T・ジョイ蘇我,千葉市中央区川崎町51－1,3m×2m～6m×3m,屋内（風除室含む）,グラスト,"30,000","50,000",要確認,,,,8/13～16、12/28～31は土日祝価格,,,,,,,
,シネプレックス,シネプレックス幕張,千葉市美浜区ひび野1-8 メッセ・アミューズ・モール内,長机1～2個,屋内（風除室含む）,グラスト,"25,000","50,000",要確認,,,,サービスデー別料金,,,,,,,
,イオンタウン,イオンタウン新船橋①　1階SMレジ後ろ,船橋市北本町1-19-50,長机1.5本,屋内（風除室含む）,グラスト,"25,000","30,000",要確認,,,,,,,,,,,
,イオンタウン,イオンタウン新船橋②　1階エスカレーター脇スペース,船橋市北本町1-19-50,長机1台分程,屋内（風除室含む）,場所とる,"20,000","25,000",要確認,,,,,,,,,,,
,イオンタウン,イオンタウン新船橋③　 1階ベンチ前(屋外),船橋市北本町1-19-50,長机2台分程,屋外,グラスト,"10,000","10,000",要確認,,,,,,,,,,,
,イオンタウン,イオンタウン市川大和田,市川市大和田１-１-１,長机1～2台分程,屋外,グラスト,"30,000","40,000",要確認,,,,,,,,,,,
,イオンタウン,イオンタウン野田七光台,野田市七光台4-2,,屋外,グラスト,"40,000","50,000",要確認,,,,備品使用料別途,,,,,,,
,イオンタウン,イオンタウン稲毛長沼,千葉市稲毛区長沼町112-2,長机2台分程,屋内（風除室含む）,ダイエースペース,"20,000","25,000",要確認,,,,"電気代500円/日、サイネージ1,000円(期間中)が別途必須",,,,,,,
,イオンタウン, イオンタウン東習志野①　ポニークリーニング前,習志野市東習志野6-7-8,2m×2m,屋内（風除室含む）,グラスト,"40,000","50,000",要確認,,,,,,,,,,,
,イオンタウン, イオンタウン東習志野②　イオンバイク前,習志野市東習志野6-7-8,2m×5m,屋内（風除室含む）,グラスト,"40,000","50,000",要確認,,,,,,,,,,,
,イオンタウン, イオンタウン東習志野③　クリーニング店前,習志野市東習志野6-7-8,長机2台程度,屋内（風除室含む）,場所とる,"30,000","40,000",要確認,,,,,,,,,,,
,イオンタウン, イオンタウンたつみ台①　1階宝くじ売り場横,市原市辰巳台東1-2,長机1台分程,屋外,場所とる,"17,000","17,000",要確認,,,,,,,,,,,
,イオンタウン, イオンタウンたつみ台②　キッチンカー区画,市原市辰巳台東1-2,,屋内（風除室含む）,グラスト,"10,500","10,500",要確認,,,,,,,,,,,
,イオンタウン, イオンタウン木更津請西①　117-A区画前通路,木更津市請西南2-27-1,,屋内（風除室含む）,グラスト,"22,000","22,000",要確認,,,,,,,,,,,
,イオンタウン, イオンタウン木更津請西②　あいプロ前通路,木更津市請西南2-27-1,,屋内（風除室含む）,グラスト,"22,000","22,000",要確認,,,,,,,,,,,
,イオンタウン, イオンタウン木更津請西③　キッチンカー区画,木更津市請西南2-27-1,,屋内（風除室含む）,グラスト,"10,500","10,500",要確認,,,,,,,,,,,
,イオンタウン, イオンタウンおゆみ野①　1F中央エスカレーター前,千葉市緑区おゆみ野南5-37-1,10m×6m,屋内（風除室含む）,グラスト,"60,000","96,000",要確認,,,,4/29～5/8、8/10～15、12/24～1/4は土日祝価格,,,,,,,
,イオンタウン, イオンタウンおゆみ野②　1Fけやきコート,千葉市緑区おゆみ野南5-37-1,10m×6.5m,屋内（風除室含む）,グラスト,"60,000","96,000",要確認,,,,4/29～5/8、8/10～15、12/24～1/4は土日祝価格,,,,,,,
,イオンタウン, イオンタウンおゆみ野③　1Fマックスバリュ交差点,千葉市緑区おゆみ野南5-37-1,2.5m×2.5m,屋内（風除室含む）,グラスト,"60,000","96,000",要確認,,,,4/29～5/8、8/10～15、12/24～1/4は土日祝価格,,,,,,,
,イオンタウン, イオンタウンおゆみ野④　1Fマックスバリュ交差点横,千葉市緑区おゆみ野南5-37-1,5m×2.5m,屋内（風除室含む）,グラスト,"60,000","96,000",要確認,,,,4/29～5/8、8/10～15、12/24～1/4は土日祝価格,,,,,,,
,イオンタウン, イオンタウンおゆみ野⑤　１F中央エスカレーター横,千葉市緑区おゆみ野南5-37-1,3.5m×7m,屋内（風除室含む）,グラスト,"60,000","96,000",要確認,,,,4/29～5/8、8/10～15、12/24～1/4は土日祝価格,,,,,,,
,イオンタウン, イオンタウンおゆみ野⑥　２Fけやきコート側エスカレーター前,千葉市緑区おゆみ野南5-37-1,4m×5m,屋内（風除室含む）,グラスト,"50,000","84,000",要確認,,,,4/29～5/8、8/10～15、12/24～1/4は土日祝価格,,,,,,,
,イオンタウン, イオンタウンおゆみ野⑦　2Fキッズパーク横,千葉市緑区おゆみ野南5-37-1,6m×2.5m,屋内（風除室含む）,場所とる,"45,000","75,000",要確認,,,,4/29～5/8、8/10～15、12/24～1/4は土日祝価格,,,,,,,
,イオンタウン, イオンタウンおゆみ野⑧　2Fマックスバリュー側エスカレーター,千葉市緑区おゆみ野南5-37-1,14㎡程度,屋内（風除室含む）,場所とる,"45,000","75,000",要確認,,,,4/29～5/8、8/10～15、12/24～1/4は土日祝価格,,,,,,,
,イオンタウン, イオンタウン館山①　フードコート前風除室,館山市八幡545-1,6.42㎡,屋内（風除室含む）,グラスト,"32,000","32,000",実施不可,,,,駐車場使用料別途、水道光熱費500円/日、サイネージ使用料が必須,,,,,,,
,イオンタウン, イオンタウン館山②　セントラルコート,館山市八幡545-1,93.24㎡,屋内（風除室含む）,グラスト,"60,000","60,000",実施不可,,,,駐車場使用料別途、水道光熱費500円/日、サイネージ使用料が必須,,,,,,,
,イオンタウン, イオンタウン館山③　コミュニティホール,館山市八幡545-1,97.79㎡,屋内（風除室含む）,グラスト,"40,000","40,000",実施不可,,,,駐車場使用料別途、水道光熱費500円/日、サイネージ使用料が必須,,,,,,,
,イオンタウン, イオンタウン館山④　コミュニティホール前,館山市八幡545-1,105.86㎡,屋内（風除室含む）,グラスト,"40,000","40,000",実施不可,,,,駐車場使用料別途、水道光熱費500円/日、サイネージ使用料が必須,,,,,,,
,イオンタウン, イオンタウン館山⑤　サウスモール,館山市八幡545-1,105㎡,屋内（風除室含む）,グラスト,"60,000","60,000",実施不可,,,,駐車場使用料別途、水道光熱費500円/日、サイネージ使用料が必須,,,,,,,
,イオンタウン, イオンタウン館山⑥　第三風除室,館山市八幡545-1,6.48㎡ ,屋内（風除室含む）,グラスト,"40,000","40,000",実施不可,,,,駐車場使用料別途、水道光熱費500円/日、サイネージ使用料が必須,,,,,,,
,イオンタウン,イオンタウン成田富里①　１Ｆイベント広場,成田市東町133番地,20㎡,屋内（風除室含む）,場所とる,"55,000","75,000",要確認,,,,"電気代500円/日,Y!mobileNG",,,,,,,
,イオンタウン,イオンタウン成田富里②　１Ｆ正面入口横,成田市東町133番地,4㎡,屋内（風除室含む）,場所とる,"45,000","55,000",要確認,,,,"電気代500円/日,Y!mobileNG",,,,,,,
,イオンタウン,イオンタウン成田富里③　107区画,成田市東町133番地,長机2～3台分程,屋内（風除室含む）,グラスト,"60,000","84,000",要確認,,,,"電気代500円/日,Y!mobileNG",,,,,,,
,イオンタウン,イオンタウン成田富里④　115区画,成田市東町133番地,長机2～3台分程,屋内（風除室含む）,グラスト,"60,000","84,000",要確認,,,,"電気代500円/日,Y!mobileNG",,,,,,,
,イオンタウン,イオンタウン成田富里⑤　ノジマ前,成田市東町133番地,要確認,屋内（風除室含む）,場所とる,"55,000","75,000",要確認,,,,電気代500円/日,,,,,,,
,イオンタウン,イオンタウン成田富里⑥　2Fフードコート前,成田市東町133番地,要確認,屋内（風除室含む）,場所とる,"55,000","75,000",要確認,,,,電気代500円/日,,,,,,,
,イオンタウン,イオンタウン成田富里⑦　2F保険クリニック前,成田市東町133番地,要確認,屋内（風除室含む）,場所とる,"55,000","75,000",要確認,,,,電気代500円/日,,,,,,,
,イオンタウン,イオンタウンユーカリが丘①　1Fインフォメーション前,佐倉市西ユーカリが丘６丁目１２番地の3,20㎡,屋内（風除室含む）,場所とる,"55,000","105,000",要確認,,,,,,,,,,,
,イオンタウン,イオンタウンユーカリが丘②　2F西エスカレーター前①,佐倉市西ユーカリが丘６丁目１２番地の3,,屋内（風除室含む）,グラスト,"60,000","120,000",要確認,,,,,,,,,,,
,イオンタウン,イオンタウンユーカリが丘③　2F西エスカレーター前②,佐倉市西ユーカリが丘６丁目１２番地の3,,屋内（風除室含む）,グラスト,"60,000","120,000",要確認,,,,,,,,,,,
,イオンタウン,イオンタウンユーカリが丘④　3F西エスカレーター前①,佐倉市西ユーカリが丘６丁目１２番地の3,,屋内（風除室含む）,グラスト,"60,000","120,000",要確認,,,,,,,,,,,
,イオンタウン,イオンタウンユーカリが丘⑤　3F西エスカレーター前②,佐倉市西ユーカリが丘６丁目１２番地の3,,屋内（風除室含む）,グラスト,"60,000","120,000",要確認,,,,,,,,,,,
,イオンタウン,イオンタウンユーカリが丘⑥　3F東エスカレーター前①,佐倉市西ユーカリが丘６丁目１２番地の3,,屋内（風除室含む）,場所とる,"55,000","105,000",要確認,,,,,,,,,,,
,イオンタウン,イオンタウンユーカリが丘⑦　3F東エスカレーター前②,佐倉市西ユーカリが丘６丁目１２番地の3,,屋内（風除室含む）,場所とる,"55,000","105,000",要確認,,,,,,,,,,,
,イオンタウン,イオンタウンユーカリが丘⑧　西街区1F さくらの広場,佐倉市西ユーカリが丘６丁目１２番地の3,,屋内（風除室含む）,場所とる,"105,000","205,000",要確認,,,,,,,,,,,
,イオンタウン,イオンタウンユーカリが丘⑨　東街区1F 正面口イベントスペース,佐倉市西ユーカリが丘６丁目１２番地の3,,屋内（風除室含む）,グラスト,"120,000","180,000",要確認,,,,,,,,,,,
,ワンズモール,ワンズモール①　1F アトリウム,稲毛区長沼町330番地50,50坪,屋内（風除室含む）,グラスト,"40,000","72,000",要確認,,,,,,,,,,,
,ワンズモール,ワンズモール②　1F 上りESC横,稲毛区長沼町330番地50,2坪,屋内（風除室含む）,グラスト,"22,000","32,000",要確認,,,,,,,,,,,
,ワンズモール,ワンズモール③　1F ポポラマーマ横,稲毛区長沼町330番地50,2坪,屋内（風除室含む）,グラスト,"18,000","20,000",要確認,,,,,,,,,,,
,ワンズモール,ワンズモール④　1F EV柱前,稲毛区長沼町330番地50,1.8坪,屋内（風除室含む）,グラスト,"16,000","18,000",要確認,,,,,,,,,,,
,ワンズモール,ワンズモール⑤　1F 下りESC裏,稲毛区長沼町330番地50,1.8坪,屋内（風除室含む）,グラスト,"18,000","20,000",要確認,,,,,,,,,,,
,ワンズモール,ワンズモール⑥　（屋外）屋外正面口横,稲毛区長沼町330番地50,2坪,屋外,グラスト,"22,000","30,000",要確認,,,,,,,,,,,
,ユニモちはら台,ユニモちはら台①　1F ユニモセレクト(外側),市原市ちはら台西3丁目4,10㎡,屋内（風除室含む）,グラスト,"50,000","96,000",実施不可,,,,,,,,,,,
,ユニモちはら台,ユニモちはら台②　1F ヤオコー前,市原市ちはら台西3丁目4,10㎡,屋内（風除室含む）,グラスト,"50,000","96,000",実施不可,,,,,,,,,,,
,ユニモちはら台,ユニモちはら台③　マクドナルド側入口(半屋外),市原市ちはら台西3丁目4,70㎡,屋外,グラスト,"35,000","60,000",実施不可,,,,,,,,,,,
,ユニモちはら台,ユニモちはら台④　1F ユニモプラザ,市原市ちはら台西3丁目4,48㎡,屋内（風除室含む）,グラスト,"90,000","180,000",実施不可,,,,,,,,,,,
,ユニモちはら台,ユニモちはら台⑤　芝生広場,市原市ちはら台西3丁目4,110㎡,屋内（風除室含む）,グラスト,"40,000","72,000",実施不可,,,,,,,,,,,
,ユニモちはら台,ユニモちはら台⑥　D駐車場側 駐輪場(屋外),市原市ちはら台西3丁目4,180㎡,屋外,グラスト,"40,000","72,000",実施不可,,,,,,,,,,,
,ユニモちはら台,ユニモちはら台⑦　２F ダイソー前,市原市ちはら台西3丁目4,15㎡,屋内（風除室含む）,グラスト,"60,000","120,000",実施不可,,,,,,,,,,,
,ユニモちはら台,ユニモちはら台⑧　2F アカデミア前,市原市ちはら台西3丁目4,15㎡,屋内（風除室含む）,グラスト,"45,000","84,000",実施不可,,,,,,,,,,,
,ユニモちはら台,ユニモちはら台⑨　2F ABC-MART前,市原市ちはら台西3丁目4,15㎡,屋内（風除室含む）,グラスト,"35,000","60,000",実施不可,,,,,,,,,,,
,ユニモちはら台,ユニモちはら台⑩　丸善前（パリミキ前）,市原市ちはら台西3丁目4,10㎡,屋内（風除室含む）,グラスト,"60,000","120,000",実施不可,,,,,,,,,,,
,ユニモちはら台,ユニモちはら台⑪　ユニクロ前（ハニーズ前）,市原市ちはら台西3丁目4,10㎡,屋内（風除室含む）,グラスト,"60,000","120,000",実施不可,,,,,,,,,,,
,極楽湯,極楽湯柏①　玄関前,柏市大山台1−１８,長机１～２,屋内（風除室含む）,グラスト,"40,000","40,000",要確認,,,,最低2日以上開催,,,,,,,
,極楽湯,極楽湯柏②　リラク受付横,柏市大山台1−１８,長机１～２,屋内（風除室含む）,グラスト,"40,000","40,000",要確認,,,,最低2日以上開催,,,,,,,
,極楽湯,極楽湯千葉稲毛,千葉市稲毛区園生町３８０−１,長机１～２,屋内（風除室含む）,グラスト,"40,000","40,000",要確認,,,,最低2日以上開催,,,,,,,
,生鮮市場TOP,生鮮市場TOP稲毛長沼,千葉市稲毛区長沼原町731-17,(横並びで)長机1～2台程度,屋内（風除室含む）,場所とる,"21,000","21,000",要確認,,,,,,,,,,,
,生鮮市場TOP,生鮮市場TOP増尾台,柏市増尾台2-31-2,(横並びで)長机1～2台程度,屋外,場所とる,"21,000","21,000",要確認,,,,,,,,,,,
,生鮮市場TOP,生鮮市場TOP船橋日大前①　風除室スペース,船橋市坪井東3-6-1,長机1台程度,屋内（風除室含む）,場所とる,"21,000","21,000",要確認,,,,,,,,,,,
,生鮮市場TOP,生鮮市場TOP船橋日大前②　軒下催事スペース(入り口付近),船橋市坪井東3-6-1,長机1台程度,屋内（風除室含む）,場所とる,"21,000","21,000",要確認,,,,,,,,,,,
,生鮮市場TOP,生鮮市場TOP柏の葉,柏市十余二380-35 中央211街区13,(横並びで)長机1～2台程度,屋外,場所とる,"21,000","21,000",要確認,,,,,,,,,,,
,コーナン,コーナン柏中新宿,柏市 中新宿 3丁目11番1号,長机1～2本程度,屋内（風除室含む）,場所とる,"30,000","30,000",要確認,,,,,,,,,,,
,コーナンPRO,コーナンPRO柏松ヶ崎,柏市 松ヶ崎 1181-1,長机1～2本程度,屋内（風除室含む）,場所とる,"30,000","30,000",要確認,,,,,,,,,,,
,コーナン,コーナン船橋花輪インター,船橋市 宮本 9丁目5番15号,長机1～2本程度,屋内（風除室含む）,場所とる,"30,000","30,000",要確認,,,,,,,,,,,
,コーナン,コーナン南流山①　1Fエスカレーター横　,流山市 大字木 408番地（木B７０街区１）,1.5×4.0,屋内（風除室含む）,場所とる,"30,000","30,000",要確認,,,,,,,,,,,
,コーナン,コーナン南流山②　1Fエレベーター前　,流山市 大字木 408番地（木B７０街区１）,1.5×3.0,屋内（風除室含む）,場所とる,"30,000","30,000",要確認,,,,,,,,,,,
,BOOKOFF PLUS,BOOKOFFPLUS銚子,銚子市三崎町2丁目-2583-1,長机1台～,屋内（風除室含む）,グラスト,"45,000","45,000",要確認,,,,,,,,,,,
,BOOKOFF PLUS,BOOKOFFPLUS126号旭,旭市ニ3154,長机1台～,屋内（風除室含む）,グラスト,"45,000","45,000",要確認,,,,,,,,,,,
,ペリエ,ペリエ千葉①　カラー通路,千葉市中央区新千葉１丁目１−１,5.6m×3m,屋内（風除室含む）,場所とる,"38,000","38,000",要確認,,,,,,,,,,,
,ペリエ,ペリエ千葉②　4階区画1（エブリワンカフェ側）,千葉市中央区新千葉１丁目１−１,要確認,屋内（風除室含む）,場所とる,"58,000","58,000",要確認,,,,,,,,,,,
,ペリエ,ペリエ千葉③　4階区画2,千葉市中央区新千葉１丁目１−１,要確認,屋内（風除室含む）,場所とる,"58,000","58,000",要確認,,,,,,,,,,,
,ペリエ,ペリエ津田沼①　軒下催事スペース,習志野市津田沼1-1-1,長机2台程度,屋外,場所とる,"43,000","43,000",要確認,,,,,,,,,,,
,ペリエ,ペリエ津田沼②　駅構外エクセルシオール前催事場,習志野市津田沼1-1-1,奥行2.5m×4m程度,屋外,場所とる,"38,000","38,000",要確認,,,,,,,,,,,
,ペリエ,ペリエ稲毛,千葉市稲毛区稲毛東3-19-11,4.5m×1.5m程度,屋外,場所とる,"33,000","33,000",要確認,,,,,,,,,,,
,松戸南部市場,松戸南部市場,松戸市松戸新田３０,10坪,屋内（風除室含む）,グラスト,"20,000","25,000",要確認,,,,,,,,,,,
,千葉ショッピングセンターc-one,千葉ショッピングセンターc-one,千葉市中央区富士見２丁目２５−１,1坪,屋内（風除室含む）,グラスト,"25,000","30,000",要確認,,,,,,,,,,,
,イオンスタイル,イオンフードスタイル新松戸①　1階　正面エスカレーター前エントランス,松戸市新松戸3丁目2-2,長机2～3台程,屋内（風除室含む）,グラスト,"30,000","40,000",要確認,,,,,,,,,,,
,イオンスタイル,イオンフードスタイル新松戸②　1階　正面エスカレーター前エントランス,松戸市新松戸3丁目2-2,長机4～6台程,屋内（風除室含む）,グラスト,"50,000","72,000",要確認,,,,,,,,,,,
,イオンスタイル,イオンフードスタイル新松戸③　2階エレベーター前,松戸市新松戸3丁目2-2,長机2台分程,屋内（風除室含む）,グラスト,"30,000","40,000",要確認,,,,,,,,,,,
,ダイエー,ダイエー市川①　店内スペース,市川市市川１丁目４−１０,要確認,屋内（風除室含む）,ダイエースペース,"30,000","40,000",要確認,,,,,,,,,,,
,ダイエー,ダイエー市川②　店内スペース,市川市市川１丁目４−１０,要確認,屋内（風除室含む）,ダイエースペース,"30,000","40,000",要確認,,,,,,,,,,,
,ランドローム,ランドロームフードマーケット西白井①　屋内スペース,白井市根1696-15,長机1~2台程,屋内（風除室含む）,グラスト,"10,000","12,500",要確認,,,,備品貸出不可、金曜は休日価格,,,,,,,
,ランドローム,ランドロームフードマーケット西白井②　屋外スペース,白井市根1696-15,駐車場3台分,屋外,グラスト,"14,000","17,000",要確認,,,,備品貸出不可、金曜は休日価格,,,,,,,
,ランドローム,ランドロームフードマーケット木下,印西市大森2492,長机1~2台程,屋内（風除室含む）,グラスト,"10,000","12,500",要確認,,,,備品貸出不可、金曜は休日価格,,,,,,,
,ランドローム,ランドロームフードマーケット八街,八街市八街ろ169-30,長机2台分程,屋内（風除室含む）,グラスト,"10,000","12,500",要確認,,,,備品貸出不可、金曜は休日価格,,,,,,,
,ランドローム,ランドロームフードマーケット山武,山武市埴谷1873-1,長机１台分程,屋内（風除室含む）,グラスト,"10,000","12,500",要確認,,,,備品貸出不可、金曜は休日価格,,,,,,,
,UNICUS,UNICUS成田,成田市はなのき台2丁目25番地1,長机4～5台分程,屋外,グラスト,"30,000","30,000",要確認,,,,,,,,,,,
,茂原ショッピングプラザアスモ,茂原ショッピングプラザアスモ①　1 階 センターコート(全面),茂原市高師1735,,屋内（風除室含む）,グラスト,"72,000","72,000",要確認,,,,,,,,,,,
,茂原ショッピングプラザアスモ,茂原ショッピングプラザアスモ②　1 階 センターコート(半面),茂原市高師1735,,屋内（風除室含む）,グラスト,"40,000","40,000",要確認,,,,,,,,,,,
,茂原ショッピングプラザアスモ,茂原ショッピングプラザアスモ③　1 階中央入口脇 ,茂原市高師1735,3～4坪,屋内（風除室含む）,グラスト,"22,000","22,000",要確認,,,,,,,,,,,
,茂原ショッピングプラザアスモ,茂原ショッピングプラザアスモ④　1催事場Ｃ ,茂原市高師1735,,屋内（風除室含む）,グラスト,"20,000","20,000",要確認,,,,,,,,,,,
,茂原ショッピングプラザアスモ,茂原ショッピングプラザアスモ⑤　催事場Ｅ,茂原市高師1735,,屋内（風除室含む）,グラスト,"20,000","20,000",要確認,,,,,,,,,,,
,パティオ,パティオ本八幡①　1階正面入口脇(10７区画),市川市本八幡２丁目１５−１０,9.28坪,屋内（風除室含む）,グラスト,"30,000","30,000",要確認,,,,,,,,,,,
,パティオ,パティオ本八幡②　108区画,市川市本八幡２丁目１５−１０,,屋内（風除室含む）,グラスト,"30,000","30,000",要確認,,,,,,,,,,,
,パティオ,パティオ本八幡③　101区画,市川市本八幡２丁目１５−１０,,屋内（風除室含む）,グラスト,"40,000","40,000",要確認,,,,,,,,,,,
,稲浜ショップ,稲浜ショップ,千葉市美浜区高浜4-12-2,長机6台分程,屋内（風除室含む）,グラスト,"20,000","20,000",要確認,,,,,,,,,,,
,プレナ幕張,プレナ幕張①　1階サンマルクカフェ横,千葉市美浜区ひび野２丁目４,要確認,屋内（風除室含む）,場所とる,"48,000","88,000",要確認,,,,,,,,,,,
,プレナ幕張,プレナ幕張②　２階エスカレーター横,千葉市美浜区ひび野２丁目４,要確認,屋内（風除室含む）,場所とる,"48,000","88,000",要確認,,,,,,,,,,,
,ベイシア,ベイシア成田芝山,山武郡芝山町岩山２２９９−１,約3坪,屋内（風除室含む）,グラスト,"30,000","30,000",要確認,,,,ウォーターサーバー催事不可,,,,,,,
,ベイシア,ベイシアフードセンター旭飯岡,旭市三川犬林セの4334-1,要確認,屋内（風除室含む）,場所とる,"18,000","23,000",要確認,,,,ウォーターサーバー催事不可,,,,,,,
,ベイシア,ベイシアフードセンター香取小見川,香取市野田450,長机1～2台程度,屋内（風除室含む）,場所とる,"18,000","23,000",要確認,,,,,,,,,,,
,ベイシア,ベイシアフードセンター八日市場,匝瑳市八日市場ロ118,要確認,屋内（風除室含む）,場所とる,"18,000","23,000",要確認,,,,,,,,,,,
,ベイシア,ベイシアスーパーマーケット流山駒木①　側面(集中レジ後方)1,流山市駒木523-2,要確認,屋内（風除室含む）,場所とる,"18,000","23,000",要確認,,,,,,,,,,,
,ベイシア,ベイシアスーパーマーケット流山駒木②　側面(集中レジ後方)2,流山市駒木523-2,要確認,屋内（風除室含む）,場所とる,"18,000","23,000",要確認,,,,,,,,,,,
,ベイシア,ベイシアスーパーマーケット流山駒木③　出口ガラス面,流山市駒木523-2,要確認,屋内（風除室含む）,場所とる,"18,000","23,000",要確認,,,,,,,,,,,
,ベイシア,ベイシアいすみ大原①　住関連側入口,いすみ市日在41,要確認,屋内（風除室含む）,場所とる,"18,000","23,000",要確認,,,,,,,,,,,
,ベイシア,ベイシアいすみ大原②　食品入口店内ガラス面レジ側,いすみ市日在41,要確認,屋内（風除室含む）,場所とる,"18,000","23,000",要確認,,,,,,,,,,,
,ベイシア,ベイシア鴨川①　食品入口店内ガラス面青果側,鴨川市貝渚字中川間300,長机1～2台程度,屋内（風除室含む）,場所とる,"18,000","23,000",要確認,,,,,,,,,,,
,ベイシア,ベイシア鴨川②　食品入口正面,鴨川市貝渚字中川間300,長机1～10台程度,屋内（風除室含む）,場所とる,"18,000","23,000",要確認,,,,,,,,,,,
,ベイシア,ベイシア千葉ニュータウン①　レジ横スペース(衣料側),印西市泉野1-144-6,長机1～6台程度,屋内（風除室含む）,場所とる,"18,000","23,000",要確認,,,,,,,,,,,
,ベイシア,ベイシア千葉ニュータウン②　惣菜売り場,印西市泉野1-144-6,長机1台程度,屋内（風除室含む）,場所とる,"18,000","23,000",要確認,,,,,,,,,,,
,ベイシア,ベイシア千葉ニュータウン③　衣料品側入り口店内美容室横,印西市泉野1-144-6,長机1～2台程度,屋内（風除室含む）,場所とる,"18,000","23,000",要確認,,,,,,,,,,,
,ベイシア,ベイシア大網白里①　空きテナント(食品側),大網白里市大網273-2,8.2坪程度,屋内（風除室含む）,場所とる,"18,000","23,000",要確認,,,,Y!mobileNG,,,,,,,
,ベイシア,ベイシア大網白里②　食品入口,大網白里市大網273-2,長机1～6台程度,屋内（風除室含む）,場所とる,"18,000","23,000",要確認,,,,,,,,,,,
,ソコラテラス南行徳,ソコラテラス南行徳①　フード提供可能スペース,市川市南行徳2-20-25,6.61㎡,屋内（風除室含む）,グラスト,"136,000","136,000",要確認,,,,2週間実施/会議室1日以上利用/2週間利用の場合の賃料記載,,,,,,,
,ソコラテラス南行徳,ソコラテラス南行徳②　じっくりスペース１,市川市南行徳2-20-25,13.22㎡,屋内（風除室含む）,グラスト,"125,000","125,000",要確認,,,,2週間実施/会議室1日以上利用/2週間利用の場合の賃料記載,,,,,,,
,ソコラテラス南行徳,ソコラテラス南行徳③　じっくりスペース２,市川市南行徳2-20-25,13.22㎡,屋内（風除室含む）,グラスト,"125,000","125,000",要確認,,,,2週間実施/会議室1日以上利用/2週間利用の場合の賃料記載,,,,,,,
,ソコラテラス南行徳,ソコラテラス南行徳④　テキパキスペース１,市川市南行徳2-20-25, 8.26㎡,屋内（風除室含む）,グラスト,"114,000","114,000",要確認,,,,2週間実施/会議室1日以上利用/2週間利用の場合の賃料記載,,,,,,,
,ソコラテラス南行徳,ソコラテラス南行徳⑤　テキパキスペース２,市川市南行徳2-20-25, 8.26㎡,屋内（風除室含む）,グラスト,"114,000","114,000",要確認,,,,2週間実施/会議室1日以上利用/2週間利用の場合の賃料記載,,,,,,,
,ソコラテラス南行徳,ソコラテラス南行徳⑥　会議室 小,市川市南行徳2-20-25,ー,屋内（風除室含む）,グラスト,"11,000","11,000",要確認,,,,2週間実施/会議室1日以上利用/2週間利用の場合の賃料記載,,,,,,,
,ソコラテラス南行徳,ソコラテラス南行徳⑦　会議室 大,市川市南行徳2-20-25,ー,屋内（風除室含む）,グラスト,"15,000","15,000",要確認,,,,2週間実施/会議室1日以上利用/2週間利用の場合の賃料記載,,,,,,,
,スーパーバリュー,スーパーバリュー幕張西,千葉市美浜区幕張西1-1-7,,屋内（風除室含む）,場所とる,"23,000","27,000",要確認,,,,,,,,,,,
,スーパーバリュー,スーパーバリュー松戸五香,松戸市五香8-44-6,,屋内（風除室含む）,グラスト,"27,000","32,000",要確認,,,,,,,,,,,
,スーパーバリュー,スーパーバリュー南船橋,船橋市浜町2-2-7 ビビット南船橋1F,,屋内（風除室含む）,グラスト,"27,000","32,000",要確認,,,,,,,,,,,
,キテミテマツド,キテミテマツド,松戸市松戸１３０７−１,,屋内（風除室含む）,グラスト,"120,000","120,000",要確認,,,,,,,,,,,
,スポーツクラブNAS,スポーツクラブNAS新鎌ヶ谷,鎌ケ谷市新鎌ケ谷2-12-1アクロスモール新鎌ケ谷3F,長机2台程,屋内（風除室含む）,グラスト,"35,000","35,000",要確認,,,,,,,,,,,
,スポーツクラブNAS,スポーツクラブNAS西船橋,船橋市印内町640,長机2台程,屋内（風除室含む）,グラスト,"35,000","35,000",要確認,,,,,,,,,,,
,スポーツクラブNAS,スポーツクラブNAS松戸,松戸市本町4-1,長机2台程,屋内（風除室含む）,グラスト,"35,000","35,000",要確認,,,,,,,,,,,
,スポーツクラブNAS,スポーツクラブNAS稲毛海岸,千葉市美浜区高洲3-8-1,長机2台程,屋内（風除室含む）,グラスト,"35,000","35,000",要確認,,,,,,,,,,,
,スポーツクラブNAS,スポーツクラブNASおゆみ野,千葉市緑区おゆみ野5-43-2,長机2台程,屋内（風除室含む）,グラスト,"35,000","35,000",要確認,,,,,,,,,,,
,MONA新浦安,MONA新浦安①　スパイラルコート,浦安市入船1-5-1,,屋内（風除室含む）,グラスト,"60,000","60,000",実施不可,,,,,,,,,,,
,MONA新浦安,MONA新浦安②　エスカレーター横イオン側,浦安市入船1-5-1,,屋内（風除室含む）,グラスト,"40,000","40,000",実施不可,,,,,,,,,,,
,MONA新浦安,MONA新浦安③　エスカレーター横駅側,浦安市入船1-5-1,,屋内（風除室含む）,グラスト,"40,000","40,000",実施不可,,,,,,,,,,,
,㈱フードウェイ,フードウェイ千葉ポートタウン,千葉市中央区問屋町1-50 千葉ポートタウン 1Ｆ,長机1～2台分程,屋内（風除室含む）,グラスト,"20,000","20,000",要確認,,,,,,,,,,,
,プラッツ五香,プラッツ五香,松戸市五香8-44-6,3～5坪,屋内（風除室含む）,グラスト,"25,000","25,000",要確認,,,,,,,,,,,
,千葉ポートタウン,千葉ポートタウン①　1F旧インフォメーションカウンターのスペース,千葉市中央区問屋町１−５０,約6㎡,屋内（風除室含む）,グラスト,"30,000","30,000",要確認,,,,,,,,,,,
,千葉ポートタウン,千葉ポートタウン②　1Fドラッグストア前のスペース,,約8㎡,屋内（風除室含む）,グラスト,"40,000","40,000",要確認,,,,,,,,,,,
,千葉ポートタウン,千葉ポートタウン③　下りエスカレーター前2F店内スペース,,約167㎡,屋内（風除室含む）,グラスト,"35,000","35,000",要確認,,,,,,,,,,,
,千葉ポートタウン,千葉ポートタウン④　上りエスカレーター横2F店内スペース(1),,約70㎡,屋内（風除室含む）,グラスト,"35,000","35,000",要確認,,,,,,,,,,,
,千葉ポートタウン,千葉ポートタウン⑤　上りエスカレーター横2F店内スペース(2),,約50㎡,屋内（風除室含む）,グラスト,"35,000","35,000",要確認,,,,,,,,,,,
,ルネサンス,スポーツクラブ＆スパルネサンス野田,野田市野田394-2,長机1~2台分程,屋内（風除室含む）,グラスト,"35,000","35,000",要確認,,,,月曜日定休日,,,,,,,
,マルエツ,マルエツ安食,印旛郡栄町安食台１丁目３−４,長机1～2台分程,屋内（風除室含む）,ダイエースペース,"15,000","20,000",要確認,,,,,,,,,,,
,フォレストモール,フォレストモール印西牧の原,印西市滝野３丁目１,長机1～2台分程,屋内（風除室含む）,グラスト,"25,000","40,000",要確認,,,,買取催事不可,,,,,,,
,四街道M2プラザ,四街道M2プラザ,四街道市大日４２９−２,約7～8坪程,屋内（風除室含む）,グラスト,"20,000","20,000",要確認,,,,,,,,,,,
,メガマックス,メガマックス 千葉ニュータウン,印西市西の原５丁目1,駐車場4～5台分程,屋内（風除室含む）,グラスト,"20,000","20,000",要確認,,,,,,,,,,,
,フィールズ南柏,フィールズ南柏①　ザ・ダイソー横(小楕円スペース),柏市南柏中央６−７,2m×2m,屋内（風除室含む）,グラスト,"30,000","30,000",要確認,,,,備品貸出不可,,,,,,,
,フィールズ南柏,フィールズ南柏②　E210区画,柏市南柏中央６−７,50㎡程,屋内（風除室含む）,場所とる,"28,000","28,000",要確認,,,,備品貸出不可,,,,,,,
,フィールズ南柏,フィールズ南柏③　トレジャーファクトリー前(大楕円),柏市南柏中央６−７,3m×3m,屋内（風除室含む）,場所とる,"28,000","28,000",要確認,,,,備品貸出不可,,,,,,,
,マルエツ,マルエツ新都賀,千葉市若葉区都賀３丁目２０−１５,長机1台分,屋内（風除室含む）,ダイエースペース,"15,000","20,000",要確認,,,,,,,,,,,
,Loharu津田沼,Loharu津田沼,習志野市谷津7-7-1,長机3～4台分程,屋内（風除室含む）,グラスト,"30,000","30,000",要確認,,,,,,,,,,,
,プチモール二ツ木,プチモール二ツ木,松戸市二ツ木1782-1,要確認,屋内（風除室含む）,場所とる,"13,000","23,000",要確認,,,,,,,,,,,
,ビッグホップガーデンモール印西,ビッグホップガーデンモール印西①　BIGHOPラウンジ(屋内スペース),印西市原1-2,長机3～4台分程,屋内（風除室含む）,グラスト,"50,000","96,000",要確認,,,,電源有り・備品貸出可能,,,,,,,
,ビッグホップガーデンモール印西,ビッグホップガーデンモール印西②　84・83の間区画(屋根付き屋外スペース),印西市原1-2,長机3～4台分程,屋外,グラスト,"50,000","96,000",要確認,,,,電源有り・備品貸出可能,,,,,,,
,SpaResort菜々の湯,SpaResort菜々の湯,習志野市本大久保１丁目１−１,長机1～2台程,屋内（風除室含む）,グラスト,"20,000","20,000",要確認,,,,備品貸出不可,,,,,,,
,テラスモール松戸,テラスモール松戸①　1階パティオ(マクドナルド前),松戸市八ケ崎2丁目8-1,17m×8m程度,屋内（風除室含む）,場所とる,"208,000","408,000",要確認,,,,,,,,,,,
,テラスモール松戸,テラスモール松戸②　2階こもれびステージ,松戸市八ケ崎2丁目8-1,8m×4.4m程度,屋内（風除室含む）,場所とる,"208,000","508,000",要確認,,,,,,,,,,,
,テラスモール松戸,テラスモール松戸③　3階アカチャンホンポ前,松戸市八ケ崎2丁目8-1,4.6m×6m程度,屋内（風除室含む）,場所とる,"158,000","308,000",要確認,,,,,,,,,,,
,テラスモール松戸,テラスモール松戸④　3階北モール通路,松戸市八ケ崎2丁目8-1,10.9m×3m程度,屋内（風除室含む）,場所とる,"158,000","308,000",要確認,,,,,,,,,,,
,テラスモール松戸,テラスモール松戸⑤　1階けやきひろば,松戸市八ケ崎2丁目8-1,17m×4m程度,屋外,場所とる,"158,000","308,000",要確認,,,,,,,,,,,
,スーパーベルクス,スーパーベルクス仁戸名①　ベルクス店内レジ横,千葉市中央区仁戸名町698-11,長机2台分程,屋内（風除室含む）,グラスト,"20,000","20,000",要確認,,,,都度確認・申請前に事前打ち合わせ必須,,,,,,,
,スーパーベルクス,スーパーベルクス仁戸名②　ベルクス店頭軒下,千葉市中央区仁戸名町698-11,長机2台分程,屋外,グラスト,"20,000","20,000",要確認,,,,,,,,,,,
,トライアル,スーパーセンタートライアル八街,八街市ほ743番地1,長机1～2台分程,屋外,グラスト,"25,000","30,000",要確認,,,,,,,,,,,
,スーパーベルクス,スーパーベルクス美浜,千葉市美浜区新港３２−１１,長机2台分程,屋内（風除室含む）,グラスト,"20,000","30,000",要確認,,,,偶数月のみ開催可能,,,,,,,
,スーパーベルクス,スーパーベルクス野田七光台,野田市光葉町１丁目６ ベルクスステーションモール七光台,長机1～2台分程,屋内（風除室含む）,グラスト,"20,000","20,000",要確認,,,,,,,,,,,
,スーパーベルクス,スーパーベルクス稲毛天台,千葉市稲毛区天台１丁目４−１２ Skip,長机1台分程,屋内（風除室含む）,グラスト,"20,000","20,000",要確認,,,,,,,,,,,
,スーパーベルクス,スーパーベルクス市川鬼高,市川市鬼高３丁目３２−１２,長机1台分程,屋内（風除室含む）,グラスト,"20,000","20,000",要確認,,,,,,,,,,,
,ヤオコー,ヤオコーマーケットプレイス佐倉染井野①　イベント広場,佐倉市染井野4-7-1,長机1～2台程度,屋外,場所とる,"23,000","23,000",要確認,,,,,,,,,,,
,ヤオコー,ヤオコーマーケットプレイス佐倉染井野②　店頭軒下,佐倉市染井野4-7-1,長机1～2台程度,屋外,場所とる,"23,000","23,000",要確認,,,,,,,,,,,
,ヤオコー,ヤオコーマーケットプレイス柏高柳駅前①　2階マツモトキヨシ前,柏市高柳1-6-6,長机1～2台程度,屋内（風除室含む）,場所とる,"28,000","33,000",要確認,,,,,,,,,,,
,ヤオコー,ヤオコーマーケットプレイス柏高柳駅前②　3階共有スペース,柏市高柳1-6-6,要確認,屋内（風除室含む）,場所とる,"28,000","33,000",要確認,,,,,,,,,,,
,ロイヤルホームセンター,ロイヤルホームセンター野田,野田市七光台4−2 (ｲｵﾝﾀｳﾝ野田七光台),長机1～2台分程,屋内（風除室含む）,グラスト,"25,000","40,000",要確認,,,,,,,,,,,
,ロイヤルホームセンター,ロイヤルホームセンター柏,柏市大山台2丁目3−4 (ﾓﾗｰｼﾞｭ柏),長机1～2台分程,屋内（風除室含む）,グラスト,"25,000","40,000",要確認,,,,,,,,,,,
,ロイヤルホームセンター,ロイヤルホームセンター松戸,松戸市松戸新田125−1,長机1～2台分程,屋内（風除室含む）,グラスト,"25,000","40,000",要確認,,,,,,,,,,,
,マルエツ,マルエツ市川大野,市川市南大野３丁目２４−８,長机1～2台分程,屋内（風除室含む）,ダイエースペース,"15,000","20,000",要確認,,,,,,,,,,,
,ヨーク,ヨークプライス五香,松戸市常盤平5−22−3,長机1台～,屋内（風除室含む）,場所とる,"30,000","30,000",要確認,,,,,,,,,,,
,ヨーク,ヨークプライス野田①　1階駅前側入口付近,野田市野田721番地1,長机1～2台程度,屋内（風除室含む）,場所とる,"30,000","30,000",要確認,,,,【8.15.18.25.28日は土日祝料金】【3月.5月.8月.12月は賃料増額】,,,,,,,
,ヨーク,ヨークプライス野田②　1階駐車場側入口付近,野田市野田721番地1,長机1～2台程度,屋内（風除室含む）,場所とる,"25,000","25,000",要確認,,,,【8.15.18.25.28日は土日祝料金】【3月.5月.8月.12月は賃料増額】,,,,,,,
,ヨーク,ヨークマートもねの里①　1階サービスカウンター横(変動の可能性あり),四街道市もねの里6丁目10-1,長机1台程度,屋内（風除室含む）,場所とる,"30,000","30,000",要確認,,,,【8.15.18.25.28日は土日祝料金】【3月.5月.8月.12月は賃料増額】,,,,,,,
,ヨーク,ヨークマートもねの里①　1階柱回り,四街道市もねの里6丁目10-1,約7㎡程度,屋内（風除室含む）,場所とる,"30,000","30,000",要確認,,,,【8.15.18.25.28日は土日祝料金】【3月.5月.8月.12月は賃料増額】,,,,,,,
,ヨーク,ヨークマート花見川,千葉市花見川区柏井1-1-25,長机2台程度,屋内（風除室含む）,場所とる,"30,000","30,000",要確認,,,,【8.15.18.25.28日は土日祝料金】【3月.5月.8月.12月は賃料増額】,,,,,,,
,ヨーク,ヨークマート藤原,船橋市藤原3-36-1,要確認,屋内（風除室含む）,場所とる,"30,000","30,000",要確認,,,,【8.15.18.25.28日は土日祝料金】【3月.5月.8月.12月は賃料増額】,,,,,,,
,ヨーク,ヨークマート花野井,柏市花野井681,13㎡程度,屋内（風除室含む）,場所とる,"30,000","30,000",要確認,,,,【8.15.18.25.28日は土日祝料金】【3月.5月.8月.12月は賃料増額】,,,,,,,
,ヨーク,ヨークマート江戸川台,流山市江戸川台東3丁目1592-1,長机2台程度,屋内（風除室含む）,場所とる,"30,000","30,000",要確認,,,,【8.15.18.25.28日は土日祝料金】【3月.5月.8月.12月は賃料増額】,,,,,,,
,ヨーク,ヨークフーズ咲が丘,船橋市咲が丘1-6-18,長机2台程度,屋内（風除室含む）,場所とる,"30,000","30,000",要確認,,,,【8.15.18.25.28日は土日祝料金】【3月.5月.8月.12月は賃料増額】,,,,,,,
,ヨーク,ヨークマート習志野台,船橋市習志野台3丁目6-1,要確認,屋内（風除室含む）,場所とる,"30,000","30,000",要確認,,,,【8.15.18.25.28日は土日祝料金】【3月.5月.8月.12月は賃料増額】,,,,,,,
,ヨーク,ヨークフーズ勝田台,八千代市勝田台1-33-1,要確認,屋内（風除室含む）,場所とる,"30,000","30,000",要確認,,,,【8.15.18.25.28日は土日祝料金】【3月.5月.8月.12月は賃料増額】,,,,,,,
,ヨーク,ヨークマート成田,成田市飯田町158-4,長机1台程度,屋内（風除室含む）,場所とる,"30,000","30,000",要確認,,,,【8.15.18.25.28日は土日祝料金】【3月.5月.8月.12月は賃料増額】,,,,,,,
,ヨーク,ヨークマート青葉台①　1階サービスカウンター横,柏市青葉台2丁目17-8,要確認,屋内（風除室含む）,場所とる,"30,000","30,000",要確認,,,,【8.15.18.25.28日は土日祝料金】【3月.5月.8月.12月は賃料増額】,,,,,,,
,ヨーク,ヨークマート青葉台②　1階出入口付近,柏市青葉台2丁目17-8,長机1台程度,屋外,場所とる,"30,000","30,000",要確認,,,,【8.15.18.25.28日は土日祝料金】【3月.5月.8月.12月は賃料増額】,,,,,,,
,ヨーク,ヨークマート谷津,習志野市谷津4丁目8-5,要確認,屋外,場所とる,"30,000","30,000",要確認,,,,【8.15.18.25.28日は土日祝料金】【3月.5月.8月.12月は賃料増額】,,,,,,,
,ヨーク,ヨークマート都賀,千葉市若葉区都賀1-12-1,長机1台程度,屋内（風除室含む）,場所とる,"30,000","30,000",要確認,,,,【8.15.18.25.28日は土日祝料金】【3月.5月.8月.12月は賃料増額】,,,,,,,
,ヨーク,ヨークフーズ柏の葉公園①,柏市柏の葉5丁目5-1,要確認,屋内（風除室含む）,場所とる,"30,000","30,000",要確認,,,,【8.15.18.25.28日は土日祝料金】【3月.5月.8月.12月は賃料増額】,,,,,,,
,ヨーク,ヨークフーズ柏の葉公園①,柏市柏の葉5丁目5-1,要確認,屋外,場所とる,"30,000","30,000",要確認,,,,【8.15.18.25.28日は土日祝料金】【3月.5月.8月.12月は賃料増額】,,,,,,,
,ヨーク,ヨークマート八千代村上,八千代市村上2089-1,長机2台程度,屋内（風除室含む）,場所とる,"30,000","30,000",要確認,,,,【8.15.18.25.28日は土日祝料金】【3月.5月.8月.12月は賃料増額】,,,,,,,
,ヨーク,ヨークマート八千代台,八千代市八千代台北10丁目24-1,長机2台程度,屋内（風除室含む）,場所とる,"30,000","30,000",要確認,,,,【8.15.18.25.28日は土日祝料金】【3月.5月.8月.12月は賃料増額】,,,,,,,
,ヨーク,ヨークフーズ野田川間南①　1階ベーカリー側入口,野田市春日町13-1,長机1台程度,屋内（風除室含む）,場所とる,"30,000","30,000",要確認,,,,【8.15.18.25.28日は土日祝料金】【3月.5月.8月.12月は賃料増額】,,,,,,,
,ヨーク,ヨークフーズ野田川間南②　1階旧サービスカウンタースペース,野田市春日町13-1,長机2台程度,屋内（風除室含む）,場所とる,"30,000","30,000",要確認,,,,【8.15.18.25.28日は土日祝料金】【3月.5月.8月.12月は賃料増額】,,,,,,,
,ヨーク,ヨークフーズ六高台,松戸市六高台7丁目98-1,約10㎡程度,屋内（風除室含む）,場所とる,"30,000","30,000",要確認,,,,【8.15.18.25.28日は土日祝料金】【3月.5月.8月.12月は賃料増額】,,,,,,,
,ヨーク,ヨークフーズ八柱さくら通り,松戸市常盤平陣屋前1-1,長机1台程度,屋内（風除室含む）,場所とる,"30,000","30,000",要確認,,,,【8.15.18.25.28日は土日祝料金】【3月.5月.8月.12月は賃料増額】,,,,,,,
,ヨーク,ヨークフーズ鎌ヶ谷,鎌ケ谷市富岡1丁目1-3,6.6㎡程度,屋内（風除室含む）,場所とる,"30,000","30,000",要確認,,,,【8.15.18.25.28日は土日祝料金】【3月.5月.8月.12月は賃料増額】,,,,,,,
,ヨーク,ヨークフーズちはら台①　デーカリー側出入口付近,市原市ちはら台南2-32-2,長机2台程度,屋内（風除室含む）,場所とる,"30,000","30,000",要確認,,,,【8.15.18.25.28日は土日祝料金】【3月.5月.8月.12月は賃料増額】,,,,,,,
,ヨーク,ヨークフーズちはら台②　店頭軒下,市原市ちはら台南2-32-2,要確認,屋外,場所とる,"30,000","30,000",要確認,,,,【8.15.18.25.28日は土日祝料金】【3月.5月.8月.12月は賃料増額】,,,,,,,
,スーパーベルクス,スーパーベルクス新豊四季,柏市豊四季１３５−１５,長机2台分程,屋内（風除室含む）,グラスト,"20,000","20,000",要確認,,,,備品貸出不可、事前打ち合わせ必須,,,,,,,
,アミリィ大網白里ショッピングセンター,アミリィ大網白里ショッピングセンター①　1Fエレベータ前通路(片側),大網白里市みやこ野１丁目１−２,長机2台分程,屋内（風除室含む）,グラスト,"25,000","25,000",要確認,,,,備品貸出不可,,,,,,,
,アミリィ大網白里ショッピングセンター,アミリィ大網白里ショッピングセンター②　1階正面入口空きスペース,大網白里市みやこ野１丁目１−２,約6.4坪,屋内（風除室含む）,グラスト,"35,000","35,000",要確認,,,,備品貸出不可,,,,,,,
,アミリィ大網白里ショッピングセンター,アミリィ大網白里ショッピングセンター③　1階フードコート前,大網白里市みやこ野１丁目１−２,約22坪,屋内（風除室含む）,グラスト,"35,000","35,000",要確認,,,,備品貸出不可,,,,,,,
,マルエツ,マルエツ下総中山,船橋市本中山2-10-1,長机1台分ほど,屋内（風除室含む）,ダイエースペース,"15,000","20,000",要確認,,,,,,,,,,,
,マルエツ,マルエツ矢切駅前,松戸市栗山19-1,長机1台分ほど,屋内（風除室含む）,ダイエースペース,"15,000","20,000",要確認,,,,,,,,,,,
,スカイプラザ・モール,スカイプラザ・モール,佐倉市ユーカリが丘４丁目１,長机2台分程,屋内（風除室含む）,場所とる,"23,000","29,000",要確認,,,,,,,,,,,
,大江戸温泉物語,大江戸温泉物語 浦安万華郷,浦安市日の出７丁目３−１２,2.5m×1.5m,屋内（風除室含む）,グラスト,"25,000","25,000",要確認,,,,,,,,,,,
,イオンタウン,イオンタウン旭①　屋外スペース➀,旭市イ４３３７番１,2.5m×4m,屋外,グラスト,"40,000","72,000",要確認,,,,,,,,,,,
,イオンタウン,イオンタウン旭②　屋外スペース②,旭市イ４３３７番１,2.5m×4m,屋外,グラスト,"40,000","72,000",要確認,,,,,,,,,,,
,イオンタウン,イオンタウン旭③　空テナント区画,旭市イ４３３７番１,約15坪,屋内（風除室含む）,グラスト,"40,000","40,000",要確認,,,,,,,,,,,
,イオンタウン,イオンタウン旭④　階段横,旭市イ４３３７番１,長机１台分程,屋内（風除室含む）,グラスト,"30,000","40,000",要確認,,,,,,,,,,,
,マルエツ,マルエツ八千代中央駅前,八千代市ゆりのき台３丁目１−６,2.0m×1.0m,屋内（風除室含む）,ダイエースペース,"15,000","20,000",要確認,,,,,,,,,,,
,UNICUS,UNICUS野田,野田市つつみ野１丁目１−２,3坪,屋内（風除室含む）,グラスト,"20,000","25,000",要確認,,,,,,,,,,,
,ディスカウントスーパーヒーロー,ディスカウントスーパーヒーロー佐原,香取市佐原ロ2119,長机1台分程,屋内（風除室含む）,グラスト,"40,000","40,000",要確認,,,,電源有り,,,,,,,
,おおたきショッピングプラザ・オリブ,おおたきショッピングプラザ・オリブ①　センターコート,夷隅郡大多喜町船子８６１,10坪,屋内（風除室含む）,グラスト,"9,000","9,000",要確認,,,,,,,,,,,
,おおたきショッピングプラザ・オリブ,おおたきショッピングプラザ・オリブ②　センターコート,夷隅郡大多喜町船子８６１,20坪,屋内（風除室含む）,グラスト,"13,000","13,000",要確認,,,,,,,,,,,
,おおたきショッピングプラザ・オリブ,おおたきショッピングプラザ・オリブ③　センターコート,夷隅郡大多喜町船子８６１,30坪,屋内（風除室含む）,グラスト,"17,000","17,000",要確認,,,,,,,,,,,
,ユーカリプラザ,ユーカリプラザ①　1階,佐倉市ユーカリが丘4-1-4,63.12坪,屋内（風除室含む）,グラスト,"20,000","25,000",要確認,,,,,,,,,,,
,ユーカリプラザ,ユーカリプラザ②　2階,佐倉市ユーカリが丘4-1-4,26.09坪,屋内（風除室含む）,グラスト,"20,000","25,000",要確認,,,,,,,,,,,
,ユーカリプラザ,ユーカリプラザ③　3階,佐倉市ユーカリが丘4-1-4,14.16坪,屋内（風除室含む）,グラスト,"20,000","25,000",要確認,,,,,,,,,,,
,イオン,イオン海浜幕張,千葉市美浜区ひび野１丁目３,長机2台程,屋内（風除室含む）,ダイエースペース,"20,000","30,000",要確認,,,,電源有り,,,,,,,
,マルエツ,マルエツ千葉幸町,千葉市美浜区幸町２丁目２３−１,長机1～2台分程,屋内（風除室含む）,グラスト,"25,000","30,000",要確認,,,,,,,,,,,
,TSUTAYA,TSUTAYA土気,千葉市緑区あすみが丘東2丁目26番地7,長机1~2台程,屋内（風除室含む）,グラスト,"35,000","35,000",要確認,,,,,,,,,,,
,TSUTAYA,TSUTAYA都賀,千葉市若葉区都賀3-31-5,長机1~2台程,屋内（風除室含む）,グラスト,"35,000","35,000",要確認,,,,,,,,,,,
,TSUTAYA,TSUTAYA行徳,市川市関ヶ島16-2,長机1~2台程,屋内（風除室含む）,グラスト,"35,000","35,000",要確認,,,,,,,,,,,
,TSUTAYA,TSUTAYA夏見台,船橋市夏見台5丁目16-1,長机1~2台程,屋内（風除室含む）,グラスト,"35,000","35,000",要確認,,,,,,,,,,,
,TSUTAYA,TSUTAYA二十世紀が丘,市川市堀之内3-31-16,長机1~2台程,屋内（風除室含む）,グラスト,"50,000","50,000",要確認,,,,,,,,,,,
,TSUTAYA,TSUTAYA咲が丘,船橋市咲が丘4-1-25,長机1~2台程,屋内（風除室含む）,グラスト,"35,000","35,000",要確認,,,,,,,,,,,
,TSUTAYA,TSUTAYA市川,市川市東大和田1-26-19,長机1~2台程,屋内（風除室含む）,グラスト,"35,000","35,000",要確認,,,,,,,,,,,
,TSUTAYA,TSUTAYA花見川,千葉市花見川区作新台6丁目19番地28号,長机1~2台程,屋内（風除室含む）,グラスト,"50,000","50,000",要確認,,,,,,,,,,,
,TSUTAYA,TSUTAYA北習志野駅前,船橋市習志野台2丁目1-6 2F,長机1~2台程,屋内（風除室含む）,グラスト,"50,000","50,000",要確認,,,,,,,,,,,
,TSUTAYA,幕張蔦屋書店,千葉市美浜区豊砂1-1,長机1~2台程,屋内（風除室含む）,グラスト,"50,000","50,000",要確認,,,,,,,,,,,
,TSUTAYA,精文館書店イオンタウンおゆみ野,千葉市緑区おゆみ野南5-37-1,長机1~2台程,屋内（風除室含む）,グラスト,"35,000","35,000",要確認,,,,,,,,,,,
,TSUTAYA,TSUTAYAＢＯＯＫＳＴＯＲＥテラスモール松戸,松戸市八ヶ崎二丁目8-1,長机1~2台程,屋内（風除室含む）,グラスト,"50,000","50,000",要確認,,,,,,,,,,,
,TSUTAYA,TSUTAYA鎌ヶ谷,鎌ｹ谷市右京塚3-3,長机1~2台程,屋内（風除室含む）,グラスト,"35,000","35,000",要確認,,,,,,,,,,,
,TSUTAYA,TSUTAYA三川屋国道,旭市二の436-2,長机1~2台程,屋内（風除室含む）,グラスト,"35,000","35,000",要確認,,,,,,,,,,,
,TSUTAYA,TSUTAYA流山,流山市東深井258,長机1~2台程,屋内（風除室含む）,グラスト,"35,000","35,000",要確認,,,,,,,,,,,
,TSUTAYA,TSUTAYA佐倉,佐倉市寺崎北6丁目1番地2,長机1~2台程,屋内（風除室含む）,グラスト,"50,000","50,000",要確認,,,,,,,,,,,
,TSUTAYA,多田屋佐原店,香取市佐原ｲ4187,長机1~2台程,屋内（風除室含む）,グラスト,"35,000","35,000",要確認,,,,,,,,,,,
,TSUTAYA,TSUTAYA浦安さくら通り,浦安市堀江1丁目35-17,長机1~2台程,屋内（風除室含む）,グラスト,"35,000","35,000",要確認,,,,,,,,,,,
,TSUTAYA,TSUTAYA館山,館山市八幡545-1,長机1~2台程,屋内（風除室含む）,グラスト,"35,000","35,000",要確認,,,,,,,,,,,
,TSUTAYA,TSUTAYA柏青葉台,柏市青葉台2-17-31,長机1~2台程,屋内（風除室含む）,グラスト,"35,000","35,000",要確認,,,,,,,,,,,
,TSUTAYA,TSUTAYA富津,富津市青木1丁目5番地1,長机1~2台程,屋内（風除室含む）,グラスト,"35,000","35,000",要確認,,,,,,,,,,,
,TSUTAYA,TSUTAYA勝田台,八千代市勝田台1-31-7,長机1~2台程,屋内（風除室含む）,グラスト,"35,000","35,000",要確認,,,,,,,,,,,
,TSUTAYA,TSUTAYA七光台,野田市七光台4-2,長机1~2台程,屋内（風除室含む）,グラスト,"35,000","35,000",要確認,,,,,,,,,,,
,TSUTAYA,TSUTAYA千葉ニュータウン,印西市中央南2-5,長机1~2台程,屋内（風除室含む）,グラスト,"35,000","35,000",要確認,,,,,,,,,,,
,TSUTAYA,TSUTAYA八千代台,八千代市八千代台東1-14-1,長机1~2台程,屋内（風除室含む）,グラスト,"35,000","35,000",要確認,,,,,,,,,,,
,TSUTAYA,TSUTAYA柏,柏市十余二254-188,長机1~2台程,屋内（風除室含む）,グラスト,"35,000","35,000",要確認,,,,,,,,,,,
,TSUTAYA,TSUTAYA増尾中原,柏市中原2丁目21-11,長机1~2台程,屋内（風除室含む）,グラスト,"35,000","35,000",要確認,,,,,,,,,,,
,TSUTAYA,TSUTAYA柏駅前,柏市柏1-2-31,長机1~2台程,屋内（風除室含む）,グラスト,"35,000","35,000",要確認,,,,,,,,,,,
,TSUTAYA,TSUTAYA鴨川,鴨川市貝渚中川間300,長机1~2台程,屋内（風除室含む）,グラスト,"35,000","35,000",要確認,,,,,,,,,,,
,TSUTAYA,蔦屋書店茂原,茂原市六ﾂ野八貫野2785番1,長机1~2台程,屋内（風除室含む）,グラスト,"50,000","50,000",要確認,,,,,,,,,,,
,TSUTAYA,精文館書店辰巳台,市原市辰巳台東1-2,長机1~2台程,屋内（風除室含む）,グラスト,"35,000","35,000",要確認,,,,,,,,,,,
,TSUTAYA,TSUTAYA流山おおたかの森駅前,流山市おおたかの森西一丁目1番地の1,長机1~2台程,屋内（風除室含む）,グラスト,"35,000","35,000",要確認,,,,,,,,,,,
,マルエツ,マルエツ船橋三山,船橋市三山９丁目 ９番地３１,長机1～2台分程,屋内（風除室含む）,ダイエースペース,"15,000","20,000",要確認,,,,,,,,,,,
,マルエツ,マルエツ津田沼南,習志野市津田沼６丁目２−１２,２．５ ｍ × １．５ ｍ （ １．２ 坪）,屋内（風除室含む）,ダイエースペース,"15,000","20,000",要確認,,,,電源有り,,,,,,,
,MEGAドン・キホーテ,①四街道店/屋上駐車場スペース※キャンペーン専用,四街道市めいわ2-1-1,45㎡,屋外,自由市場,"10,500","11,500",要確認,,,,ドコモ以外のキャリア開催不可,,,,,,,
,MEGAドン・キホーテ,②四街道店/1Fエレベーター前スペース,四街道市めいわ2-1-1,1.8㎡,屋内（風除室含む）,自由市場,"21,500","29,500",要確認,,,,ドコモ以外のキャリア開催不可,,,,,,,
,ドン・キホーテ,幕張店/店頭スペース,千葉市花見川区幕張町1-7782-1,1.8㎡,屋外,自由市場,"11,500","14,500",要確認,,,,,,,,,,,
,ドン・キホーテ,ドン・キホーテ原木西船橋,船橋市本郷町474-1,1.2㎡,屋外,グラスト,"15,000","17,000",要確認,,,,,,,,,,,
,ドン・キホーテ,千葉中央店/屋外スペース,千葉市中央区祐光3-10-6,8㎡,屋外,自由市場,"10,500","13,500",要確認,,,,,,,,,,,
,MEGAドン・キホーテ,①柏店/屋内1F出入口前催事スペース,柏市富里3-3-2,3.9㎡,屋内（風除室含む）,自由市場,"21,500","29,500",要確認,,,,,,,,,,,
,MEGAドン・キホーテ,②柏店/屋外出入口前イベントスペース,柏市富里3-3-2,27.2㎡,屋外,自由市場,"12,500","29,500",要確認,,,,,,,,,,,
,MEGAドン・キホーテ,①成田店/屋外スペース※キャンペーン専用,成田市ウイング土屋82番,10㎡,屋外,自由市場,"10,500","15,500",要確認,,,,,,,,,,,
,MEGAドン・キホーテ,②成田店/1F出入口前,成田市ウイング土屋82番,4.1㎡,屋内（風除室含む）,自由市場,"19,500","27,500",要確認,,,,,,,,,,,
,MEGAドン・キホーテ,八千代16号バイパス店/3階店頭1または2,八千代市村上1245,7.3㎡,屋内（風除室含む）,自由市場,"21,500","31,500",要確認,,,,,,,,,,,
,MEGAドン・キホーテ,①成東店/イベントスペースNo.206,山武市成東1808-1,41.7㎡,屋内（風除室含む）,自由市場,"12,000","15,000",要確認,,,,ドコモ以外のキャリア開催不可,,,,,,,
,MEGAドン・キホーテ,②成東店/フードコート前,山武市成東1808-1,1㎡,屋内（風除室含む）,自由市場,"13,500","18,500",要確認,,,,ドコモ以外のキャリア開催不可,,,,,,,
,MEGAドン・キホーテ,③成東店/1Fテナント空き区画《No.117》,山武市成東1808-1,59.5㎡,屋内（風除室含む）,自由市場,"17,500","22,500",要確認,,,,ドコモ以外のキャリア開催不可,,,,,,,
,セイミヤ,セイミヤ佐原牧野,香取市牧野25,長机1~2台程度,屋外,グラスト,"20,000","20,000",要確認,,,,,,,,,,,
,セイミヤ,セイミヤ佐原玉造,香取市玉造2-1-3,長机1~2台程度,屋外,グラスト,"20,000","20,000",要確認,,,,,,,,,,,
,セイミヤ,セイミヤ成田芝山,山武郡芝山町岩山2264-14,長机1~2台程度,屋外,グラスト,"20,000","20,000",要確認,,,,,,,,,,,
,セイミヤ,セイミヤ榎戸,八街市八街ろ175-1,長机1~2台程度,屋外,グラスト,"20,000","20,000",要確認,,,,,,,,,,,
,セイミヤ,セイミヤ多古,香取郡多古町多古500-1,長机1~2台程度,屋外,グラスト,"20,000","20,000",要確認,,,,,,,,,,,
,セイミヤ,セイミヤ松尾,山武市松尾町五反田3015-1,長机1~2台程度,屋外,グラスト,"20,000","20,000",要確認,,,,,,,,,,,
,セイミヤ,セイミヤ銚子四日市場,銚子市四日市場町221-1,長机1~2台程度,屋外,グラスト,"20,000","20,000",要確認,,,,,,,,,,,
,東急スポーツオアシス,東急スポーツオアシス習志野24Plus,習志野市東習志野7-1-22,長机1～2台分,屋内（風除室含む）,グラスト,"35,000","35,000",要確認,,,,,,,,,,,
,東急スポーツオアシス,東急スポーツオアシス松戸24Plus,松戸市八ヶ崎2ｰ8-1 テラスモール松戸1・2F,長机1～2台分,屋内（風除室含む）,グラスト,"35,000","35,000",要確認,,,,,,,,,,,
,かずさのお風呂屋さん,かずさのお風呂屋さん,木更津市清見台南5-1-40,長机1台分程,屋内（風除室含む）,グラスト,"10,000","10,000",要確認,,,,備品貸出不可,,,,,,,
,WonderGOO,WonderGOO野田桜の里,野田市桜の里2-2-1,長机1～2台分程,屋外,グラスト,"40,000","40,000",要確認,,,,,,,,,,,
,WonderGOO,WonderGOO鎌ヶ谷,鎌ヶ谷市東鎌ヶ谷1-6,長机1～2台分程,屋外,グラスト,"40,000","40,000",要確認,,,,,,,,,,,
,流山おおたかの森S・C,流山おおたかの森S・C①　イーストプラザエスカレーター前,流山市おおたかの森南1-5-1,約3坪,屋内（風除室含む）,グラスト,"120,000","180,000",実施不可,,,,,,,,,,,
,流山おおたかの森S・C,流山おおたかの森S・C②　ウエストプラザ1階エスカレーター前,,約2坪,屋内（風除室含む）,グラスト,"120,000","180,000",実施不可,,,,,,,,,,,
,流山おおたかの森S・C,流山おおたかの森S・C③　ウエストプラザ1階メゾン壁面側,,約1坪,屋内（風除室含む）,グラスト,"120,000","180,000",要確認,,,,,,,,,,,
,流山おおたかの森S・C,流山おおたかの森S・C④　3階エスカレーター横,,約1坪,屋内（風除室含む）,グラスト,"60,000","120,000",要確認,,,,,,,,,,,
,流山おおたかの森S・C,流山おおたかの森S・C⑤　フラップス1階催事場,,約2坪,屋内（風除室含む）,グラスト,"240,000","360,000",要確認,,,,,,,,,,,
,キャッツアイ,キャッツアイ八千代,八千代市緑が丘西2丁目13番地3 ism緑が丘内,長机1~2台分,屋内（風除室含む）,グラスト,"20,000","20,000",要確認,,,,人数や区画は都度確認,,,,,,,
,イオンタウン,イオンタウン松ヶ崎,柏市大山台１丁目６,L字で長机2台分程,屋内（風除室含む）,ダイエースペース,"20,000","25,000",要確認,,,,"電気料500円/日、サイネージ2,000円/実施期間毎",,,,,,,
,ユニディ,ユニディ曽谷①　入口前,市川市曽谷1-31-14,1.2㎡程度,屋内（風除室含む）,場所とる,"25,000","30,000",要確認,,,,,,,,,,,
,ユニディ,ユニディ曽谷②　1階入口前軒先,市川市曽谷1-31-14,4㎡程度,屋外,場所とる,"15,000","17,000",要確認,,,,,,,,,,,
,ユニディ,ユニディ曽谷②　1階駐車場スペース,市川市曽谷1-31-14,4㎡程度,屋外,場所とる,"15,000","17,000",要確認,,,,,,,,,,,
,ユニディ,ユニディ菅野①　1階催事スペース,市川市菅野6-7-1,2.8㎡程度,屋内（風除室含む）,場所とる,"25,000","30,000",要確認,,,,,,,,,,,
,ユニディ,ユニディ菅野②　催事スペース,市川市菅野6-7-1,30㎡程度,屋外,場所とる,"8,500","10,000",要確認,,,,,,,,,,,
,ユニディ,ユニディ千鳥町①　1階催事スペース,市川市千鳥町1,6㎡程度,屋内（風除室含む）,場所とる,"25,000","30,000",要確認,,,,,,,,,,,
,ユニディ,ユニディ千鳥町②　催事スペース,市川市千鳥町1,17㎡程度,屋外,場所とる,"15,000","17,000",,,,,,,,,,,,
,ユニディ,ユニディ松戸ときわ平①　2階エスカレーター横階段前,松戸市牧の原2-38,6.4㎡程度,屋内（風除室含む）,場所とる,"25,000","30,000",要確認,,,,,,,,,,,
,ユニディ,ユニディ松戸ときわ平②　1階　催事スペース,松戸市牧の原2-38,7.2㎡程度,屋内（風除室含む）,場所とる,"25,000","30,000",要確認,,,,,,,,,,,
,ユニディ,ユニディ我孫子,我孫子市湖北台8-7-8,長机1～2台分,屋外,場所とる,"15,000","17,000",要確認,,,,,,,,,,,
,道の駅,道の駅むつざわつどいの郷,長生郡睦沢町森2−1,,屋内（風除室含む）,グラスト,"3,000","3,000",要確認,,,,別途当日現地精算(50円/㎡/時間),,,,,,,
,コープみらい,コープ東深井,流山市東深井228-1,長机1~2台分,屋内（風除室含む）,グラスト,"30,000","30,000",要確認,,,,,,,,,,,
,コープみらい,コープ八千代,八千代市大和田新田410-1,長机1~2台分程,屋内（風除室含む）,グラスト,"30,000","30,000",要確認,,,,,,,,,,,
,コープみらい,コープ市川,市川市鬼高３-２８-１６　ｼﾖｯﾌﾟｽ内,長机1~2台分程,屋内（風除室含む）,グラスト,"30,000","30,000",要確認,,,,,,,,,,,
,BOOKOFF SUPER BAZAAR,BOOKOFFSUPERBAZAAR東千葉祐光,千葉市中央区祐光3-2,長机1台～,屋内（風除室含む）,場所とる,"35,000","35,000",要確認,,,,,,,,,,,
,BOOKOFF,BOOKOFF千葉花見川,千葉市花見川区作新台6-13-1,長机1台～,屋内（風除室含む）,グラスト,"45,000","45,000",要確認,,,,,,,,,,,
,BOOKOFF SUPER BAZAAR,BOOKOFFSUPERBAZAAR14号千葉幕張,千葉市花見川区幕張町4-544-6,長机1台～,屋内（風除室含む）,グラスト,"45,000","45,000",要確認,,,,,,,,,,,
,BOOKOFF SUPER BAZAAR,BOOKOFFSUPERBAZAARショップス市川,市川市鬼高3-28-16 ショップス2階,長机1台～,屋内（風除室含む）,グラスト,"45,000","45,000",要確認,,,,,,,,,,,
,BOOKOFF SUPER BAZAAR,BOOKOFFSUPERBAZAARビビット南船橋,船橋市浜町2-2-7 ビビット南船橋3F,長机1台～,屋内（風除室含む）,グラスト,"45,000","45,000",要確認,,,,,,,,,,,
,BOOKOFF SUPER BAZAAR,BOOKOFFSUPERBAZAAR松戸駅東口,松戸市松戸1230-1 ピアザ松戸5・6F,長机1台～,屋内（風除室含む）,グラスト,"45,000","45,000",要確認,,,,,,,,,,,
,BOOKOFF SUPER BAZAAR,BOOKOFFSUPERBAZAARイトーヨーカドー流山,流山市流山9-800-2 イトーヨーカドー流山店３F,長机1台～,屋内（風除室含む）,グラスト,"45,000","45,000",要確認,,,,,,,,,,,
,BOOKOFF PLUS,BOOKOFFPLUS千葉仁戸名,千葉市中央区仁戸名町720-34,長机1台～,屋内（風除室含む）,グラスト,"45,000","45,000",要確認,,,,,,,,,,,
,マルエツ,マルエツ市川菅野,市川市菅野４丁目１８−１３,0.8坪,屋内（風除室含む）,ダイエースペース,"15,000","20,000",要確認,,,,,,,,,,,
,TSUTAYA,TSUTAYABOOKSTORE印西ビッグホップ,印西市原1-2,長机1~2台程,屋内（風除室含む）,グラスト,"45,000","45,000",要確認,,,,,,,,,,,
,マルエツ,マルエツ北松戸,松戸市上本郷２２２０−１,長机1～2台分程,屋内（風除室含む）,グラスト,"25,000","30,000",要確認,,,,,,,,,,,
,マルエツ,マルエツ白井,白井市堀込1-2-10,要確認,屋内（風除室含む）,ダイエースペース,"15,000","20,000",要確認,,,,,,,,,,,
,マルエツ,マルエツ国分寺台店,市原市南国分寺台3-9-1,要確認,屋内（風除室含む）,ダイエースペース,"15,000","20,000",要確認,,,,,,,,,,,
,マルエツ,マルエツ野々下店,流山市野々下6-1038-5,要確認,屋内（風除室含む）,ダイエースペース,"15,000","20,000",要確認,,,,,,,,,,,
,マルエツ,マルエツ小林店,印西市小林北2-10,要確認,屋内（風除室含む）,ダイエースペース,"15,000","20,000",要確認,,,,,,,,,,,
,マルエツ,マルエツ初石店,流山市東初石3-94-1,要確認,屋内（風除室含む）,ダイエースペース,"15,000","20,000",要確認,,,,,,,,,,,
,マルエツ,マルエツ東中山店,船橋市東中山1-24-11,要確認,屋内（風除室含む）,ダイエースペース,"15,000","20,000",要確認,,,,,,,,,,,
,マルエツ,マルエツ流山おおたかの森店,流山市おおたかの森東二丁目1番地の1,要確認,屋内（風除室含む）,ダイエースペース,"15,000","20,000",要確認,,,,,,,,,,,
,マルエツ,マルエツフォレストモール印西牧の原店,印西市滝野3-1,要確認,屋内（風除室含む）,ダイエースペース,"15,000","20,000",要確認,,,,,,,,,,,
,コーナンPRO,コ－ナンPRO松ヶ丘インター,千葉市中央区星久喜町1158番地54,長机1～2台分程,屋内（風除室含む）,グラスト,"35,000","35,000",要確認,,,,,,,,,,,
,コーナン,コーナンイオン海浜幕張,葉市美浜区ひび野１丁目３ イオン海浜幕張店1F,長机1～2台分程,屋内（風除室含む）,グラスト,"35,000","35,000",要確認,,,,,,,,,,,
,グルメシティ,グルメシティ千葉中央,千葉市中央区中央４丁目５−１ きぼーる内,長机1台分程,屋内（風除室含む）,場所とる,"20,000","25,000",要確認,,,,,,,,,,,
,パサール,幕張PA(下り),千葉市花見川区幕張町2-2547-1,長机1~2台程,屋内（風除室含む）,グラスト,"23,000","23,000",要確認,,,,,,,,,,,
,マックスバリュ,マックスバリュ木更津請西,木更津市請西南2-27-1,長机1台分程,屋内（風除室含む）,グラスト,"25,000","30,000",要確認,,,,,,,,,,,
,マックスバリュ,マックスバリュ木更津太田,木更津市太田4丁目18,長机1台分程,屋内（風除室含む）,場所とる,"20,000","25,000",要確認,,,,,,,,,,,
,博文堂書店,博文堂書店君津,君津市中野5-17-1 イオンタウン君津内,5.04㎡,屋内（風除室含む）,グラスト,"17,350","20,500",要確認,,,,,,,,,,,
,堀江良文堂書店,堀江良文堂松戸書店①　軒先（店舗階段側入口）,松戸市松戸１－１２２５良文堂ビル,0.8m×0.9m,屋内（風除室含む）,グラスト,"25,750","31,000",要確認,,,,,,,,,,,
,堀江良文堂書店,堀江良文堂松戸書店②	軒先（店舗入り口）,松戸市松戸１－１２２５良文堂ビル,2.1m×1.5m,屋内（風除室含む）,グラスト,"26,800","31,000",要確認,,,,,,,,,,,
,いなげや,いなげや千葉桜木,千葉市若葉区桜木8-15-11,長机1~2台分程,屋外,場所とる,"23,000","23,000",要確認,,,,,,,,,,,
,いなげや,いなげや木更津請西,木更津市請西2-9-1,長机1~2台分程,屋内（風除室含む）,グラスト,"28,000","28,000",要確認,,,,,,,,,,,
,いなげや,いなげや君津,君津市外箕輪2-26-1,長机1~2台分程,屋外,場所とる,"23,000","23,000",要確認,,,,auNG／連続3日間以上開催,,,,,,,
,HUMAXシネマズ成田,HUMAXシネマズ成田,成田市ウイング土屋80 ヒューマックスパビリオン成田 2階,長机1～2台程度,屋内（風除室含む）,場所とる,"40,800","66,000",要確認,,,,,,,,,,,
,NAS,NAS松戸,松戸市本町4-1,長机1～2台程度,屋内（風除室含む）,場所とる,"30,000","30,000",要確認,,,,,,,,,,,
,NAS,NASおゆみ野,千葉市緑区おゆみ野5-43-2,長机1～2台程度,屋内（風除室含む）,場所とる,"30,000","30,000",要確認,,,,,,,,,,,
,NAS,NAS新鎌ヶ谷,鎌ケ谷市新鎌ケ谷2-12-1 アクロスモール,長机1～2台程度,屋内（風除室含む）,場所とる,"30,000","30,000",要確認,,,,,,,,,,,
,カスミ,カスミフードスクエア南小川,千葉県銚子市南小川町724番地,長机1台分程,屋内（風除室含む）,グラスト,"30,000","30,000",要確認,,,,,,,,,,,
,カスミ,カスミ八街朝日,千葉県八街市八街に252-6,長机1～2台分程,屋内（風除室含む）,グラスト,"30,000","30,000",要確認,,,,,,,,,,,
,カスミ,カスミ大網店,千葉県大網白里市柿餅117-1,店頭軒下,屋外,スペースラボ,,,実施可能,,,,,,,,,,,
,カスミ,カスミ成東店,千葉県山武市成東486-1,風除室,屋内（風除室含む）,スペースラボ,,,実施不可,,,,,,,,,,,
,カスミ,カスミ睦沢店,千葉県長生郡睦沢町上之郷２０３５,,,スペースラボ,,,実施不可,,,,,,,,,,,
,カスミ,カスミ旭店,千葉県旭市ハ320,レジアウト,屋内（風除室含む）,スペースラボ,,,実施可能,,,,,,,,,,,
,カスミ,カスミ茂原マーケットプレイス店,千葉県茂原市茂原１０,,,スペースラボ,,,実施不可,,,,,,,,,,,
,カスミ,フードマーケットカスミ多古店,千葉県香取郡多古町多古2000-138,イートインコーナー一画,屋内（風除室含む）,スペースラボ,,,実施可能,,,,,,,,,,,
,カスミ,カスミ湖北店,千葉県我孫子市湖北台1丁目18番7号,店頭スペース,屋外,スペースラボ,,,実施可能,,,,,,,,,,,
,カスミ,カスミフードスクエア我孫子寿店,千葉県我孫子市寿2丁目25番41号,風除室,屋内（風除室含む）,スペースラボ,,,要確認,,,,,,,,,,,
,カスミ,カスミフードスクエア西の原店,千葉県印西市西の原二丁目2番2,休憩スペース,屋内（風除室含む）,スペースラボ,,,実施可能,,,,,,,,,,,
,カスミ,カスミフードスクエア西の原店,千葉県印西市西の原二丁目2番2,パン屋側出入口横,屋内（風除室含む）,スペースラボ,,,実施可能,,,,,,,,,,,
,カスミ,カスミフードスクエア匝瑳店,千葉県匝瑳市八日市場ホ1番地1,イートインスペース,屋内（風除室含む）,スペースラボ,,,実施可能,,,,,,,,,,,
,カスミ,カスミ三里塚店,千葉県成田市西三里塚253-1,デリカ側入り口付近,屋内（風除室含む）,スペースラボ,,,実施可能,,,,,,,,,,,
,カスミ,カスミ三里塚店,千葉県成田市西三里塚253-1,青果側風除室,屋内（風除室含む）,スペースラボ,,,実施可能,,,,,,,,,,,
,カスミ,カスミフードスクエア流山おおたかの森店,千葉県流山市おおたかの森北三丁目４１番地の2,入り口エスカレーター付近,屋内（風除室含む）,スペースラボ,,,実施可能,,,,,,,,,,,
,カスミ,カスミフードスクエア柏千代田店,千葉県柏市千代田2丁目7番11号,青果側風除室,屋内（風除室含む）,スペースラボ,,,実施可能,,,,,,,,,,,
,カスミ,カスミフードスクエア柏中新宿店,千葉県柏市中新宿3-11-1,休憩スペース,屋内（風除室含む）,スペースラボ,,,実施可能,,,,,,,,,,,
,カスミ,カスミフードスクエア南柏駅前店,千葉県柏市南柏中央3-2,青果側元テナント空区画,屋内（風除室含む）,スペースラボ,,,実施可能,,,,,,,,,,,
,カスミ,カスミ柏たなか駅前店,千葉県柏市小青田1丁目1番地14,休憩スペース一画,屋内（風除室含む）,スペースラボ,,,要確認,,,,,,,,,,,
,カスミ,カスミ大芝店,千葉県茂原市大芝一丁目3番地9,,,スペースラボ,,,実施不可,,,,,,,,,,,
,カスミ,カスミフードスクエア茂原店,千葉県茂原市高師台3丁目1番地12,屋外スペース,屋外,スペースラボ,,,実施可能,,,,,,,,,,,
,カスミ,カスミフードスクエア成田赤坂店,千葉県成田市赤坂3-4-1,サービスカウンター前（セルフレジ付近）,屋内（風除室含む）,スペースラボ,,,要確認,,,,,,,,,,,
,カスミ,カスミフードスクエアイオンタウン木更津朝日店,千葉県木更津市朝日3-10-19,,,スペースラボ,,,実施不可,,,,,,,,,,,
,カスミ,カスミ銚子松岸店,千葉県銚子市松岸町3-216-1,入り口横,屋内（風除室含む）,スペースラボ,,,実施可能,,,,,,,,,,,
,カスミ,カスミフードスクエア本八幡店,千葉県市川市八幡3-3-3,イートインスペース一画,屋内（風除室含む）,スペースラボ,,,実施不可,,,,,,,,,,,
,カスミ,カスミフードスクエア本八幡店,千葉県市川市八幡3-3-3,レジアウト,屋内（風除室含む）,スペースラボ,,,実施不可,,,,,,,,,,,
,カスミ,カスミフードスクエア千城台店,千葉県千葉市若葉区千城台南4-1-3,イートインコーナー,屋内（風除室含む）,スペースラボ,,,実施不可,,,,,,,,,,,
,カスミ,カスミフードスクエア高根台店,千葉県船橋市高根台1丁目2番8号,風除室,屋内（風除室含む）,スペースラボ,,,実施可能,,,,,,,,,,,
,カスミ,カスミフードスクエア高根台店,千葉県船橋市高根台1丁目2番8号,反対側入口付近,屋内（風除室含む）,スペースラボ,,,実施可能,,,,,,,,,,,
,カスミ,カスミフードスクエアあすみが丘店,千葉県千葉市緑区あすみが丘７丁目１番,,,スペースラボ,,,実施不可,,,,,,,,,,,
,カスミ,カスミフードスクエア咲が丘店,千葉県船橋市咲が丘3丁目29番1号,風除室,屋内（風除室含む）,スペースラボ,,,実施可能,,,,,,,,,,,
,カスミ,カスミフードスクエア押堀店,千葉県東金市押堀33,イートインスペース,屋内（風除室含む）,スペースラボ,,,要確認,,,,,,,,,,,
,カスミ,カスミ原山店,千葉県印西市原山3-2,入り口横,屋内（風除室含む）,スペースラボ,,,実施不可,,,,,,,,,,,
,カスミ,カスミ八街店,千葉県八街市八街ほ964-1,店内出入り口横,屋内（風除室含む）,スペースラボ,,,実施可能,,,,,,,,,,,
,カスミ,カスミフードスクエア新木駅前店,千葉県我孫子市南新木2丁目1-1,イートイン横,屋内（風除室含む）,スペースラボ,,,実施不可,,,,,,,,,,,
,カスミ,カスミフードスクエア横芝光店,千葉県山武郡横芝光町横芝2113,風除室,屋内（風除室含む）,スペースラボ,,,実施可能,,,,,,,,,,,
,カスミ,カスミフードスクエアゆりのき台店,千葉県八千代市ゆりのき台3-4-1,風除室,屋内（風除室含む）,スペースラボ,,,実施可能,,,,,,,,,,,
,カスミ,カスミ八千代大和田店,千葉県八千代市大和田新田273-1,右側入り口横,屋内（風除室含む）,スペースラボ,,,実施可能,,,,,,,,,,,
,カスミ,カスミフードスクエア東習志野店,千葉県習志野市東習志野７丁目1-146,イートインスペース,屋内（風除室含む）,スペースラボ,,,実施可能,,,,,,,,,,,
,カスミ,カスミフードスクエアライフガーデン茂原店,千葉県茂原市六ツ野八貫野2785番1,店頭軒下,屋外,スペースラボ,,,実施不可,,,,,,,,,,,
,カスミ,カスミ東郷店,千葉県茂原市谷本2122番地,サッカー台裏,屋内（風除室含む）,スペースラボ,,,実施可能,,,,,,,,,,,
,カスミ,カスミフードスクエア千葉みなと店,千葉県千葉市美浜区幸町1丁目12番6号,駐車場,屋外,スペースラボ,,,実施可能,,,,,,,,,,,
,カスミ,カスミフードスクエア稲毛海岸店,千葉県千葉市美浜区真砂1丁目2番4号,風除室,屋内（風除室含む）,スペースラボ,,,実施可能,,,,,,,,,,,
,イオン,イオン鴨川①　1F レジ前食品,千葉県鴨川市横渚973-1,9㎡ / 3坪,屋内（風除室含む）,場所とる,"35,000","40,000",要確認,,,,都度申請※決裁の都合上、開催日の1か月前締め切り/回答まで1週間前後,,,,,,,
,ライフ,ライフ宮野木店,千葉県千葉市花見川区畑町585-1,,,ライフ,"40,000","40,000",実施可能,,,,,,,,,,,
,ライフ,ライフ松戸二十世紀が丘店,千葉県松戸市二十世紀が丘中松町97,,,ライフ,"40,000","40,000",実施不可,,,,,,,,,,,
,ライフ,ライフ市川国分店,千葉県市川市国分2-13-16,,,ライフ,"40,000","40,000",実施可能,,,,,,,,,,,
,ライフ,ライフ増尾店,千葉県柏市増尾台3-5-15,サービスカウンター横,屋内（風除室含む）,ライフ,"40,000","40,000",実施不可,,,,,,,,,,,
,ライフ,ライフ佐倉店,千葉県佐倉市大崎台1-18-4,入口横スペース,屋内（風除室含む）,ライフ,"40,000","40,000",実施可能,,,,L字で長机2本程度,,,,,,,
,イオン,イオン鴨川②　1F 神社側お客さま出入口,千葉県鴨川市横渚973-1,15㎡ / 5坪,屋外,場所とる,"10,000","15,000",要確認,,,,都度申請※決裁の都合上、開催日の1か月前締め切り/回答まで1週間前後,,,,,,,
,イオン,イオン鴨川③　1F セントラルコート①,千葉県鴨川市横渚973-1,5㎡ / 1坪,屋内（風除室含む）,場所とる,"25,000","27,000",要確認,,,,都度申請※決裁の都合上、開催日の1か月前締め切り/回答まで1週間前後,,,,,,,
,イオン,イオン鴨川③　1F セントラルコート①,千葉県鴨川市横渚973-1,5㎡ / 1坪,屋内（風除室含む）,場所とる,"25,000","29,000",要確認,,,,都度申請※決裁の都合上、開催日の1か月前締め切り/回答まで1週間前後,,,,,,,
,イオン,イオンノア店①　1F 屋外(スキップロード),千葉県野田市中根36-1,68㎡ / 21坪,屋外,スペースラボ,要確認,要確認,実施不可,,,,都度申請※決裁の都合上、開催日の1か月前締め切り/回答まで1週間前後,,,,,,,
,イオン,イオンノア店②　1F 時計の広場,千葉県野田市中根36-1,90㎡ / 27坪,屋内（風除室含む）,スペースラボ,要確認,要確認,実施不可,,,,都度申請※決裁の都合上、開催日の1か月前締め切り/回答まで1週間前後,,,,,,,
,イオン,イオン市川妙典店①　2F 2番街タイトー前,千葉県市川市妙典5-3-1,8㎡ / 2坪,屋内（風除室含む）,スペースラボ,要確認,要確認,実施不可,,,,都度申請※決裁の都合上、開催日の1か月前締め切り/回答まで1週間前後,,,,,,,
,イオン,イオン市川妙典店②　3F エレベーター前,千葉県市川市妙典5-3-1,17㎡ / 5坪,屋内（風除室含む）,スペースラボ,要確認,要確認,実施不可,,,,都度申請※決裁の都合上、開催日の1か月前締め切り/回答まで1週間前後,,,,,,,
,イオン,イオン市川妙典店①　2F スタバ横,千葉県市川市妙典5-3-1,5㎡ / 1坪,屋内（風除室含む）,スペースラボ,要確認,要確認,実施不可,,,,都度申請※決裁の都合上、開催日の1か月前締め切り/回答まで1週間前後,,,,,,,
,イオン,ピーコック豊四季台店,柏市豊四季台4-1-20,要確認,屋内（風除室含む）,ダイエースペース,"15,000","20,000",要確認,,,,,,,,,,,
,イオン,イオン旭店,旭市イ-2676,要確認,屋内（風除室含む）,ダイエースペース,"15,000","20,000",要確認,,,,,,,,,,,
,イオン,マリンピア(本館),千葉市美浜区高洲3丁目13-1,要確認,屋内（風除室含む）,ダイエースペース,"25,000","35,000",要確認,,,,,,,,,,,
,イオンタウン,イオンタウン木更津朝日①　インフォメーション前,木更津市朝日3-10-19,3坪程度,屋内（風除室含む）,場所とる,"27,000","27,000",要確認,,,,,,,,,,,
,イオンタウン,イオンタウン木更津朝日②　中央ESC横AED前,木更津市朝日3-10-19,1.2坪程度,屋内（風除室含む）,場所とる,"27,000","27,000",要確認,,,,,,,,,,,
,イオンタウン,イオンタウン木更津朝日③　1階ジョイフル恵利跡,木更津市朝日3-10-19,31坪程度,屋内（風除室含む）,場所とる,"27,000","27,000",要確認,,,,,,,,,,,
,イオンタウン,イオンタウン木更津朝日④　1階ノースコート,木更津市朝日3-10-19,12坪程度,屋内（風除室含む）,場所とる,"27,000","27,000",要確認,,,,,,,,,,,
,ドン・キホーテ,①茂原店/屋外スペース※キャンペーン専用,千葉県茂原市茂原1575-2,5.3㎡,屋外,自由市場,"15,000","20,000",要確認,,,,,,,,,,,
,ドン・キホーテ,②茂原店/屋外イベントスペース,千葉県茂原市茂原1575-2,9㎡,屋外,自由市場,"10,000","15,000",要確認,,,,,,,,,,,
,ドン・キホーテ,UNY市原店/1F屋内店頭スペース,千葉県市原市青柳北一丁目1番,3.5㎡,屋内（風除室含む）,自由市場,"25,500","31,500",要確認,,,,,,,,,,,
,ドン・キホーテ,浜野店/屋外スペース※キャンペーン専用,千葉県千葉市中央区村田町893,12.5㎡,屋外,自由市場,"13,500","15,500",要確認,,,,,,,,,,,
,ドン・キホーテ,木更津店/屋外スペース,千葉県木更津市請西南2-21-2,1.1㎡,屋外,自由市場,"13,500","18,500",要確認,,,,,,,,,,,
,ドン・キホーテ,君津店/屋外催事スペース※キャンペーン専用,千葉県君津市東坂田1-7-1,13.8㎡,屋外,自由市場,"8,500","13,500",要確認,,,,,,,,,,,
,ドン・キホーテ,船橋南口店/1階出口横イベントスペース,千葉県船橋市本町1-7-6,2.2㎡,屋内（風除室含む）,自由市場,"20,500","25,500",要確認,,,,,,,,,,,
,ドン・キホーテ,ピカソ南行徳駅前店/屋外スペース2,千葉県 市川市相之川4-6-10,2㎡,屋外,自由市場,"12,500","21,500",要確認,,,,,,,,,,,
,ドン・キホーテ,館山店/屋外看板下イベントスペース,千葉県館山市安布里１６３−３,15㎡,屋外,自由市場,"19,500","29,500",要確認,,,,,,,,,,,
,ドン・キホーテ,牧の原モア店/1階屋内風除室イベントスペース,千葉県印西市牧の原１丁目３番,2.6㎡,屋内（風除室含む）,自由市場,"23,500","30,500",要確認,,,,,,,,,,,
,ドン・キホーテ,①旭店/屋外店頭スペース,千葉県旭市鎌数4339-1,6.3㎡,屋外,自由市場,"12,000","15,000",要確認,,,,,,,,,,,
,ドン・キホーテ,②旭店/1階屋内レジアウトイベントスペース,千葉県旭市鎌数4339-1,3㎡,屋内（風除室含む）,自由市場,"23,500","30,500",要確認,,,,,,,,,,,
,ドン・キホーテ,②旭店/1階屋内レジアウトイベントスペース,千葉県旭市鎌数4339-1,3㎡,屋内（風除室含む）,自由市場,"23,500","32,500",要確認,,,,,,,,,,,
,ドン・キホーテ,②旭店/1階屋内レジアウトイベントスペース,千葉県旭市鎌数4339-1,3㎡,屋内（風除室含む）,自由市場,"23,500","30,500",要確認,,,,,,,,,,,
,ドン・キホーテ,②旭店/1階屋内レジアウトイベントスペース,千葉県旭市鎌数4339-1,3㎡,屋内（風除室含む）,自由市場,"23,500","30,500",要確認,,,,,,,,,,,
,カインズ,カインズホームスーパーセンター旭飯岡,旭市三川字犬林セの4334-1,要確認,屋内（風除室含む）,場所とる,"23,000","25,000",要確認,,,,,,,,,,,
,カインズ,カインズホームスーパーセンター香取小見川①　カインズ側入口,香取市野田450,2.2m×1.1m程度,屋内（風除室含む）,場所とる,"23,000","25,000",要確認,,,,,,,,,,,
,カインズ,カインズホームスーパーセンター香取小見川②　ベイシア側入口,香取市野田450,3.6m×1.6m程度,屋内（風除室含む）,場所とる,"23,000","25,000",要確認,,,,,,,,,,,
,カインズ,カインズホームスーパーセンター八日市場,匝瑳市八日市場ロ字横田118,要確認,屋内（風除室含む）,場所とる,"23,000","25,000",要確認,,,,,,,,,,,
,カインズ,カインズホーム旭,旭市ニ字白塚5396-1,要確認,屋内（風除室含む）,場所とる,"23,000","25,000",要確認,,,,,,,,,,,
,カインズ,カインズホーム鴨川,鴨川市八色266,要確認,屋内（風除室含む）,場所とる,"23,000","25,000",要確認,,,,,,,,,,,
,カインズ,カインズホーム館山,館山市高井字上畑作1771,要確認,屋内（風除室含む）,場所とる,"23,000","25,000",要確認,,,,,,,,,,,
,カインズ,カインズホーム佐倉,佐倉市寺崎北6-2-6,要確認,屋内（風除室含む）,場所とる,"23,000","25,000",要確認,,,,,,,,,,,
,カインズ,カインズホーム市原,市原市更級3-1-1,要確認,屋内（風除室含む）,場所とる,"23,000","25,000",要確認,,,,,,,,,,,
,カインズ,カインズホーム千葉ニュータウン①　テナント通路,印西市泉野1-144-6,2m×1.5m程度,屋内（風除室含む）,場所とる,"23,000","25,000",要確認,,,,,,,,,,,
,カインズ,カインズホーム千葉ニュータウン②　左側,印西市泉野1-144-6,2m×1.5m坪程度,屋内（風除室含む）,場所とる,"23,000","25,000",要確認,,,,,,,,,,,
,カインズ,カインズホーム大原,いすみ市日在274,要確認,屋内（風除室含む）,場所とる,"23,000","25,000",要確認,,,,,,,,,,,
,カインズ,カインズホーム銚子,銚子市芦崎町810,要確認,屋内（風除室含む）,場所とる,"23,000","25,000",要確認,,,,,,,,,,,
,カインズ,カインズホーム八街①　催事スペース,八街市八街字初番杭は21-14,要確認,屋内（風除室含む）,場所とる,"23,000","25,000",要確認,,,,,,,,,,,
,カインズ,カインズホーム八街②　催事スペース,八街市八街字初番杭は21-14,2m×1.5m程度,屋内（風除室含む）,場所とる,"23,000","25,000",要確認,,,,,,,,,,,
,カインズ,カインズホーム富津,富津市青木1-1-1,1.5m×1.0m程度,屋内（風除室含む）,場所とる,"23,000","25,000",要確認,,,,,,,,,,,
,カインズ,カインズホーム幕張,習志野市芝園1-2-1,要確認,屋内（風除室含む）,場所とる,"23,000","25,000",要確認,,,,,,,,,,,
,カインズ,カインズホーム茂原,茂原市腰当653-1,要確認,屋内（風除室含む）,場所とる,"23,000","25,000",要確認,,,,,,,,,,,
,カインズ,カインズホーム木更津金田,木更津市金田東3-1-3,要確認,屋内（風除室含む）,場所とる,"23,000","25,000",要確認,,,,,,,,,,,
,ゆみーる鎌取,ゆみーる鎌取ショッピングセンター①　はなまるうどん横催事場,千葉市緑区おゆみ野3-16,14坪程度,屋内（風除室含む）,場所とる,"68,000","128,000",要確認,,,,auNG,,,,,,,
,ゆみーる鎌取,ゆみーる鎌取ショッピングセンター②　1階イベントスペース,千葉市緑区おゆみ野3-16,32坪程度,屋内（風除室含む）,場所とる,"108,000","158,000",要確認,,,,auNG,,,,,,,
,郵便局,若葉郵便局50010,千葉市中央区中央2-9-10,要確認,屋内（風除室含む）,場所とる,"20,000","20,000",要確認,,,,,,,,,,,
,郵便局,,,要確認,屋内（風除室含む）,場所とる,"10,000","10,000",要確認,,,,,,,,,,,
,郵便局,,,要確認,屋内（風除室含む）,場所とる,"10,000","10,000",要確認,,,,,,,,,,,
,郵便局,,,要確認,屋内（風除室含む）,場所とる,"10,000","10,000",要確認,,,,,,,,,,,
,郵便局,,,要確認,屋内（風除室含む）,場所とる,"10,000","10,000",要確認,,,,,,,,,,,
,郵便局,,,要確認,屋内（風除室含む）,場所とる,"10,000","10,000",要確認,,,,,,,,,,,
,郵便局,,,要確認,屋内（風除室含む）,場所とる,"10,000","10,000",要確認,,,,,,,,,,,
,郵便局,,,要確認,屋内（風除室含む）,場所とる,"10,000","10,000",要確認,,,,,,,,,,,
,郵便局,,,要確認,屋内（風除室含む）,場所とる,"10,000","10,000",要確認,,,,,,,,,,,
,郵便局,,,要確認,屋内（風除室含む）,場所とる,"10,000","10,000",要確認,,,,,,,,,,,
,郵便局,,,要確認,屋内（風除室含む）,場所とる,"10,000","10,000",要確認,,,,,,,,,,,
,郵便局,,,要確認,屋内（風除室含む）,場所とる,"10,000","10,000",要確認,,,,,,,,,,,
,郵便局,,,要確認,屋内（風除室含む）,場所とる,"10,000","10,000",要確認,,,,,,,,,,,
,郵便局,,,要確認,屋内（風除室含む）,場所とる,"10,000","10,000",要確認,,,,,,,,,,,
,郵便局,,,要確認,屋内（風除室含む）,場所とる,"10,000","10,000",要確認,,,,,,,,,,,
,郵便局,,,要確認,屋内（風除室含む）,場所とる,"10,000","10,000",要確認,,,,,,,,,,,
,郵便局,,,要確認,屋内（風除室含む）,場所とる,"10,000","10,000",要確認,,,,,,,,,,,
,郵便局,,,要確認,屋内（風除室含む）,場所とる,"10,000","10,000",要確認,,,,,,,,,,,
,郵便局,,,要確認,屋内（風除室含む）,場所とる,"10,000","10,000",要確認,,,,,,,,,,,
,郵便局,,,要確認,屋内（風除室含む）,場所とる,"10,000","10,000",要確認,,,,,,,,,,,
,郵便局,,,要確認,屋内（風除室含む）,場所とる,"10,000","10,000",要確認,,,,,,,,,,,
,郵便局,,,要確認,屋内（風除室含む）,場所とる,"10,000","10,000",要確認,,,,,,,,,,,
,郵便局,,,要確認,屋内（風除室含む）,場所とる,"10,000","10,000",要確認,,,,,,,,,,,
,郵便局,,,要確認,屋内（風除室含む）,場所とる,"10,000","10,000",要確認,,,,,,,,,,,
,郵便局,,,要確認,屋内（風除室含む）,場所とる,"10,000","10,000",要確認,,,,,,,,,,,
,郵便局,,,要確認,屋内（風除室含む）,場所とる,"10,000","10,000",要確認,,,,,,,,,,,
,郵便局,,,要確認,屋内（風除室含む）,場所とる,"10,000","10,000",要確認,,,,,,,,,,,
,郵便局,,,要確認,屋内（風除室含む）,場所とる,"10,000","10,000",要確認,,,,,,,,,,,
,郵便局,,,要確認,屋内（風除室含む）,場所とる,"10,000","10,000",要確認,,,,,,,,,,,
,郵便局,,,要確認,屋内（風除室含む）,場所とる,"10,000","10,000",要確認,,,,,,,,,,,
,郵便局,,,要確認,屋内（風除室含む）,場所とる,"10,000","10,000",要確認,,,,,,,,,,,
,郵便局,,,要確認,屋内（風除室含む）,場所とる,"10,000","10,000",要確認,,,,,,,,,,,
,郵便局,,,要確認,屋内（風除室含む）,場所とる,"10,000","10,000",要確認,,,,,,,,,,,
,郵便局,,,要確認,屋内（風除室含む）,場所とる,"10,000","10,000",要確認,,,,,,,,,,,
,郵便局,,,要確認,屋内（風除室含む）,場所とる,"10,000","10,000",要確認,,,,,,,,,,,
,郵便局,,,要確認,屋内（風除室含む）,場所とる,"10,000","10,000",要確認,,,,,,,,,,,
,郵便局,,,要確認,屋内（風除室含む）,場所とる,"10,000","10,000",要確認,,,,,,,,,,,
,郵便局,,,要確認,屋内（風除室含む）,場所とる,"10,000","10,000",要確認,,,,,,,,,,,
,郵便局,,,要確認,屋内（風除室含む）,場所とる,"10,000","10,000",要確認,,,,,,,,,,,
,郵便局,,,要確認,屋内（風除室含む）,場所とる,"10,000","10,000",要確認,,,,,,,,,,,
,郵便局,,,要確認,屋内（風除室含む）,場所とる,"10,000","10,000",要確認,,,,,,,,,,,
,郵便局,,,要確認,屋内（風除室含む）,場所とる,"10,000","10,000",要確認,,,,,,,,,,,
,郵便局,,,要確認,屋内（風除室含む）,場所とる,"10,000","10,000",要確認,,,,,,,,,,,
,郵便局,,,要確認,屋内（風除室含む）,場所とる,"10,000","10,000",要確認,,,,,,,,,,,
,郵便局,,,要確認,屋内（風除室含む）,場所とる,"10,000","10,000",要確認,,,,,,,,,,,
,郵便局,,,要確認,屋内（風除室含む）,場所とる,"10,000","10,000",要確認,,,,,,,,,,,
,郵便局,,,要確認,屋内（風除室含む）,場所とる,"10,000","10,000",要確認,,,,,,,,,,,
,郵便局,,,要確認,屋内（風除室含む）,場所とる,"10,000","10,000",要確認,,,,,,,,,,,
,郵便局,,,要確認,屋内（風除室含む）,場所とる,"10,000","10,000",要確認,,,,,,,,,,,
,郵便局,,,要確認,屋内（風除室含む）,場所とる,"10,000","10,000",要確認,,,,,,,,,,,
,郵便局,,,要確認,屋内（風除室含む）,場所とる,"10,000","10,000",要確認,,,,,,,,,,,
,郵便局,,,要確認,屋内（風除室含む）,場所とる,"10,000","10,000",要確認,,,,,,,,,,,
,郵便局,,,要確認,屋内（風除室含む）,場所とる,"10,000","10,000",要確認,,,,,,,,,,,
,郵便局,,,要確認,屋内（風除室含む）,場所とる,"10,000","10,000",要確認,,,,,,,,,,,
,郵便局,,,要確認,屋内（風除室含む）,場所とる,"10,000","10,000",要確認,,,,,,,,,,,
,郵便局,,,要確認,屋内（風除室含む）,場所とる,"10,000","10,000",要確認,,,,,,,,,,,
,郵便局,,,要確認,屋内（風除室含む）,場所とる,"10,000","10,000",要確認,,,,,,,,,,,
,郵便局,,,要確認,屋内（風除室含む）,場所とる,"10,000","10,000",要確認,,,,,,,,,,,
,郵便局,,,要確認,屋内（風除室含む）,場所とる,"10,000","10,000",要確認,,,,,,,,,,,
,郵便局,,,要確認,屋内（風除室含む）,場所とる,"10,000","10,000",要確認,,,,,,,,,,,
,郵便局,,,要確認,屋内（風除室含む）,場所とる,"10,000","10,000",要確認,,,,,,,,,,,
,郵便局,,,要確認,屋内（風除室含む）,場所とる,"10,000","10,000",要確認,,,,,,,,,,,
,郵便局,,,要確認,屋内（風除室含む）,場所とる,"10,000","10,000",要確認,,,,,,,,,,,
,郵便局,,,要確認,屋内（風除室含む）,場所とる,"10,000","10,000",要確認,,,,,,,,,,,
,郵便局,,,要確認,屋内（風除室含む）,場所とる,"10,000","10,000",要確認,,,,,,,,,,,
,郵便局,,,要確認,屋内（風除室含む）,場所とる,"10,000","10,000",要確認,,,,,,,,,,,
,郵便局,,,要確認,屋内（風除室含む）,場所とる,"10,000","10,000",要確認,,,,,,,,,,,
,郵便局,,,要確認,屋内（風除室含む）,場所とる,"10,000","10,000",要確認,,,,,,,,,,,
,郵便局,,,要確認,屋内（風除室含む）,場所とる,"10,000","10,000",要確認,,,,,,,,,,,
,郵便局,,,要確認,屋内（風除室含む）,場所とる,"10,000","10,000",要確認,,,,,,,,,,,
,郵便局,,,要確認,屋内（風除室含む）,場所とる,"10,000","10,000",要確認,,,,,,,,,,,
,郵便局,,,要確認,屋内（風除室含む）,場所とる,"10,000","10,000",要確認,,,,,,,,,,,
,郵便局,,,要確認,屋内（風除室含む）,場所とる,"10,000","10,000",要確認,,,,,,,,,,,
,郵便局,,,要確認,屋内（風除室含む）,場所とる,"10,000","10,000",要確認,,,,,,,,,,,
,郵便局,,,要確認,屋内（風除室含む）,場所とる,"10,000","10,000",要確認,,,,,,,,,,,
,郵便局,,,要確認,屋内（風除室含む）,場所とる,"10,000","10,000",要確認,,,,,,,,,,,
,郵便局,,,要確認,屋内（風除室含む）,場所とる,"10,000","10,000",要確認,,,,,,,,,,,
,郵便局,,,要確認,屋内（風除室含む）,場所とる,"10,000","10,000",要確認,,,,,,,,,,,
,郵便局,,,要確認,屋内（風除室含む）,場所とる,"10,000","10,000",要確認,,,,,,,,,,,
,郵便局,,,要確認,屋内（風除室含む）,場所とる,"10,000","10,000",要確認,,,,,,,,,,,
,郵便局,,,要確認,屋内（風除室含む）,場所とる,"10,000","10,000",要確認,,,,,,,,,,,
,郵便局,,,要確認,屋内（風除室含む）,場所とる,"10,000","10,000",要確認,,,,,,,,,,,
,郵便局,,,要確認,屋内（風除室含む）,場所とる,"10,000","10,000",要確認,,,,,,,,,,,
,郵便局,,,要確認,屋内（風除室含む）,場所とる,"10,000","10,000",要確認,,,,,,,,,,,
,郵便局,,,要確認,屋内（風除室含む）,場所とる,"10,000","10,000",要確認,,,,,,,,,,,
,郵便局,,,要確認,屋内（風除室含む）,場所とる,"10,000","10,000",要確認,,,,,,,,,,,
,郵便局,,,要確認,屋内（風除室含む）,場所とる,"10,000","10,000",要確認,,,,,,,,,,,
,郵便局,,,要確認,屋内（風除室含む）,場所とる,"10,000","10,000",要確認,,,,,,,,,,,
,郵便局,,,要確認,屋内（風除室含む）,場所とる,"10,000","10,000",要確認,,,,,,,,,,,
,郵便局,,,要確認,屋内（風除室含む）,場所とる,"10,000","10,000",要確認,,,,,,,,,,,
,郵便局,,,要確認,屋内（風除室含む）,場所とる,"10,000","10,000",要確認,,,,,,,,,,,
,郵便局,,,要確認,屋内（風除室含む）,場所とる,"10,000","10,000",要確認,,,,,,,,,,,
,郵便局,,,要確認,屋内（風除室含む）,場所とる,"10,000","10,000",要確認,,,,,,,,,,,
,郵便局,,,要確認,屋内（風除室含む）,場所とる,"10,000","10,000",要確認,,,,,,,,,,,
,郵便局,,,要確認,屋内（風除室含む）,場所とる,"10,000","10,000",要確認,,,,,,,,,,,
,郵便局,,,要確認,屋内（風除室含む）,場所とる,"10,000","10,000",要確認,,,,,,,,,,,
,郵便局,,,要確認,屋内（風除室含む）,場所とる,"10,000","10,000",要確認,,,,,,,,,,,
,郵便局,,,要確認,屋内（風除室含む）,場所とる,"10,000","10,000",要確認,,,,,,,,,,,
,郵便局,,,要確認,屋内（風除室含む）,場所とる,"10,000","10,000",要確認,,,,,,,,,,,
,郵便局,,,要確認,屋内（風除室含む）,場所とる,"10,000","10,000",要確認,,,,,,,,,,,
,郵便局,,,要確認,屋内（風除室含む）,場所とる,"10,000","10,000",要確認,,,,,,,,,,,
,郵便局,,,要確認,屋内（風除室含む）,場所とる,"10,000","10,000",要確認,,,,,,,,,,,
,郵便局,,,要確認,屋内（風除室含む）,場所とる,"10,000","10,000",要確認,,,,,,,,,,,
,郵便局,,,要確認,屋内（風除室含む）,場所とる,"10,000","10,000",要確認,,,,,,,,,,,
,郵便局,,,要確認,屋内（風除室含む）,場所とる,"10,000","10,000",要確認,,,,,,,,,,,
,郵便局,,,要確認,屋内（風除室含む）,場所とる,"10,000","10,000",要確認,,,,,,,,,,,