長野,,,,,,,,,,,,,,,,,,,,
,施設名,実施場所名,施設住所,広さ,屋内・屋外,発注先,金額（平日）,金額（土日祝日）,通信催事可否,机貸出,椅子貸出,電源貸出,注意事項,AGでの手配実績,過去実施時代理店、店舗,AGでの過去実績（PIのみ 期間すべて）,過去トラブルなど,場所（Google Map）,その他備考,区画写真
,イトーヨーカドー,イトーヨーカドー南松本①　1階 映画館側入口,松本市高宮中1-20,約5坪,屋内（風除室含む）,グラスト,"40,000","70,000",要確認,,,,,,,,,,, 
,イトーヨーカドー,イトーヨーカドー南松本②　3階 エスカレーター横,松本市高宮中1-20,約2坪,屋内（風除室含む）,,"30,000","60,000",要確認,,,,,,,,,,,
,ベイシア,ベイシアスーパーマーケット佐久平モール,佐久市佐久平駅南24-1,約3坪,屋内（風除室含む）,グラスト,"40,000","40,000",要確認,,,,,,,,,,,
,ベイシア,ベイシア更埴,千曲市大字桜堂字西沖333-1,約3坪,屋内（風除室含む）,グラスト,"40,000","40,000",要確認,,,,,,,,,,,
,ベイシア,ベイシア東御,東御市祢津1115-1,約4坪,屋内（風除室含む）,グラスト,"40,000","40,000",要確認,,,,,,,,,,,
,ベイシア,ベイシア飯山,飯山市大字静間1967,約4坪,屋内（風除室含む）,グラスト,"40,000","40,000",要確認,,,,,,,,,,,
,ベイシア,ベイシアあづみの堀金,安曇野市堀金烏川5142-1,約3坪,屋内（風除室含む）,グラスト,"40,000","40,000",要確認,,,,,,,,,,,
,TOHOシネマズ,TOHOシネマズ上田,上田市天神3-5-1 アリオ上田内,約1m×2m,屋内（風除室含む）,グラスト,"78,750","78,750",要確認,,,,契約行為不可,,,,,,,
,イオンシネマ,イオンシネマ松本,松本市中央4丁目9番51号 イオンモール松本 空庭 2階,2m×2m,屋内（風除室含む）,グラスト,"30,000","60,000",要確認,,,,契約行為都度確認,,,,,,,
,イオンモール,イオンモール松本①　晴庭1F きらめきコート,松本市中央4丁目9番51号,"約93,65㎡",屋内（風除室含む）,グラスト,"226,000","370,000",要確認,,,,,,,,,,,
,イオンモール,イオンモール松本②　晴庭1F かがやきコート,松本市中央4丁目9番51号,"約58,60㎡",屋内（風除室含む）,グラスト,"252,000","420,000",要確認,,,,,,,,,,,
,イオンモール,イオンモール松本③　晴庭2F 無印良品前南側,松本市中央4丁目9番51号,約7.5㎡,屋内（風除室含む）,グラスト,"72,000","120,000",要確認,,,,,,,,,,,
,イオンモール,イオンモール松本④　晴庭3F 吹き抜け北側　,松本市中央4丁目9番51号,約6㎡,屋内（風除室含む）,グラスト,"144,000","240,000",要確認,,,,,,,,,,,
,イオンモール,イオンモール松本⑤　晴庭3F 吹き抜け南側,松本市中央4丁目9番51号,約9㎡,屋内（風除室含む）,グラスト,"72,000","120,000",要確認,,,,,,,,,,,
,イオンモール,イオンモール松本⑥　風庭1F エスカレータ北側,松本市中央4丁目9番51号,約12㎡,屋内（風除室含む）,グラスト,"96,000","144,000",要確認,,,,,,,,,,,
,イオンモール,イオンモール松本⑦　風庭1F エスカレータ南側,松本市中央4丁目9番51号,約9㎡,屋内（風除室含む）,グラスト,"96,000","144,000",要確認,,,,,,,,,,,
,イオンモール,イオンモール佐久平①　1F セントラルコートメイン会場(グローバルワーク側),佐久市佐久平駅南11-10,約25坪,屋内（風除室含む）,グラスト,"106,000","190,000",要確認,,,,,,,,,,,
,イオンモール,イオンモール佐久平②　１Fセントラコートサブ会場(グリーンパークストピック側),佐久市佐久平駅南11-10,約2.5坪,屋内（風除室含む）,グラスト,"72,000","108,000",要確認,,,,,,,,,,,
,イオンモール,イオンモール佐久平③　2Fコスモス催事場B(GAME前),佐久市佐久平駅南11-10,約5坪,屋内（風除室含む）,グラスト,"30,000","50,000",要確認,,,,,,,,,,,
,イオンモール,イオンモール佐久平④　2F ブリッジ催事場(ジュエルカフェ前),佐久市佐久平駅南11-10,約4坪,屋内（風除室含む）,ダイエースペース,"20,000","35,000",要確認,,,,,,,,,,,
,イオンモール,イオンモール佐久平⑤　蓼科東口店外,佐久市佐久平駅南11-10,5坪,屋内（風除室含む）,グラスト,"40,000","60,000",要確認,,,,,,,,,,,
,イオンタウン, イオンタウンしおだ野,上田市神畑仲西460－1,長机1台~,屋外,ダイエースペース,"10,000","20,000",要確認,,,,20日・30日は土日祝価格,,,,,,,
,イオンタウン, イオンタウン茅野,茅野市大字米沢303,,屋外,グラスト,"30,000","40,000",要確認,,,,20日・30日は土日祝価格,,,,,,,
,イオンタウン,イオンタウン信州山形　店頭軒下,東筑摩郡山形村360,,屋外,ダイエースペース,"10,350","20,350",要確認,,,,,,,,,,,
,イオン,イオン南松本①　ﾌｰﾄﾞｺｰﾄ側東側入口柱回り,松本市双葉5-20,長机3台分程,屋内（風除室含む）,ダイエースペース,"28,000","33,000",要確認,,,,照明代500円/日,,,,,,,
,イオン,イオン南松本②　ﾌｰﾄﾞｺｰﾄ側ｴｽｶﾚｰﾀｰ横,松本市双葉5-20,長机3台分程,屋内（風除室含む）,ダイエースペース,"28,000","33,000",要確認,,,,照明代500円/日,,,,,,,
,イオン,イオン南松本③　1階　センターコート,松本市双葉5-20,要確認,屋内（風除室含む）,ダイエースペース,"25,000","35,000",要確認,,,,,,,,,,,
,イオン,イオン飯田①　北側入口付近,飯田市上郷飯沼1575,長机1～2台程,屋内（風除室含む）,ダイエースペース,"20,000","30,000",要確認,,,,春・秋の1ヶ月だけ利用可能(ホワイトデー後、お中元後の期間),,,,,,,
,イオン,イオン飯田②　1Fエレベーター横催事場半分,飯田市上郷飯沼1575,約30坪,屋内（風除室含む）,グラスト,"26,000","32,000",要確認,,,,春・秋の1ヶ月だけ利用可能(ホワイトデー後、お中元後の期間),,,,,,,
,イオン,イオン飯田アップルロード①　1階エスカレーター横,飯田市鼎一色456,1.8m×1.8m～,屋内（風除室含む）,(平日)ダイエースペース／(週末)グラスト,"25,000","35,000",要確認,,,,,,,,,,,
,イオン,イオン飯田アップルロード②　1階テナント空き区画,飯田市鼎一色456,要確認,屋内（風除室含む）,ダイエースペース,"25,000","37,500",要確認,,,,,,,,,,,
,イオン,イオン須坂,須坂市馬場町1288,長机2台程,屋内（風除室含む）,ダイエースペース,"15,000","20,000",要確認,,,,,,,,,,,
,イオン,イオン中野①　1Fスペース,中野市一本木252-1,長机2台程,屋内（風除室含む）,ダイエースペース,"25,000","30,000",要確認,,,,,,,,,,,
,イオン,イオン中野②　2Fスペース,中野市一本木252-1,長机2台程,屋内（風除室含む）,グラスト,"35,000","40,000",要確認,,,,,,,,,,,
,イオン,イオン豊科,安曇野市豊科4272-10,約4坪,屋内（風除室含む）,ダイエースペース,"20,000","30,000",要確認,,,,,,,,,,,
,イオン,イオン箕輪,上伊那郡箕輪町中箕輪9025,長机2台程,屋内（風除室含む）,ダイエースペース,"15,000","20,000",要確認,,,,,,,,,,,
,TSUTAYA,蔦屋書店中野①　店内,中野市大字吉田550,長机1～2台程,屋内（風除室含む）,グラスト,"50,000","50,000",要確認,,,,備品貸出不可,,,,,,,
,TSUTAYA,蔦屋書店中野②　風除室,中野市大字吉田550,長机1～2台程,屋内（風除室含む）,,"34,000","34,000",要確認,,,,備品貸出不可,,,,,,,
,TSUTAYA,蔦屋書店長野徳間①　店内,長野市徳間3204,長机1～2台程,屋内（風除室含む）,グラスト,"50,000","50,000",要確認,,,,備品貸出不可,,,,,,,
,TSUTAYA,蔦屋書店長野徳間②　風除室,長野市徳間3204,長机1～2台程,屋内（風除室含む）,,"34,000","34,000",要確認,,,,備品貸出不可,,,,,,,
,TSUTAYA,蔦屋書店千曲屋代①　店内,千曲市大字杭瀬下5-1,長机1～2台程,屋内（風除室含む）,グラスト,"50,000","50,000",要確認,,,,備品貸出不可,,,,,,,
,TSUTAYA,蔦屋書店千曲屋代②　風除室,千曲市大字杭瀬下5-1,長机1～2台程,屋内（風除室含む）,,"34,000","34,000",要確認,,,,備品貸出不可,,,,,,,
,TSUTAYA,蔦屋書店大町①　店内,大町市常盤5868,長机1～2台程,屋内（風除室含む）,グラスト,"50,000","50,000",要確認,,,,備品貸出不可,,,,,,,
,TSUTAYA,蔦屋書店大町②　風除室,大町市常盤5868,長机1～2台程,屋内（風除室含む）,,"34,000","34,000",要確認,,,,備品貸出不可,,,,,,,
,TSUTAYA,蔦屋書店上田しおだ野①　店内,上田市大字神畑字浦田105,長机1～2台程,屋内（風除室含む）,グラスト,"50,000","50,000",要確認,,,,備品貸出不可,,,,,,,
,TSUTAYA,蔦屋書店上田しおだ野②　風除室,上田市大字神畑字浦田105,長机1～2台程,屋内（風除室含む）,,"34,000","34,000",要確認,,,,備品貸出不可,,,,,,,
,TSUTAYA,蔦屋書店佐久野沢①　店内,佐久市野沢247,長机1～2台程,屋内（風除室含む）,グラスト,"50,000","50,000",要確認,,,,備品貸出不可,,,,,,,
,TSUTAYA,蔦屋書店佐久野沢②　風除室,佐久市野沢247,長机1～2台程,屋内（風除室含む）,,"34,000","34,000",要確認,,,,備品貸出不可,,,,,,,
,TSUTAYA,蔦屋書店豊科①　店内,安曇野市豊科4946,長机1～2台程,屋内（風除室含む）,グラスト,"50,000","50,000",要確認,,,,備品貸出不可,,,,,,,
,TSUTAYA,蔦屋書店豊科②　風除室,安曇野市豊科4946,長机1～2台程,屋内（風除室含む）,,"34,000","34,000",要確認,,,,備品貸出不可,,,,,,,
,PARCO,松本PARCO①　１Fイベントスペース,松本市中央1-10-30,10坪,屋内（風除室含む）,グラスト,"70,000","130,000",要確認,,,,,,,,,,,
,PARCO,松本PARCO②　1Fプレシャス前,松本市中央1-10-30,3坪,屋内（風除室含む）,,"40,000","72,000",要確認,,,,,,,,,,,
,フレスポ,フレスポ大町,大町市大町3500-7,29.04坪,屋内（風除室含む）,グラスト,"25,000","28,000",要確認,,,,,,,,,,,
,フレスポ,フレスポまるこ,上田市中丸子１７４５,45坪,屋内（風除室含む）,グラスト,"25,000","28,000",要確認,,,,電源有無確認,,,,,,,
,コメリ,コメリハード&グリーン上田,上田市上田１２１２－１,1.8m×1.8m～,屋内（風除室含む）,グラスト,"35,000","35,000",要確認,,,,契約行為不可,,,,,,,
,コメリ,コメリハード&グリーン立科,北佐久郡立科町大字芦田１１７３番地１,1.8m×1.8m～,屋内（風除室含む）,グラスト,"35,000","35,000",要確認,,,,契約行為不可,,,,,,,
,コメリ,コメリパワー東部,東御市祢津字砂田１１９０－１,1.8m×1.8m～,屋内（風除室含む）,グラスト,"35,000","35,000",要確認,,,,契約行為不可,,,,,,,
,コメリ,コメリパワー中野,中野市一本木宮前２２１,1.8m×1.8m～,屋内（風除室含む）,グラスト,"35,000","35,000",要確認,,,,契約行為不可,,,,,,,
,コメリ,コメリハード&グリーン箕輪,上伊那郡箕輪町大字中箕輪８０１９,1.8m×1.8m～,屋内（風除室含む）,グラスト,"35,000","35,000",要確認,,,,契約行為不可,,,,,,,
,いちやまマート,いちやまマート岡谷,岡谷市長地権現町3-950-1,長机1～2台分程,屋内（風除室含む）,グラスト,"20,000","20,000",要確認,,,,,,,,,,,
,いちやまマート,いちやまマート諏訪,諏訪市中洲3588-1,長机1～2台分程,屋内（風除室含む）,グラスト,"20,000","20,000",要確認,,,,,,,,,,,
,BOOKOFF PLUS,BOOKOFFPLUS伊那,伊那市西春近2893,長机1台～,屋内（風除室含む）,グラスト,"55,000","55,000",要確認,,,,,,,,,,,
,BOOKOFF,BOOKOFF松本筑摩,松本市筑摩3-2-12,長机1台～,屋内（風除室含む）,グラスト,"55,000","55,000",要確認,,,,,,,,,,,
,BOOKOFF,BOOKOFF塩尻,塩尻市広丘高出1550-4,長机1台～,屋内（風除室含む）,グラスト,"55,000","55,000",要確認,,,,,,,,,,,
,BOOKOFF,BOOKOFF須坂,須坂市高梨町2493-5,長机1台～,屋内（風除室含む）,グラスト,"55,000","55,000",要確認,,,,,,,,,,,
,BOOKOFF,BOOKOFF更埴,千曲市大字桜堂水引282-1,長机1台～,屋内（風除室含む）,グラスト,"55,000","55,000",要確認,,,,,,,,,,,
,BOOKOFF,BOOKOFF川中島,長野市川中島町御厨856-3,長机1台～,屋内（風除室含む）,グラスト,"55,000","55,000",要確認,,,,,,,,,,,
,BOOKOFF,BOOKOFF上田原,上田市上田原722-8,長机1台～,屋内（風除室含む）,グラスト,"55,000","55,000",要確認,,,,,,,,,,,
,BOOKOFF,BOOKOFF岡谷若宮,岡谷市若宮1-8134-2,長机1台～,屋内（風除室含む）,グラスト,"55,000","55,000",要確認,,,,,,,,,,,
,BOOKOFF,BOOKOFF佐久中込,佐久市中込2971-1,長机1台～,屋内（風除室含む）,グラスト,"55,000","55,000",要確認,,,,,,,,,,,
,BOOKOFF,BOOKOFF長野高田,長野市高田1174,長机1台～,屋内（風除室含む）,グラスト,"55,000","55,000",要確認,,,,,,,,,,,
,BOOKOFF PLUS,BOOKOFFPLUS松本芳川,松本市小屋南1-11-40,長机1台～,屋内（風除室含む）,グラスト,"55,000","55,000",要確認,,,,,,,,,,,
,BOOKOFF,BOOKOFF中野七瀬,中野市七瀬98-3,長机1台～,屋内（風除室含む）,グラスト,"55,000","55,000",要確認,,,,,,,,,,,
,BOOKOFF,BOOKOFF長野若槻,長野市稲田1-18-4,長机1台～,屋内（風除室含む）,グラスト,"55,000","55,000",要確認,,,,,,,,,,,
,BOOKOFF PLUS,BOOKOFFPLUS小諸西原,小諸市丙394-1,長机1台～,屋内（風除室含む）,グラスト,"55,000","55,000",要確認,,,,,,,,,,,
,BOOKOFF PLUS,BOOKOFFPLUS飯田,飯田市鼎名古熊2073-1,長机1台～,屋内（風除室含む）,グラスト,"55,000","55,000",要確認,,,,,,,,,,,
,BOOKOFF,BOOKOFF上田中央,上田市中央5-16-16,長机1台～,屋内（風除室含む）,グラスト,"55,000","55,000",要確認,,,,,,,,,,,
,BOOKOFF,BOOKOFF茅野塚原,茅野市塚原2-16-10,長机1台～,屋内（風除室含む）,グラスト,"55,000","55,000",要確認,,,,,,,,,,,
,BOOKOFF,BOOKOFF長野駅前,長野市南石堂1418,長机1台～,屋内（風除室含む）,グラスト,"55,000","55,000",要確認,,,,,,,,,,,
,BOOKOFF,BOOKOFF駒ヶ根宮の前,駒ケ根市赤穂11233-3,長机1台～,屋内（風除室含む）,グラスト,"55,000","55,000",要確認,,,,,,,,,,,
,BOOKOFF SUPER BAZAAR,BOOKOFFSUPERBAZAAR松本駅前,松本市深志1-2-30  アルピコプラザ5F,長机1台～,屋内（風除室含む）,グラスト,"55,000","55,000",要確認,,,,,,,,,,,
,西友,西友茅野横内,茅野市ちの2622-1,長机2台程,屋内（風除室含む）,グラスト,"35,000","40,000",要確認,,,,,,,,,,,
,綿半,綿半スーパーセンター長池,長野市南長池487,長机1～2台程,屋内（風除室含む）,グラスト,"56,000","62,000",要確認,,,,条件付き契約行為可,,,,,,,
,綿半,綿半スーパーセンター川中島,長野市金井田177,長机1～2台程,屋内（風除室含む）,グラスト,"56,000","62,000",要確認,,,,条件付き契約行為可,,,,,,,
,綿半,綿半スーパーセンター稲里,長野市稲里町下氷鉋834-34,長机2台程,屋内（風除室含む）,グラスト,"56,000","62,000",要確認,,,,条件付き契約行為可,,,,,,,
,綿半,綿半スーパーセンター須坂,須坂市大字高梨245番地,長机1～2台程,屋内（風除室含む）,グラスト,"56,000","62,000",要確認,,,,条件付き契約行為可,,,,,,,
,綿半,綿半スーパーセンター千曲,千曲市内川770,長机1～2台程,屋内（風除室含む）,グラスト,"56,000","62,000",要確認,,,,条件付き契約行為可,,,,,,,
,綿半,綿半スーパーセンター中野,中野市大字三ツ和87,長机2台程,屋内（風除室含む）,グラスト,"56,000","62,000",要確認,,,,条件付き契約行為可,,,,,,,
,綿半,綿半ホームエイド檀田,長野市檀田2-50-28,長机1～2台程,屋内（風除室含む）,グラスト,"56,000","62,000",要確認,,,,条件付き契約行為可,,,,,,,
,綿半,綿半ホームエイド若里,長野市若里1-19-19,長机1～2台程,屋内（風除室含む）,グラスト,"56,000","62,000",要確認,,,,条件付き契約行為可,,,,,,,
,綿半,綿半スーパーセンター豊科,安曇野市豊科500-1,長机2台程,屋内（風除室含む）,グラスト,"56,000","62,000",要確認,,,,条件付き契約行為可,,,,,,,
,綿半,綿半スーパーセンター松本芳川,松本市野溝西3-7-1,長机1～2台程,屋内（風除室含む）,グラスト,"56,000","62,000",要確認,,,,条件付き契約行為可,,,,,,,
,綿半,綿半スーパーセンター塩尻,塩尻市広丘野村1503-4,長机1～2台程,屋内（風除室含む）,グラスト,"56,000","62,000",要確認,,,,条件付き契約行為可,,,,,,,
,綿半,綿半ホームエイド穂高,安曇野市穂高有明10360-1,長机1～2台程,屋内（風除室含む）,グラスト,"56,000","62,000",要確認,,,,条件付き契約行為可,,,,,,,
,綿半,綿半ホームエイド庄内,松本市出川1-1-1,長机1～2台程,屋内（風除室含む）,グラスト,"56,000","62,000",要確認,,,,条件付き契約行為可,,,,,,,
,綿半,綿半スーパーセンター諏訪,諏訪市上川3-2391,長机1～2台程,屋内（風除室含む）,グラスト,"56,000","62,000",要確認,,,,条件付き契約行為可,,,,,,,
,綿半,綿半ホームエイド諏訪インター,諏訪市大字四賀2176,長机2～3台程,屋内（風除室含む）,グラスト,"56,000","62,000",要確認,,,,条件付き契約行為可,,,,,,,
,綿半,綿半ホームエイド富士見,諏訪郡富士見町3290,長机1～2台程,屋内（風除室含む）,グラスト,"56,000","62,000",要確認,,,,条件付き契約行為可,,,,,,,
,綿半,綿半スーパーセンター箕輪,上伊那郡箕輪町三日町960-1,長机1～2台程,屋内（風除室含む）,グラスト,"56,000","62,000",要確認,,,,条件付き契約行為可,,,,,,,
,綿半,綿半スーパーセンター伊那,伊那市西町5245-1,長机2台程,屋内（風除室含む）,グラスト,"56,000","62,000",要確認,,,,条件付き契約行為可,,,,,,,
,綿半,綿半ホームエイドアップルロード,飯田市鼎名古熊2087,長机1～2台程,屋内（風除室含む）,グラスト,"56,000","62,000",要確認,,,,条件付き契約行為可,,,,,,,
,アルピコプラザ,アルピコプラザ,松本市深志1-2-30,3.7坪,屋内（風除室含む）,グラスト,"50,000","70,000",要確認,,,,,,,,,,,
,ルネサンス,スポーツクラブルネサンス松本,松本市渚１－７－１ なぎさライフサイト内,長机1~2台分程,屋内（風除室含む）,グラスト,"45,000","45,000",要確認,,,,月曜日定休日,,,,,,,
,あかのれん,あかのれん塩尻,塩尻市桟敷字原301,長机1～2台分程,屋内（風除室含む）,グラスト,"32,000","32,000",要確認,,,,,,,,,,,
,フォレストモール,フォレストモール岡谷,岡谷市神明町３丁目１−３,長机1～2台分程,屋内（風除室含む）,グラスト,"35,000","50,000",要確認,,,,,,,,,,,
,エルサあづみ野,エルサあづみ野,安曇野市三郷温2716-1,長机2台分程,屋内（風除室含む）,グラスト,"35,000","40,000",要確認,,,,電源有り・備品貸出可能,,,,,,,
,アクロスプラザ,アクロスプラザ丸子ベルプラザショッピングセンター,上田市中丸子1647番地7他,,屋内（風除室含む）,グラスト,"30,000","30,000",要確認,,,,,,,,,,,
,スワンガーデン,スワンガーデン安曇野,安曇野市豊科南穂高1115,,屋外,グラスト,"32,000","38,000",要確認,,,,,,,,,,,
,TSUTAYA,TSUTAYA北松本,松本市渚1-7-1,長机1~2台程,屋内（風除室含む）,グラスト,"60,000","60,000",要確認,,,,,,,,,,,
,TSUTAYA,TSUTAYA伊那,伊那市日影450,長机1~2台程,屋内（風除室含む）,グラスト,"45,000","45,000",要確認,,,,,,,,,,,
,TSUTAYA,TSUTAYA東松本,松本市元町1-2-1,長机1~2台程,屋内（風除室含む）,グラスト,"60,000","60,000",要確認,,,,,,,,,,,
,TSUTAYA,TSUTAYA駒ヶ根,駒ヶ根市赤穂971-1,長机1~2台程,屋内（風除室含む）,グラスト,"45,000","45,000",要確認,,,,,,,,,,,
,TSUTAYA,TSUTAYA箕輪,上伊那郡箕輪町三日町933-1,長机1~2台程,屋内（風除室含む）,グラスト,"45,000","45,000",要確認,,,,,,,,,,,
,TSUTAYA,軽井沢書店,北佐久郡軽井沢町軽井沢大字1323,長机1~2台程,屋内（風除室含む）,グラスト,"45,000","45,000",要確認,,,,,,,,,,,
,佐久インターウェーブ,佐久インターウェーブ,佐久市小田井613-1,長机2台分程,屋内（風除室含む）,グラスト,"17,000","17,000",要確認,,,,,,,,,,,
,コメリ,コメリパワー安曇野,安曇野市豊科南穂高1251番,1.8m×1.8m～,屋内（風除室含む）,グラスト,"35,000","35,000",要確認,,,,契約行為不可,,,,,,,
,ながの東急ライフ,ながの東急ライフ,長野市吉田3-22-1,長机2台分程,屋内（風除室含む）,グラスト,"40,000","40,000",要確認,,,,電源有り・備品貸出可能,,,,,,,
,佐久穂町ショッピングパーク・ラーチ,佐久穂町ショッピングパーク・ラーチ,南佐久郡佐久穂町大字高野町716,長机2台程,屋内（風除室含む）,グラスト,"20,000","20,000",要確認,,,,,,,,,,,
,ハッシュタグ佐久,ハッシュタグ佐久①　催事スペース(1区画),佐久市岩村田北１丁目22-3,,屋内（風除室含む）,グラスト,"30,000","30,000",要確認,,,,,,,,,,,
,ハッシュタグ佐久,ハッシュタグ佐久②　催事スペース(2区画),佐久市岩村田北１丁目22-3,,屋内（風除室含む）,グラスト,"25,000","25,000",要確認,,,,,,,,,,,
,メリーパーク,メリーパーク,茅野市宮川4449番地1,長机2台程,屋内（風除室含む）,グラスト,"21,000","21,000",要確認,,,,"別途事前搬入2,000円",,,,,,,
,綿半,綿半スーパーセンター上田,上田市神畑389番1,3m×4ｍ,屋外,グラスト,"56,000","62,000",要確認,,,,条件付き契約行為可,,,,,,,
,HAMAフラワーパーク安曇野,HAMAフラワーパーク安曇野,安曇野市三郷温5919,25㎡,屋外,グラスト,"18,000","18,000",要確認,,,,電源有り・備品貸出可能,,,,,,,
,ながたの湯,ながたの湯,箕輪町大字中箕輪2134番地42,長机1~2台程度,屋内（風除室含む）,グラスト,"20,000","20,000",要確認,,,,電源有り・備品貸出可能,,,,,,,
,フィットイージー,フィットイージー岡谷,岡谷市長地権現町1丁目6-21,長机1台分程,屋内（風除室含む）,グラスト,"40,000","40,000",要確認,,,,,,,,,,,
,フィットイージー,フィットイージー伊那,伊那市中央437,長机1台分程,屋内（風除室含む）,グラスト,"40,000","40,000",要確認,,,,,,,,,,,
,フィットイージー,フィットイージー飯田,飯田市座光寺3797-1,長机1台分程,屋内（風除室含む）,グラスト,"40,000","40,000",要確認,,,,,,,,,,,
,ほりでーゆ～四季の郷,ほりでーゆ～四季の郷,安曇野市堀金烏川11－1,長机コの字8台分,屋内（風除室含む）,グラスト,"130,000","130,000",要確認,,,,電源有り・備品貸出可能,,,,,,,
,ショッピングタウンあおぞら,ショッピングタウンあおぞら①　1F店内スペース,長野市東和田930,約4坪,屋内（風除室含む）,グラスト,"20,000","20,000",要確認,,,,店舗入口から20m程の為現場確認必須。空調設備故障中の為冬季は暖房器具持ち込みOK(電気ストーブのみ),,,,,,,
,ショッピングタウンあおぞら,ショッピングタウンあおぞら②　2F空テナントスペース,,約15坪,屋内（風除室含む）,グラスト,"20,000","20,000",要確認,,,,店舗入口から20m程の為現場確認必須。空調設備故障中の為冬季は暖房器具持ち込みOK(電気ストーブのみ),,,,,,,
,綿半,綿半スーパーセンター権堂,長野市権堂町2196番地1,約10㎡,屋内（風除室含む）,グラスト,"58,000","65,000",要確認,,,,,,,,,,,
,MEGAドン・キホーテ,①長野店/1Fエレベーター前,長野市高田1758,1.8㎡,屋内（風除室含む）,自由市場,"30,000","50,000",要確認,,,,,,,,,,,
,MEGAドン・キホーテ,②長野店/2F屋外スペース,長野市高田1758,3.8㎡,屋外,自由市場,"16,000","16,000",要確認,,,,,,,,,,,
,ナナーズ,ナナーズ川上,南佐久郡川上村大深山1186,長机2台分程,屋内（風除室含む）,グラスト,"30,000","30,000",要確認,,,,,,,,,,,
,ナナーズ,ナナーズ小海,南佐久郡小海町豊里2078-1,長机1～2台程,屋外,グラスト,"20,000","20,000",要確認,,,,,,,,,,,
,ナナーズ,ナナーズ安原,佐久市安原字東 大久保1270-1,長机2台分程,屋内（風除室含む）,グラスト,"35,000","40,000",要確認,,,,,,,,,,,
,ナナーズ,ナナーズ東御,東御市滋野字小原乙2511-1,長机2台分程,屋内（風除室含む）,グラスト,"40,000","40,000",要確認,,,,,,,,,,,
,Aコープ長野,アグリスA・コープすこう,須坂市小河原1080-1,長机1～２台程,屋内（風除室含む）,グラスト,"38,000","44,000",要確認,,,,電源有り,,,,,,,
,ベイシア,ベイシア薬品坂城,埴科郡坂城町南条６４０,約3坪,屋内（風除室含む）,グラスト,"40,000","40,000",要確認,,,,,,,,,,,
,Aコープ長野,Aコープファーマーズ松代,長野市松代町西寺尾字町裏1450,長机1～2台程,屋内（風除室含む）,グラスト,"38,000","44,000",要確認,,,,,,,,,,,
,Aコープ長野,Aコープしんまち,長野市信州新町新町958,長机1～2台程,屋内（風除室含む）,グラスト,"38,000","44,000",要確認,,,,,,,,,,,
,Aコープ長野,Aコープみゆき,飯山市大字常盤字久保通り7419,長机1～2台程,屋内（風除室含む）,グラスト,"38,000","44,000",要確認,,,,,,,,,,,
,Aコープ長野,Aコープ原村,諏訪郡原村払沢11909-2,長机1～2台程,屋内（風除室含む）,グラスト,"38,000","44,000",要確認,,,,,,,,,,,
,Aコープ長野,Aコープファーマーズ富士見,諏訪郡富士見町落合9984-1025,長机1台程,屋内（風除室含む）,グラスト,"38,000","44,000",要確認,,,,,,,,,,,
,Aコープ長野,Aコープファーマーズピアみどり,茅野市豊平3066,長机1～2台程,屋内（風除室含む）,グラスト,"38,000","44,000",要確認,,,,,,,,,,,
,Aコープ長野,Aコープファーマーズサン・ライフ,茅野市玉川神之原3035-1,長机1～2台程,屋内（風除室含む）,グラスト,"38,000","44,000",要確認,,,,,,,,,,,
,Aコープ長野,Aコープきそ,木曽郡木曽町福島塩淵2872,1～2台分程,屋内（風除室含む）,グラスト,"38,000","44,000",要確認,,,,,,,,,,,
,Aコープ長野,Aコープ伊那中央,伊那市狐島4385-1,1～2台分程,屋内（風除室含む）,グラスト,"38,000","44,000",要確認,,,,,,,,,,,
,Aコープ長野,Aコープ美すず,伊那市美篶上原4283-3,現地確認,屋外,グラスト,"38,000","44,000",要確認,,,,,,,,,,,
,Aコープ長野,Aコープこまがね,駒ヶ根市東町3-12,1～2台分程,屋内（風除室含む）,グラスト,"38,000","44,000",要確認,,,,,,,,,,,
,Aコープ長野,Aコープ七久保,上伊那郡飯島町七久保1539-2,現地確認,屋外,グラスト,"38,000","44,000",要確認,,,,,,,,,,,
,Aコープ長野,Aコープリカまつかわ,下伊那郡松川町大字元大島3274-6,1～2台分程,屋内（風除室含む）,グラスト,"38,000","44,000",要確認,,,,,,,,,,,
,Aコープ長野,Aコープたかぎ,下伊那郡喬木村阿島1282,現地確認,屋外,グラスト,"38,000","44,000",要確認,,,,,,,,,,,
,Aコープ長野,Aコープファーマーズいいだ,飯田市曙町142,1～2台分程,屋内（風除室含む）,グラスト,"38,000","44,000",要確認,,,,,,,,,,,
,Aコープ長野,Aコープあいぱんいいだ,飯田市桐林1040-2,1～2台分程,屋内（風除室含む）,グラスト,"38,000","44,000",要確認,,,,,,,,,,,
,Aコープ長野,Aコープ宮田,上伊那郡宮田村3328,現地確認,屋内（風除室含む）,グラスト,"38,000","44,000",要確認,,,,,,,,,,,
,Aコープ長野,Aコープファーマーズうえだ,上田市国分上沖80,1～2台分程,屋内（風除室含む）,グラスト,"38,000","44,000",要確認,,,,,,,,,,,
,Aコープ長野,Aコープ白馬,北安曇郡白馬村北城6398-1,1～2台分程,屋内（風除室含む）,グラスト,"38,000","44,000",要確認,,,,,,,,,,,
,Aコープ長野,Aコープおみ,東筑摩郡麻績村麻3885ｰイ,1台分程,屋内（風除室含む）,グラスト,"38,000","44,000",要確認,,,,,,,,,,,
,コメリ,コメリハード＆グリーン明科,安曇野市明科七貴８９２９番,1.8m×1.8m～,屋内（風除室含む）,グラスト,"35,000","35,000",要確認,,,,契約行為不可,,,,,,,
,コメリ,コメリハード＆グリーン飯島,上伊那郡飯島町七久保１９１１,1.8m×1.8m～,屋内（風除室含む）,グラスト,"35,000","35,000",要確認,,,,契約行為不可,,,,,,,
,コメリ,コメリハード＆グリーン飯田山本,飯田市山本５６２５－１,1.8m×1.8m～,屋内（風除室含む）,グラスト,"35,000","35,000",要確認,,,,契約行為不可,,,,,,,
,コメリ,コメリハード＆グリーン飯田桐林,飯田市桐林１０３７番地－１,1.8m×1.8m～,屋内（風除室含む）,グラスト,"35,000","35,000",要確認,,,,契約行為不可,,,,,,,
,コメリ,コメリハード＆グリーン牟礼,上水内郡飯綱町大字平出字行人塚２９５７－１番地,1.8m×1.8m～,屋内（風除室含む）,グラスト,"35,000","35,000",要確認,,,,契約行為不可,,,,,,,
,コメリ,コメリハード＆グリーン飯山,飯山市大字飯山４７９３－１,1.8m×1.8m～,屋内（風除室含む）,グラスト,"35,000","35,000",要確認,,,,契約行為不可,,,,,,,
,コメリ,コメリハード＆グリーン上牧,伊那市上牧６９００番地,1.8m×1.8m～,屋内（風除室含む）,グラスト,"35,000","35,000",要確認,,,,契約行為不可,,,,,,,
,コメリ,コメリハード＆グリーン伊那,伊那市美篶上川手５７５０－７,1.8m×1.8m～,屋内（風除室含む）,グラスト,"35,000","35,000",要確認,,,,契約行為不可,,,,,,,
,コメリ,コメリハード＆グリーン丸子,上田市長瀬２８４９番地,1.8m×1.8m～,屋内（風除室含む）,グラスト,"35,000","35,000",要確認,,,,契約行為不可,,,,,,,
,コメリ,コメリハード＆グリーン武石,上田市武石沖鳥羽２２４－１,1.8m×1.8m～,屋内（風除室含む）,グラスト,"35,000","35,000",要確認,,,,契約行為不可,,,,,,,
,コメリ,コメリハード＆グリーン上田小泉,上田市小泉１８５番２,1.8m×1.8m～,屋内（風除室含む）,グラスト,"35,000","35,000",要確認,,,,契約行為不可,,,,,,,
,コメリ,コメリハード＆グリーン真田,上田市真田町本原６３２－１０,1.8m×1.8m～,屋内（風除室含む）,グラスト,"35,000","35,000",要確認,,,,契約行為不可,,,,,,,
,コメリ,コメリハード＆グリーン大桑須原,木曽郡大桑村大字須原１０２７－１,1.8m×1.8m～,屋内（風除室含む）,グラスト,"35,000","35,000",要確認,,,,契約行為不可,,,,,,,
,コメリ,コメリハード＆グリーン大町,大町市大字大町１８６６－１,1.8m×1.8m～,屋内（風除室含む）,グラスト,"35,000","35,000",要確認,,,,契約行為不可,,,,,,,
,コメリ,コメリハード＆グリーン長野小川,上水内郡小川村夏和２４４３,1.8m×1.8m～,屋内（風除室含む）,グラスト,"35,000","35,000",要確認,,,,契約行為不可,,,,,,,
,コメリ,コメリハード＆グリーン小布施,上高井郡小布施町中松５６６番地,1.8m×1.8m～,屋内（風除室含む）,グラスト,"35,000","35,000",要確認,,,,契約行為不可,,,,,,,
,コメリ,コメリハード＆グリーン軽井沢,北佐久郡軽井沢町大字長倉字儘田２６９３,1.8m×1.8m～,屋内（風除室含む）,グラスト,"35,000","35,000",要確認,,,,契約行為不可,,,,,,,
,コメリ,コメリハード＆グリーン木島平,下高井郡木島平村上木島字蛭川５６８７番地,1.8m×1.8m～,屋内（風除室含む）,グラスト,"35,000","35,000",要確認,,,,契約行為不可,,,,,,,
,コメリ,コメリハード＆グリーン木曽,木曽郡木曽町日義１７７７番,1.8m×1.8m～,屋内（風除室含む）,グラスト,"35,000","35,000",要確認,,,,契約行為不可,,,,,,,
,コメリ,コメリハード＆グリーン小海,南佐久郡小海町大字豊里１８５６番地,1.8m×1.8m～,屋内（風除室含む）,グラスト,"35,000","35,000",要確認,,,,契約行為不可,,,,,,,
,コメリ,コメリハード＆グリーン駒ヶ根福岡,駒ヶ根市赤穂９２８２－１,1.8m×1.8m～,屋内（風除室含む）,グラスト,"35,000","35,000",要確認,,,,契約行為不可,,,,,,,
,コメリ,コメリハード＆グリーン小諸小原,小諸市小原１６４６－２,1.8m×1.8m～,屋内（風除室含む）,グラスト,"35,000","35,000",要確認,,,,契約行為不可,,,,,,,
,コメリ,コメリハード＆グリーン信濃町,上水内郡信濃町大字古間字土器田８８０,1.8m×1.8m～,屋内（風除室含む）,グラスト,"35,000","35,000",要確認,,,,契約行為不可,,,,,,,
,コメリ,コメリハード＆グリーン須坂,須坂市臥竜六丁目２番２８号,1.8m×1.8m～,屋内（風除室含む）,グラスト,"35,000","35,000",要確認,,,,契約行為不可,,,,,,,
,コメリ,コメリハード＆グリーン諏訪湖南,諏訪市大字湖南３６２３－１,1.8m×1.8m～,屋内（風除室含む）,グラスト,"35,000","35,000",要確認,,,,契約行為不可,,,,,,,
,コメリ,コメリハード＆グリーン高山,上高井郡高山村大字高井字千本前６４３６－１,1.8m×1.8m～,屋内（風除室含む）,グラスト,"35,000","35,000",要確認,,,,契約行為不可,,,,,,,
,コメリ,コメリハード＆グリーン辰野,上伊那郡辰野町大字平出２０５２－２,1.8m×1.8m～,屋内（風除室含む）,グラスト,"35,000","35,000",要確認,,,,契約行為不可,,,,,,,
,コメリ,コメリハード＆グリーン坂北,東筑摩郡筑北村坂北４８６１番１,1.8m×1.8m～,屋内（風除室含む）,グラスト,"35,000","35,000",要確認,,,,契約行為不可,,,,,,,
,コメリ,コメリハード＆グリーン更埴,千曲市大字稲荷山２０５４－１,1.8m×1.8m～,屋内（風除室含む）,グラスト,"35,000","35,000",要確認,,,,契約行為不可,,,,,,,
,コメリ,コメリハード＆グリーン戸倉,千曲市大字上徳間３５８－１,1.8m×1.8m～,屋内（風除室含む）,グラスト,"35,000","35,000",要確認,,,,契約行為不可,,,,,,,
,コメリ,コメリハード＆グリーン上山田,千曲市大字上山田８９９－３,1.8m×1.8m～,屋内（風除室含む）,グラスト,"35,000","35,000",要確認,,,,契約行為不可,,,,,,,
,コメリ,コメリハード＆グリーン茅野玉川,茅野市玉川１０９０４番地,1.8m×1.8m～,屋内（風除室含む）,グラスト,"35,000","35,000",要確認,,,,契約行為不可,,,,,,,
,コメリ,コメリハード＆グリーン豊丘,下伊那郡豊丘村神稲９１１４－１,1.8m×1.8m～,屋内（風除室含む）,グラスト,"35,000","35,000",要確認,,,,契約行為不可,,,,,,,
,コメリ,コメリハード＆グリーン母袋,長野市稲葉字母袋沖７１０,1.8m×1.8m～,屋内（風除室含む）,グラスト,"35,000","35,000",要確認,,,,契約行為不可,,,,,,,
,コメリ,コメリハード＆グリーン安茂里,長野市差出南２－２１－５,1.8m×1.8m～,屋内（風除室含む）,グラスト,"35,000","35,000",要確認,,,,契約行為不可,,,,,,,
,コメリ,コメリハード＆グリーン信州新町,長野市信州新町新町９０５,1.8m×1.8m～,屋内（風除室含む）,グラスト,"35,000","35,000",要確認,,,,契約行為不可,,,,,,,
,コメリ,コメリハード＆グリーン篠ノ井村山,長野市篠ノ井山布施字本郷平８６１１番,1.8m×1.8m～,屋内（風除室含む）,グラスト,"35,000","35,000",要確認,,,,契約行為不可,,,,,,,
,コメリ,コメリハード＆グリーン白馬,北安曇郡白馬村神城２４１９４－４,1.8m×1.8m～,屋内（風除室含む）,グラスト,"35,000","35,000",要確認,,,,契約行為不可,,,,,,,
,コメリ,コメリハード＆グリーン松川,北安曇郡松川村５７９１－９,1.8m×1.8m～,屋内（風除室含む）,グラスト,"35,000","35,000",要確認,,,,契約行為不可,,,,,,,
,コメリ,コメリハード＆グリーン松本島内,松本市大字島内３４４１－１,1.8m×1.8m～,屋内（風除室含む）,グラスト,"35,000","35,000",要確認,,,,契約行為不可,,,,,,,
,コメリ,コメリハード＆グリーン波田,松本市波田５４２２,1.8m×1.8m～,屋内（風除室含む）,グラスト,"35,000","35,000",要確認,,,,契約行為不可,,,,,,,
,コメリ,コメリハード＆グリーン野辺山,南佐久郡南牧村板橋８８０番地１１６,1.8m×1.8m～,屋内（風除室含む）,グラスト,"35,000","35,000",要確認,,,,契約行為不可,,,,,,,
,コメリ,コメリハード＆グリーン南箕輪,上伊那郡南箕輪村２６２９－２,1.8m×1.8m～,屋内（風除室含む）,グラスト,"35,000","35,000",要確認,,,,契約行為不可,,,,,,,
,コメリ,コメリハード＆グリーン上伊那宮田,上伊那郡宮田村大字桜木町１０７番１,1.8m×1.8m～,屋内（風除室含む）,グラスト,"35,000","35,000",要確認,,,,契約行為不可,,,,,,,
,コメリ,コメリハード＆グリーン御代田,北佐久郡御代田町大字馬瀬口字南浦１７７１,1.8m×1.8m～,屋内（風除室含む）,グラスト,"35,000","35,000",要確認,,,,契約行為不可,,,,,,,
,コメリ,コメリハード＆グリーン信州山形,東筑摩郡山形村字北野尻８１６４－２,1.8m×1.8m～,屋内（風除室含む）,グラスト,"35,000","35,000",要確認,,,,契約行為不可,,,,,,,
,コメリ,コメリハード＆グリーン山ノ内,下高井郡山ノ内町大字平穏字川原４１５１－１,1.8m×1.8m～,屋内（風除室含む）,グラスト,"35,000","35,000",要確認,,,,契約行為不可,,,,,,,
,ミノワボウル,ミノワボウル,上伊那郡南箕輪村久保３０２,長机1～2台程,屋内（風除室含む）,グラスト,"30,000","30,000",要確認,,,,,,,,,,,
,ベルシャイン,ベルシャイン伊北,上伊那郡箕輪町中箕輪３０１１−１,長机1～2台程,屋内（風除室含む）,グラスト,"20,000","20,000",要確認,,,,,,,,,,,
,ベルシャイン,ベルシャイン駒ケ根,駒ヶ根市赤穂１５６８,長机1～2台程,屋内（風除室含む）,グラスト,"20,000","20,000",要確認,,,,,,,,,,,
,ショッピングセンターウイングロード,ショッピングセンターウイングロード,塩尻市大門一番町７−１,64㎡,屋内（風除室含む）,グラスト,"18,000","18,000",要確認,,,,,,,,,,,
,アールエフCone,アールエフCone,長野市鶴賀南千歳町８２６,長机1台程,屋内（風除室含む）,グラスト,"40,000","40,000",要確認,,,,,,,,,,,
,オギノ,オギノ茅野ショッピングセンター①　ギフトコーナー,茅野市塚原1丁目17-1,長机2台程,屋内（風除室含む）,グラスト,"30,000","30,000",要確認,,,,,,,,,,,
,オギノ,オギノ茅野ショッピングセンター②　店内スペース,,長机1～2台程,屋内（風除室含む）,グラスト,"20,000","20,000",要確認,,,,,,,,,,,
,イオンタウン,イオンタウン松本村井,松本市村井町南2丁目21-45,10㎡,屋外,ダイエースペース,"32,850","42,850",要確認,,,,"20日・30日は土日祝料金・電気代300円/日　サイネージ料,500円/週",,,,,,,
,ベルビア,ベルビア,茅野市ちの3502-1,長机3台程,屋内（風除室含む）,グラスト,"20,000","20,000",要確認,,,,,,,,,,,
,西友,西友中野駅前,長野県中野市大字岩船字西条境420,,屋内（風除室含む）,グラスト,"30,000","35,000",要確認,,,,,,,,,,,
,カインズ,カインズ中野,長野県中野市七瀬字街渠635,,屋内（風除室含む）,グラスト,"35,000","35,000",要確認,,,,事前研修必須,,,,,,,
,カインズ,カインズ飯山,長野県飯山市静間1967,,屋内（風除室含む）,グラスト,"35,000","35,000",要確認,,,,事前研修必須,,,,,,,
,カインズ,カインズホーム豊野赤沼,長野県長野市大字赤沼2399-1,,屋内（風除室含む）,グラスト,"35,000","35,000",要確認,,,,事前研修必須,,,,,,,
,ラム―,ラム―長野,長野県長野市稲葉2445-6,,屋外,グラスト,"35,000","35,000",要確認,,,,,,,,,,,
,西友,西友古里,長野県長野市上駒沢字寺浦1024-1,,屋内（風除室含む）,グラスト,"30,000","35,000",要確認,,,,,,,,,,,
,西友,西友高田,長野県長野市大字高田字中村沖309-6,,屋内（風除室含む）,グラスト,"30,000","35,000",要確認,,,,,,,,,,,
,西友,西友三本柳,長野県長野市三本柳東2-8,,屋内（風除室含む）,グラスト,"30,000","35,000",要確認,,,,,,,,,,,
,西友,西友篠ノ井,長野県長野市篠ノ井御幣川1219-1,,屋内（風除室含む）,グラスト,"30,000","35,000",要確認,,,,,,,,,,,
,西友,西友西尾張部,長野県長野市大字西尾張部1060-12,,屋内（風除室含む）,グラスト,"30,000","35,000",要確認,,,,,,,,,,,
,西友,西友川中島,長野県長野市川中島町今井字薬師堂1814-1,長机2台程,屋内（風除室含む）,グラスト,"30,000","35,000",要確認,,,,,,,,,,,
,西友,西友長野北,長野県長野市檀田2-19-10,,屋内（風除室含む）,グラスト,"30,000","35,000",要確認,,,,,,,,,,,
,西友,西友南長野,長野県長野市稲里町中央4-8-8,,屋内（風除室含む）,グラスト,"30,000","35,000",要確認,,,,,,,,,,,
,西友,西友日詰,長野県長野市大字稲葉日詰1930-1,,屋内（風除室含む）,グラスト,"30,000","35,000",要確認,,,,,,,,,,,
,あかのれん,あかのれん長野篠ノ井,長野県長野市篠ノ井杵淵字大門東1412,長机1台程,屋内（風除室含む）,グラスト,"27,000","27,000",要確認,,,,,,,,,,,
,ラム―,ラムー須坂長野東インター,長野県須坂市井上1700-13,,屋外,グラスト,"35,000","35,000",要確認,,,,,,,,,,,
,西友,西友須坂,長野県須坂市大字須坂字金井原1539-1,,屋内（風除室含む）,グラスト,"30,000","35,000",要確認,,,,,,,,,,,
,カインズ,カインズホーム更埴,長野県千曲市大字粟佐五丁鋤1112-1,,屋内（風除室含む）,グラスト,"30,000","35,000",要確認,,,,事前研修必須,,,,,,,
,西友,西友粟佐,長野県千曲市大字粟佐1205-1,,屋内（風除室含む）,グラスト,"30,000","35,000",要確認,,,,,,,,,,,
,西友,西友戸倉,長野県千曲市大字戸倉字鎮守1953-1,,屋内（風除室含む）,グラスト,"30,000","35,000",要確認,,,,,,,,,,,
,西友,西友上山田,長野県千曲市大字上山田字神戸879-1,,屋内（風除室含む）,グラスト,"30,000","35,000",要確認,,,,,,,,,,,
,イオン,イオンスタイル上田,長野県上田市常田2-12-18,,屋内（風除室含む）,ダイエースペース,"25,000","30,000",要確認,,,,,,,,,,,
,カインズ,カインズホーム上田,長野県上田市秋和五里堂152-2,,屋内（風除室含む）,グラスト,"35,000","35,000",要確認,,,,事前研修必須,,,,,,,
,ドン・キホーテ,上田店/2Fエレベーターホール区画,長野県上田市上塩尻368-2,2㎡,屋内（風除室含む）,自由市場,"17,000","22,000",要確認,,,,,,,,,,,
,ドン・キホーテ,安曇野インター店/風除室左側スペース,安曇野市豊科南穂高1115,2㎡,屋内（風除室含む）,自由市場,"22,000","32,000",要確認,,,,,,,,,,,
,西友,西友上田東,長野県上田市常田3-298-5,,屋内（風除室含む）,グラスト,"30,000","35,000",要確認,,,,,,,,,,,
,カインズ,カインズ小諸,長野県小諸市滋野甲1442-2,,屋外,グラスト,"35,000","35,000",要確認,,,,,,,,,,,
,アクロスプラザ,アクロスプラザ佐久,長野県佐久市大字岩村田1735-1,,屋内（風除室含む）,グラスト,"25,000","30,000",要確認,,,,,,,,,,,
,ビバホーム,ビバホーム佐久インター,長野県佐久市大字小田井613-1,,屋内（風除室含む）,グラスト,ー,ー,要確認,,,,,,,,,,,
,西友,西友岩村田相生,長野県佐久市大字岩村田字観音堂2119-1,,屋内（風除室含む）,グラスト,"30,000","35,000",要確認,,,,,,,,,,,
,西友,西友佐久野沢,長野県佐久市野沢316-1,,屋内（風除室含む）,グラスト,"30,000","35,000",要確認,,,,,,,,,,,
,西友,西友望月,長野県佐久市協和字下田119-1,,屋内（風除室含む）,グラスト,"30,000","35,000",要確認,,,,,,,,,,,
,西友,西友元町,長野県松本市元町1-2-1,長机1台程,屋内（風除室含む）,グラスト,"30,000","35,000",要確認,,,,,,,,,,,
,ドン・キホーテ,①南松本店/店外,長野県松本市双葉18-22,3.8㎡程度,屋外,グラスト,"25,000","25,000",要確認,,,,,,,,,,,
,ドン・キホーテ,②南松本店/1F風除室右側スペース,長野県松本市双葉18-22,7.2㎡,屋内（風除室含む）,自由市場,"25,000","40,000",要確認,,,,,,,,,,,
,ドン・キホーテ,①茅野店/1F風除室スペース１・２,茅野市宮川1199-1,5.5㎡,屋内（風除室含む）,自由市場,"22,000","42,000",要確認,,,,,,,,,,,
,ドン・キホーテ,②茅野店/1F屋外スペース※キャンペーン専用,茅野市宮川1199-1,12.5㎡,屋外,自由市場,"17,000","27,000",要確認,,,,,,,,,,,
,ドン・キホーテ,佐久平店/風除室スペース,佐久市岩村田1788-2,8㎡,屋内（風除室含む）,自由市場,"25,000","45,000",要確認,,,,,,,,,,,
,ドン・キホーテ,長野駅前店/2F屋外スペース,長野市末広町1355-5,3.8㎡,屋外,自由市場,"16,000","16,000",要確認,,,,,,,,,,,
,ドン・キホーテ,信州中野店/屋外キャンペーンスペース,中野市江部1236,15㎡,屋外,自由市場,"20,000","30,000",要確認,,,,,,,,,,,
,ドン・キホーテ,ザ・ビッグ三郷,長野県安曇野市三郷温2716-1,,屋内（風除室含む）,グラスト,"30,000","35,000",要確認,,,,,,,,,,,
,ドン・キホーテ,ザ・ビッグ穂高,長野県安曇野市穂高有明10368-1,,屋内（風除室含む）,グラスト,"30,000","35,000",要確認,,,,,,,,,,,
,西友,西友大町,長野県大町市大字大町4622-1,,屋内（風除室含む）,グラスト,"30,000","35,000",要確認,,,,,,,,,,,
,西友,西友岡谷南,長野県岡谷市天竜町1-1-25,,屋内（風除室含む）,グラスト,"30,000","35,000",要確認,,,,,,,,,,,
,西友,西友飯田鼎,長野県飯田市鼎550,,屋内（風除室含む）,グラスト,"30,000","35,000",要確認,,,,,,,,,,,
,ベルシャイン,ベルシャイン伊那,長野県伊那市日影435-1,,屋内（風除室含む）,グラスト,"20,000","20,000",要確認,,,,,,,,,,,
,食彩館,双葉食彩館,長野県伊那市御園55,長机2台程,屋内（風除室含む）,グラスト,"20,000","20,000",要確認,,,,,,,,,,,
,デリシア,安茂里店,長野県長野市大字安茂里1524番地,屋外スペース,屋外,スペースラボ,,,要確認,,,,,,,,,,,
,デリシア,豊野店,長野県長野市豊野町豊野沖581-1,屋外スペース,屋外,スペースラボ,,,要確認,,,,,,,,,,,
,レイクウォーク,岡谷【アピタ岡谷店】,長野県岡谷市銀座一丁目1番5号,東側エスカレーター横1,屋内（風除室含む）,,,,要確認,,,,,,,,,,,
,レイクウォーク,岡谷【アピタ岡谷店】,長野県岡谷市銀座一丁目1番5号,東側エスカレーター横2,屋内（風除室含む）,,,,要確認,,,,,,,,,,,
,レイクウォーク,岡谷【アピタ岡谷店】,長野県岡谷市銀座一丁目1番5号,フードコート前,屋内（風除室含む）,,,,要確認,,,,,,,,,,,
,レイクウォーク,岡谷【アピタ岡谷店】,長野県岡谷市銀座一丁目1番5号,吹き抜け GU前,屋内（風除室含む）,,,,要確認,,,,,,,,,,,
,レイクウォーク,岡谷【アピタ岡谷店】,長野県岡谷市銀座一丁目1番5号,レイクコート,屋内（風除室含む）,,,,要確認,,,,,,,,,,,
,レイクウォーク,岡谷【アピタ岡谷店】,長野県岡谷市銀座一丁目1番5号,サービスカウンター前,屋内（風除室含む）,,,,要確認,,,,,,,,,,,
,アピタ,飯田店/1F出入り口,飯田市鼎名古熊2461番地,,屋外,自由市場,要確認,要確認,要確認,,,,,,,,,,,
,イオン,イオン木曽福島店　1F 衣料館入口,長野県木曽郡木曽町福島5398-1,要確認,屋内（風除室含む）,スペースラボ,要確認,要確認,要確認,,,,都度申請※決裁の都合上、開催日の1か月前締め切り/回答まで1週間前後,,,,,,,
,イオン,イオン諏訪ステーションパーク店　生花売場前スぺース,長野県茅野市中沖10-3,要確認,屋内（風除室含む）,スペースラボ,要確認,要確認,要確認,,,,都度申請※決裁の都合上、開催日の1か月前締め切り/回答まで1週間前後,,,,,,,
,イオン,イオン須坂駅前店　エレベータ前催事場,長野県須坂市馬場町1288,要確認,屋内（風除室含む）,スペースラボ,要確認,要確認,要確認,,,,都度申請※決裁の都合上、開催日の1か月前締め切り/回答まで1週間前後,,,,,,,
,イオン,イオンタウン長野三輪　１階　食品スーパーレジ前,長野市三輪九丁目43番24号,要確認,屋内（風除室含む）,ダイエースペース,"22,850","32,850",要確認,,,,都度申請※決裁の都合上、開催日の1か月前締め切り/回答まで1週間前後,,,,,,,
,イオン,ザ・ビッグ長野東店　風除室,長野市石渡22-1,要確認,屋内（風除室含む）,ダイエースペース,"12,000","18,000",要確認,,,,,,,,,,,
,イオン,ザ・ビッグ信州池田店　店内スペース,北安曇郡池田町会染６４４２－９,要確認,屋内（風除室含む）,ダイエースペース,"12,000","18,000",要確認,,,,,,,,,,,
,イオン,イオン木曽福島店,木曽郡木曽町福島５３９８－１,要確認,屋内（風除室含む）,ダイエースペース,"15,000","20,000",要確認,,,,,,,,,,,
,,,,,,,,,,,,,,,,,,,,
,,,,,,,,,,,,,,,,,,,,
,,,,,,,,,,,,,,,,,,,,
,,,,,,,,,,,,,,,,,,,,
,,,,,,,,,,,,,,,,,,,,
,,,,,,,,,,,,,,,,,,,,
,,,,,,,,,,,,,,,,,,,,
,,,,,,,,,,,,,,,,,,,,
,,,,,,,,,,,,,,,,,,,,
,,,,,,,,,,,,,,,,,,,,
,,,,,,,,,,,,,,,,,,,,
,,,,,,,,,,,,,,,,,,,,
,,,,,,,,,,,,,,,,,,,,
,,,,,,,,,,,,,,,,,,,,
,,,,,,,,,,,,,,,,,,,,
,,,,,,,,,,,,,,,,,,,,
,,,,,,,,,,,,,,,,,,,,
,,,,,,,,,,,,,,,,,,,,
,,,,,,,,,,,,,,,,,,,,
,,,,,,,,,,,,,,,,,,,,
,,,,,,,,,,,,,,,,,,,,
,,,,,,,,,,,,,,,,,,,,
,,,,,,,,,,,,,,,,,,,,
,,,,,,,,,,,,,,,,,,,,
,,,,,,,,,,,,,,,,,,,,
,,,,,,,,,,,,,,,,,,,,
,,,,,,,,,,,,,,,,,,,,
,,,,,,,,,,,,,,,,,,,,
,,,,,,,,,,,,,,,,,,,,
,,,,,,,,,,,,,,,,,,,,
,,,,,,,,,,,,,,,,,,,,
,,,,,,,,,,,,,,,,,,,,
,,,,,,,,,,,,,,,,,,,,
,,,,,,,,,,,,,,,,,,,,
,,,,,,,,,,,,,,,,,,,,
,,,,,,,,,,,,,,,,,,,,
,,,,,,,,,,,,,,,,,,,,
,,,,,,,,,,,,,,,,,,,,
,,,,,,,,,,,,,,,,,,,,
,,,,,,,,,,,,,,,,,,,,
,,,,,,,,,,,,,,,,,,,,
,,,,,,,,,,,,,,,,,,,,
,,,,,,,,,,,,,,,,,,,,
,,,,,,,,,,,,,,,,,,,,
,,,,,,,,,,,,,,,,,,,,
,,,,,,,,,,,,,,,,,,,,
,,,,,,,,,,,,,,,,,,,,
,,,,,,,,,,,,,,,,,,,,
,,,,,,,,,,,,,,,,,,,,
,,,,,,,,,,,,,,,,,,,,
,,,,,,,,,,,,,,,,,,,,
,,,,,,,,,,,,,,,,,,,,
,,,,,,,,,,,,,,,,,,,,
,,,,,,,,,,,,,,,,,,,,
,,,,,,,,,,,,,,,,,,,,
,,,,,,,,,,,,,,,,,,,,
,,,,,,,,,,,,,,,,,,,,
,,,,,,,,,,,,,,,,,,,,
,,,,,,,,,,,,,,,,,,,,
,,,,,,,,,,,,,,,,,,,,
,,,,,,,,,,,,,,,,,,,,
,,,,,,,,,,,,,,,,,,,,
,,,,,,,,,,,,,,,,,,,,
,,,,,,,,,,,,,,,,,,,,
,,,,,,,,,,,,,,,,,,,,
,,,,,,,,,,,,,,,,,,,,
,,,,,,,,,,,,,,,,,,,,
,,,,,,,,,,,,,,,,,,,,
,,,,,,,,,,,,,,,,,,,,
,,,,,,,,,,,,,,,,,,,,
,,,,,,,,,,,,,,,,,,,,
,,,,,,,,,,,,,,,,,,,,
,,,,,,,,,,,,,,,,,,,,
,,,,,,,,,,,,,,,,,,,,
,,,,,,,,,,,,,,,,,,,,
,,,,,,,,,,,,,,,,,,,,
,,,,,,,,,,,,,,,,,,,,
,,,,,,,,,,,,,,,,,,,,
,,,,,,,,,,,,,,,,,,,,
,,,,,,,,,,,,,,,,,,,,
,,,,,,,,,,,,,,,,,,,,
,,,,,,,,,,,,,,,,,,,,
,,,,,,,,,,,,,,,,,,,,
,,,,,,,,,,,,,,,,,,,,
,,,,,,,,,,,,,,,,,,,,
,,,,,,,,,,,,,,,,,,,,
,,,,,,,,,,,,,,,,,,,,
,,,,,,,,,,,,,,,,,,,,
,,,,,,,,,,,,,,,,,,,,
,,,,,,,,,,,,,,,,,,,,
,,,,,,,,,,,,,,,,,,,,
,,,,,,,,,,,,,,,,,,,,
,,,,,,,,,,,,,,,,,,,,
,,,,,,,,,,,,,,,,,,,,
,,,,,,,,,,,,,,,,,,,,
,,,,,,,,,,,,,,,,,,,,
,,,,,,,,,,,,,,,,,,,,
,,,,,,,,,,,,,,,,,,,,
,,,,,,,,,,,,,,,,,,,,
,,,,,,,,,,,,,,,,,,,,
,,,,,,,,,,,,,,,,,,,,
,,,,,,,,,,,,,,,,,,,,
,,,,,,,,,,,,,,,,,,,,
,,,,,,,,,,,,,,,,,,,,
,,,,,,,,,,,,,,,,,,,,
,,,,,,,,,,,,,,,,,,,,
,,,,,,,,,,,,,,,,,,,,
,,,,,,,,,,,,,,,,,,,,
,,,,,,,,,,,,,,,,,,,,
,,,,,,,,,,,,,,,,,,,,
,,,,,,,,,,,,,,,,,,,,
,,,,,,,,,,,,,,,,,,,,
,,,,,,,,,,,,,,,,,,,,
,,,,,,,,,,,,,,,,,,,,
,,,,,,,,,,,,,,,,,,,,
,,,,,,,,,,,,,,,,,,,,
,,,,,,,,,,,,,,,,,,,,
,,,,,,,,,,,,,,,,,,,,
,,,,,,,,,,,,,,,,,,,,
,,,,,,,,,,,,,,,,,,,,
,,,,,,,,,,,,,,,,,,,,
,,,,,,,,,,,,,,,,,,,,
,,,,,,,,,,,,,,,,,,,,
,,,,,,,,,,,,,,,,,,,,
,,,,,,,,,,,,,,,,,,,,
,,,,,,,,,,,,,,,,,,,,
,,,,,,,,,,,,,,,,,,,,
,,,,,,,,,,,,,,,,,,,,
,,,,,,,,,,,,,,,,,,,,
,,,,,,,,,,,,,,,,,,,,
,,,,,,,,,,,,,,,,,,,,
,,,,,,,,,,,,,,,,,,,,
,,,,,,,,,,,,,,,,,,,,
,,,,,,,,,,,,,,,,,,,,
,,,,,,,,,,,,,,,,,,,,
,,,,,,,,,,,,,,,,,,,,
,,,,,,,,,,,,,,,,,,,,
,,,,,,,,,,,,,,,,,,,,
,,,,,,,,,,,,,,,,,,,,
,,,,,,,,,,,,,,,,,,,,
,,,,,,,,,,,,,,,,,,,,
,,,,,,,,,,,,,,,,,,,,
,,,,,,,,,,,,,,,,,,,,
,,,,,,,,,,,,,,,,,,,,
,,,,,,,,,,,,,,,,,,,,
,,,,,,,,,,,,,,,,,,,,
,,,,,,,,,,,,,,,,,,,,
,,,,,,,,,,,,,,,,,,,,
,,,,,,,,,,,,,,,,,,,,
,,,,,,,,,,,,,,,,,,,,
,,,,,,,,,,,,,,,,,,,,
,,,,,,,,,,,,,,,,,,,,
,,,,,,,,,,,,,,,,,,,,
,,,,,,,,,,,,,,,,,,,,
,,,,,,,,,,,,,,,,,,,,
,,,,,,,,,,,,,,,,,,,,
,,,,,,,,,,,,,,,,,,,,
,,,,,,,,,,,,,,,,,,,,
,,,,,,,,,,,,,,,,,,,,
,,,,,,,,,,,,,,,,,,,,
,,,,,,,,,,,,,,,,,,,,
,,,,,,,,,,,,,,,,,,,,
,,,,,,,,,,,,,,,,,,,,
,,,,,,,,,,,,,,,,,,,,
,,,,,,,,,,,,,,,,,,,,
,,,,,,,,,,,,,,,,,,,,
,,,,,,,,,,,,,,,,,,,,
,,,,,,,,,,,,,,,,,,,,
,,,,,,,,,,,,,,,,,,,,
,,,,,,,,,,,,,,,,,,,,
,,,,,,,,,,,,,,,,,,,,
,,,,,,,,,,,,,,,,,,,,
,,,,,,,,,,,,,,,,,,,,
,,,,,,,,,,,,,,,,,,,,
,,,,,,,,,,,,,,,,,,,,
,,,,,,,,,,,,,,,,,,,,
,,,,,,,,,,,,,,,,,,,,
,,,,,,,,,,,,,,,,,,,,
,,,,,,,,,,,,,,,,,,,,
,,,,,,,,,,,,,,,,,,,,
,,,,,,,,,,,,,,,,,,,,
,,,,,,,,,,,,,,,,,,,,
,,,,,,,,,,,,,,,,,,,,
,,,,,,,,,,,,,,,,,,,,
,,,,,,,,,,,,,,,,,,,,
,,,,,,,,,,,,,,,,,,,,
,,,,,,,,,,,,,,,,,,,,
,,,,,,,,,,,,,,,,,,,,
,,,,,,,,,,,,,,,,,,,,
,,,,,,,,,,,,,,,,,,,,
,,,,,,,,,,,,,,,,,,,,
,,,,,,,,,,,,,,,,,,,,
,,,,,,,,,,,,,,,,,,,,
,,,,,,,,,,,,,,,,,,,,
,,,,,,,,,,,,,,,,,,,,
,,,,,,,,,,,,,,,,,,,,
,,,,,,,,,,,,,,,,,,,,
,,,,,,,,,,,,,,,,,,,,
,,,,,,,,,,,,,,,,,,,,
,,,,,,,,,,,,,,,,,,,,
,,,,,,,,,,,,,,,,,,,,
,,,,,,,,,,,,,,,,,,,,
,,,,,,,,,,,,,,,,,,,,
,,,,,,,,,,,,,,,,,,,,
,,,,,,,,,,,,,,,,,,,,
,,,,,,,,,,,,,,,,,,,,
,,,,,,,,,,,,,,,,,,,,
,,,,,,,,,,,,,,,,,,,,
,,,,,,,,,,,,,,,,,,,,
,,,,,,,,,,,,,,,,,,,,
4.7坪(16㎡),,,,,,,,,,,,,,,,,,,,